solid ASCII
  facet normal 9.987165e-01 0.000000e+00 5.064917e-02
    outer loop
      vertex   3.034351e+00 1.200000e+01 3.085634e-01
      vertex   3.034351e+00 5.000000e+00 3.085634e-01
      vertex   3.050000e+00 1.200000e+01 -3.735173e-16
    endloop
  endfacet
  facet normal 9.987165e-01 0.000000e+00 5.064917e-02
    outer loop
      vertex   3.050000e+00 1.200000e+01 -3.735173e-16
      vertex   3.034351e+00 5.000000e+00 3.085634e-01
      vertex   3.050000e+00 5.000000e+00 -3.735173e-16
    endloop
  endfacet
  facet normal 9.987165e-01 0.000000e+00 -5.064917e-02
    outer loop
      vertex   3.050000e+00 1.200000e+01 -3.735173e-16
      vertex   3.050000e+00 5.000000e+00 -3.735173e-16
      vertex   3.034351e+00 1.200000e+01 -3.085634e-01
    endloop
  endfacet
  facet normal 9.987165e-01 0.000000e+00 -5.064917e-02
    outer loop
      vertex   3.034351e+00 1.200000e+01 -3.085634e-01
      vertex   3.050000e+00 5.000000e+00 -3.735173e-16
      vertex   3.034351e+00 5.000000e+00 -3.085634e-01
    endloop
  endfacet
  facet normal 9.884683e-01 0.000000e+00 -1.514278e-01
    outer loop
      vertex   3.034351e+00 1.200000e+01 -3.085634e-01
      vertex   3.034351e+00 5.000000e+00 -3.085634e-01
      vertex   2.987566e+00 1.200000e+01 -6.139605e-01
    endloop
  endfacet
  facet normal 9.884683e-01 0.000000e+00 -1.514278e-01
    outer loop
      vertex   2.987566e+00 1.200000e+01 -6.139605e-01
      vertex   3.034351e+00 5.000000e+00 -3.085634e-01
      vertex   2.987566e+00 5.000000e+00 -6.139605e-01
    endloop
  endfacet
  facet normal 9.680771e-01 0.000000e+00 -2.506525e-01
    outer loop
      vertex   2.987566e+00 1.200000e+01 -6.139605e-01
      vertex   2.987566e+00 5.000000e+00 -6.139605e-01
      vertex   2.910125e+00 1.200000e+01 -9.130575e-01
    endloop
  endfacet
  facet normal 9.680771e-01 0.000000e+00 -2.506525e-01
    outer loop
      vertex   2.910125e+00 1.200000e+01 -9.130575e-01
      vertex   2.987566e+00 5.000000e+00 -6.139605e-01
      vertex   2.910125e+00 5.000000e+00 -9.130575e-01
    endloop
  endfacet
  facet normal 9.377521e-01 0.000000e+00 -3.473053e-01
    outer loop
      vertex   2.910125e+00 1.200000e+01 -9.130575e-01
      vertex   2.910125e+00 5.000000e+00 -9.130575e-01
      vertex   2.802821e+00 1.200000e+01 -1.202785e+00
    endloop
  endfacet
  facet normal 9.377521e-01 0.000000e+00 -3.473053e-01
    outer loop
      vertex   2.802821e+00 1.200000e+01 -1.202785e+00
      vertex   2.910125e+00 5.000000e+00 -9.130575e-01
      vertex   2.802821e+00 5.000000e+00 -1.202785e+00
    endloop
  endfacet
  facet normal 8.978045e-01 0.000000e+00 -4.403942e-01
    outer loop
      vertex   2.802821e+00 1.200000e+01 -1.202785e+00
      vertex   2.802821e+00 5.000000e+00 -1.202785e+00
      vertex   2.666757e+00 1.200000e+01 -1.480171e+00
    endloop
  endfacet
  facet normal 8.978045e-01 0.000000e+00 -4.403942e-01
    outer loop
      vertex   2.666757e+00 1.200000e+01 -1.480171e+00
      vertex   2.802821e+00 5.000000e+00 -1.202785e+00
      vertex   2.666757e+00 5.000000e+00 -1.480171e+00
    endloop
  endfacet
  facet normal 8.486443e-01 0.000000e+00 -5.289640e-01
    outer loop
      vertex   2.666757e+00 1.200000e+01 -1.480171e+00
      vertex   2.666757e+00 5.000000e+00 -1.480171e+00
      vertex   2.503328e+00 1.200000e+01 -1.742368e+00
    endloop
  endfacet
  facet normal 8.486443e-01 0.000000e+00 -5.289640e-01
    outer loop
      vertex   2.503328e+00 1.200000e+01 -1.742368e+00
      vertex   2.666757e+00 5.000000e+00 -1.480171e+00
      vertex   2.503328e+00 5.000000e+00 -1.742368e+00
    endloop
  endfacet
  facet normal 7.907757e-01 0.000000e+00 -6.121060e-01
    outer loop
      vertex   2.503328e+00 1.200000e+01 -1.742368e+00
      vertex   2.503328e+00 5.000000e+00 -1.742368e+00
      vertex   2.314212e+00 1.200000e+01 -1.986686e+00
    endloop
  endfacet
  facet normal 7.907757e-01 0.000000e+00 -6.121060e-01
    outer loop
      vertex   2.314212e+00 1.200000e+01 -1.986686e+00
      vertex   2.503328e+00 5.000000e+00 -1.742368e+00
      vertex   2.314212e+00 5.000000e+00 -1.986686e+00
    endloop
  endfacet
  facet normal 7.247928e-01 0.000000e+00 -6.889669e-01
    outer loop
      vertex   2.314212e+00 1.200000e+01 -1.986686e+00
      vertex   2.314212e+00 5.000000e+00 -1.986686e+00
      vertex   2.101349e+00 1.200000e+01 -2.210618e+00
    endloop
  endfacet
  facet normal 7.247928e-01 0.000000e+00 -6.889669e-01
    outer loop
      vertex   2.101349e+00 1.200000e+01 -2.210618e+00
      vertex   2.314212e+00 5.000000e+00 -1.986686e+00
      vertex   2.101349e+00 5.000000e+00 -2.210618e+00
    endloop
  endfacet
  facet normal 6.513725e-01 0.000000e+00 -7.587581e-01
    outer loop
      vertex   2.101349e+00 1.200000e+01 -2.210618e+00
      vertex   2.101349e+00 5.000000e+00 -2.210618e+00
      vertex   1.866923e+00 1.200000e+01 -2.411866e+00
    endloop
  endfacet
  facet normal 6.513725e-01 0.000000e+00 -7.587581e-01
    outer loop
      vertex   1.866923e+00 1.200000e+01 -2.411866e+00
      vertex   2.101349e+00 5.000000e+00 -2.210618e+00
      vertex   1.866923e+00 5.000000e+00 -2.411866e+00
    endloop
  endfacet
  facet normal 5.712682e-01 0.000000e+00 -8.207634e-01
    outer loop
      vertex   1.866923e+00 1.200000e+01 -2.411866e+00
      vertex   1.866923e+00 5.000000e+00 -2.411866e+00
      vertex   1.613340e+00 1.200000e+01 -2.588365e+00
    endloop
  endfacet
  facet normal 5.712682e-01 0.000000e+00 -8.207634e-01
    outer loop
      vertex   1.613340e+00 1.200000e+01 -2.588365e+00
      vertex   1.866923e+00 5.000000e+00 -2.411866e+00
      vertex   1.613340e+00 5.000000e+00 -2.588365e+00
    endloop
  endfacet
  facet normal 4.853020e-01 0.000000e+00 -8.743466e-01
    outer loop
      vertex   1.613340e+00 1.200000e+01 -2.588365e+00
      vertex   1.613340e+00 5.000000e+00 -2.588365e+00
      vertex   1.343202e+00 1.200000e+01 -2.738304e+00
    endloop
  endfacet
  facet normal 4.853020e-01 0.000000e+00 -8.743466e-01
    outer loop
      vertex   1.343202e+00 1.200000e+01 -2.738304e+00
      vertex   1.613340e+00 5.000000e+00 -2.588365e+00
      vertex   1.343202e+00 5.000000e+00 -2.738304e+00
    endloop
  endfacet
  facet normal 3.943559e-01 0.000000e+00 -9.189578e-01
    outer loop
      vertex   1.343202e+00 1.200000e+01 -2.738304e+00
      vertex   1.343202e+00 5.000000e+00 -2.738304e+00
      vertex   1.059281e+00 1.200000e+01 -2.860144e+00
    endloop
  endfacet
  facet normal 3.943559e-01 0.000000e+00 -9.189578e-01
    outer loop
      vertex   1.059281e+00 1.200000e+01 -2.860144e+00
      vertex   1.343202e+00 5.000000e+00 -2.738304e+00
      vertex   1.059281e+00 5.000000e+00 -2.860144e+00
    endloop
  endfacet
  facet normal 2.993631e-01 0.000000e+00 -9.541393e-01
    outer loop
      vertex   1.059281e+00 1.200000e+01 -2.860144e+00
      vertex   1.059281e+00 5.000000e+00 -2.860144e+00
      vertex   7.644902e-01 1.200000e+01 -2.952635e+00
    endloop
  endfacet
  facet normal 2.993631e-01 0.000000e+00 -9.541393e-01
    outer loop
      vertex   7.644902e-01 1.200000e+01 -2.952635e+00
      vertex   1.059281e+00 5.000000e+00 -2.860144e+00
      vertex   7.644902e-01 5.000000e+00 -2.952635e+00
    endloop
  endfacet
  facet normal 2.012985e-01 0.000000e+00 -9.795299e-01
    outer loop
      vertex   7.644902e-01 1.200000e+01 -2.952635e+00
      vertex   7.644902e-01 5.000000e+00 -2.952635e+00
      vertex   4.618547e-01 1.200000e+01 -3.014828e+00
    endloop
  endfacet
  facet normal 2.012985e-01 0.000000e+00 -9.795299e-01
    outer loop
      vertex   4.618547e-01 1.200000e+01 -3.014828e+00
      vertex   7.644902e-01 5.000000e+00 -2.952635e+00
      vertex   4.618547e-01 5.000000e+00 -3.014828e+00
    endloop
  endfacet
  facet normal 1.011683e-01 0.000000e+00 -9.948693e-01
    outer loop
      vertex   4.618547e-01 1.200000e+01 -3.014828e+00
      vertex   4.618547e-01 5.000000e+00 -3.014828e+00
      vertex   1.544800e-01 1.200000e+01 -3.046085e+00
    endloop
  endfacet
  facet normal 1.011683e-01 0.000000e+00 -9.948693e-01
    outer loop
      vertex   1.544800e-01 1.200000e+01 -3.046085e+00
      vertex   4.618547e-01 5.000000e+00 -3.014828e+00
      vertex   1.544800e-01 5.000000e+00 -3.046085e+00
    endloop
  endfacet
  facet normal -0.000000e+00 -0.000000e+00 -1.000000e+00
    outer loop
      vertex   1.544800e-01 1.200000e+01 -3.046085e+00
      vertex   1.544800e-01 5.000000e+00 -3.046085e+00
      vertex   -1.544800e-01 1.200000e+01 -3.046085e+00
    endloop
  endfacet
  facet normal 0.000000e+00 0.000000e+00 -1.000000e+00
    outer loop
      vertex   -1.544800e-01 1.200000e+01 -3.046085e+00
      vertex   1.544800e-01 5.000000e+00 -3.046085e+00
      vertex   -1.544800e-01 5.000000e+00 -3.046085e+00
    endloop
  endfacet
  facet normal -1.011683e-01 -0.000000e+00 -9.948693e-01
    outer loop
      vertex   -1.544800e-01 1.200000e+01 -3.046085e+00
      vertex   -1.544800e-01 5.000000e+00 -3.046085e+00
      vertex   -4.618547e-01 1.200000e+01 -3.014828e+00
    endloop
  endfacet
  facet normal -1.011683e-01 -0.000000e+00 -9.948693e-01
    outer loop
      vertex   -4.618547e-01 1.200000e+01 -3.014828e+00
      vertex   -1.544800e-01 5.000000e+00 -3.046085e+00
      vertex   -4.618547e-01 5.000000e+00 -3.014828e+00
    endloop
  endfacet
  facet normal -2.012985e-01 -0.000000e+00 -9.795299e-01
    outer loop
      vertex   -4.618547e-01 1.200000e+01 -3.014828e+00
      vertex   -4.618547e-01 5.000000e+00 -3.014828e+00
      vertex   -7.644902e-01 1.200000e+01 -2.952635e+00
    endloop
  endfacet
  facet normal -2.012985e-01 -0.000000e+00 -9.795299e-01
    outer loop
      vertex   -7.644902e-01 1.200000e+01 -2.952635e+00
      vertex   -4.618547e-01 5.000000e+00 -3.014828e+00
      vertex   -7.644902e-01 5.000000e+00 -2.952635e+00
    endloop
  endfacet
  facet normal -2.993631e-01 -0.000000e+00 -9.541393e-01
    outer loop
      vertex   -7.644902e-01 1.200000e+01 -2.952635e+00
      vertex   -7.644902e-01 5.000000e+00 -2.952635e+00
      vertex   -1.059281e+00 1.200000e+01 -2.860144e+00
    endloop
  endfacet
  facet normal -2.993631e-01 -0.000000e+00 -9.541393e-01
    outer loop
      vertex   -1.059281e+00 1.200000e+01 -2.860144e+00
      vertex   -7.644902e-01 5.000000e+00 -2.952635e+00
      vertex   -1.059281e+00 5.000000e+00 -2.860144e+00
    endloop
  endfacet
  facet normal -3.943559e-01 -0.000000e+00 -9.189578e-01
    outer loop
      vertex   -1.059281e+00 1.200000e+01 -2.860144e+00
      vertex   -1.059281e+00 5.000000e+00 -2.860144e+00
      vertex   -1.343202e+00 1.200000e+01 -2.738304e+00
    endloop
  endfacet
  facet normal -3.943559e-01 -0.000000e+00 -9.189578e-01
    outer loop
      vertex   -1.343202e+00 1.200000e+01 -2.738304e+00
      vertex   -1.059281e+00 5.000000e+00 -2.860144e+00
      vertex   -1.343202e+00 5.000000e+00 -2.738304e+00
    endloop
  endfacet
  facet normal -4.853020e-01 -0.000000e+00 -8.743466e-01
    outer loop
      vertex   -1.343202e+00 1.200000e+01 -2.738304e+00
      vertex   -1.343202e+00 5.000000e+00 -2.738304e+00
      vertex   -1.613340e+00 1.200000e+01 -2.588365e+00
    endloop
  endfacet
  facet normal -4.853020e-01 -0.000000e+00 -8.743466e-01
    outer loop
      vertex   -1.613340e+00 1.200000e+01 -2.588365e+00
      vertex   -1.343202e+00 5.000000e+00 -2.738304e+00
      vertex   -1.613340e+00 5.000000e+00 -2.588365e+00
    endloop
  endfacet
  facet normal -5.712682e-01 -0.000000e+00 -8.207634e-01
    outer loop
      vertex   -1.613340e+00 1.200000e+01 -2.588365e+00
      vertex   -1.613340e+00 5.000000e+00 -2.588365e+00
      vertex   -1.866923e+00 1.200000e+01 -2.411866e+00
    endloop
  endfacet
  facet normal -5.712682e-01 -0.000000e+00 -8.207634e-01
    outer loop
      vertex   -1.866923e+00 1.200000e+01 -2.411866e+00
      vertex   -1.613340e+00 5.000000e+00 -2.588365e+00
      vertex   -1.866923e+00 5.000000e+00 -2.411866e+00
    endloop
  endfacet
  facet normal -6.513725e-01 -0.000000e+00 -7.587581e-01
    outer loop
      vertex   -1.866923e+00 1.200000e+01 -2.411866e+00
      vertex   -1.866923e+00 5.000000e+00 -2.411866e+00
      vertex   -2.101349e+00 1.200000e+01 -2.210618e+00
    endloop
  endfacet
  facet normal -6.513725e-01 -0.000000e+00 -7.587581e-01
    outer loop
      vertex   -2.101349e+00 1.200000e+01 -2.210618e+00
      vertex   -1.866923e+00 5.000000e+00 -2.411866e+00
      vertex   -2.101349e+00 5.000000e+00 -2.210618e+00
    endloop
  endfacet
  facet normal -7.247928e-01 -0.000000e+00 -6.889669e-01
    outer loop
      vertex   -2.101349e+00 1.200000e+01 -2.210618e+00
      vertex   -2.101349e+00 5.000000e+00 -2.210618e+00
      vertex   -2.314212e+00 1.200000e+01 -1.986686e+00
    endloop
  endfacet
  facet normal -7.247928e-01 -0.000000e+00 -6.889669e-01
    outer loop
      vertex   -2.314212e+00 1.200000e+01 -1.986686e+00
      vertex   -2.101349e+00 5.000000e+00 -2.210618e+00
      vertex   -2.314212e+00 5.000000e+00 -1.986686e+00
    endloop
  endfacet
  facet normal -7.907757e-01 -0.000000e+00 -6.121060e-01
    outer loop
      vertex   -2.314212e+00 1.200000e+01 -1.986686e+00
      vertex   -2.314212e+00 5.000000e+00 -1.986686e+00
      vertex   -2.503328e+00 1.200000e+01 -1.742368e+00
    endloop
  endfacet
  facet normal -7.907757e-01 -0.000000e+00 -6.121060e-01
    outer loop
      vertex   -2.503328e+00 1.200000e+01 -1.742368e+00
      vertex   -2.314212e+00 5.000000e+00 -1.986686e+00
      vertex   -2.503328e+00 5.000000e+00 -1.742368e+00
    endloop
  endfacet
  facet normal -8.486443e-01 -0.000000e+00 -5.289640e-01
    outer loop
      vertex   -2.503328e+00 1.200000e+01 -1.742368e+00
      vertex   -2.503328e+00 5.000000e+00 -1.742368e+00
      vertex   -2.666757e+00 1.200000e+01 -1.480171e+00
    endloop
  endfacet
  facet normal -8.486443e-01 -0.000000e+00 -5.289640e-01
    outer loop
      vertex   -2.666757e+00 1.200000e+01 -1.480171e+00
      vertex   -2.503328e+00 5.000000e+00 -1.742368e+00
      vertex   -2.666757e+00 5.000000e+00 -1.480171e+00
    endloop
  endfacet
  facet normal -8.978045e-01 -0.000000e+00 -4.403942e-01
    outer loop
      vertex   -2.666757e+00 1.200000e+01 -1.480171e+00
      vertex   -2.666757e+00 5.000000e+00 -1.480171e+00
      vertex   -2.802821e+00 1.200000e+01 -1.202785e+00
    endloop
  endfacet
  facet normal -8.978045e-01 -0.000000e+00 -4.403942e-01
    outer loop
      vertex   -2.802821e+00 1.200000e+01 -1.202785e+00
      vertex   -2.666757e+00 5.000000e+00 -1.480171e+00
      vertex   -2.802821e+00 5.000000e+00 -1.202785e+00
    endloop
  endfacet
  facet normal -9.377521e-01 -0.000000e+00 -3.473053e-01
    outer loop
      vertex   -2.802821e+00 1.200000e+01 -1.202785e+00
      vertex   -2.802821e+00 5.000000e+00 -1.202785e+00
      vertex   -2.910125e+00 1.200000e+01 -9.130575e-01
    endloop
  endfacet
  facet normal -9.377521e-01 -0.000000e+00 -3.473053e-01
    outer loop
      vertex   -2.910125e+00 1.200000e+01 -9.130575e-01
      vertex   -2.802821e+00 5.000000e+00 -1.202785e+00
      vertex   -2.910125e+00 5.000000e+00 -9.130575e-01
    endloop
  endfacet
  facet normal -9.680771e-01 -0.000000e+00 -2.506525e-01
    outer loop
      vertex   -2.910125e+00 1.200000e+01 -9.130575e-01
      vertex   -2.910125e+00 5.000000e+00 -9.130575e-01
      vertex   -2.987566e+00 1.200000e+01 -6.139605e-01
    endloop
  endfacet
  facet normal -9.680771e-01 -0.000000e+00 -2.506525e-01
    outer loop
      vertex   -2.987566e+00 1.200000e+01 -6.139605e-01
      vertex   -2.910125e+00 5.000000e+00 -9.130575e-01
      vertex   -2.987566e+00 5.000000e+00 -6.139605e-01
    endloop
  endfacet
  facet normal -9.884683e-01 -0.000000e+00 -1.514278e-01
    outer loop
      vertex   -2.987566e+00 1.200000e+01 -6.139605e-01
      vertex   -2.987566e+00 5.000000e+00 -6.139605e-01
      vertex   -3.034351e+00 1.200000e+01 -3.085634e-01
    endloop
  endfacet
  facet normal -9.884683e-01 -0.000000e+00 -1.514278e-01
    outer loop
      vertex   -3.034351e+00 1.200000e+01 -3.085634e-01
      vertex   -2.987566e+00 5.000000e+00 -6.139605e-01
      vertex   -3.034351e+00 5.000000e+00 -3.085634e-01
    endloop
  endfacet
  facet normal -9.987165e-01 -0.000000e+00 -5.064917e-02
    outer loop
      vertex   -3.034351e+00 1.200000e+01 -3.085634e-01
      vertex   -3.034351e+00 5.000000e+00 -3.085634e-01
      vertex   -3.050000e+00 1.200000e+01 0.000000e+00
    endloop
  endfacet
  facet normal -9.987165e-01 -0.000000e+00 -5.064917e-02
    outer loop
      vertex   -3.050000e+00 1.200000e+01 0.000000e+00
      vertex   -3.034351e+00 5.000000e+00 -3.085634e-01
      vertex   -3.050000e+00 5.000000e+00 0.000000e+00
    endloop
  endfacet
  facet normal -9.987165e-01 0.000000e+00 5.064917e-02
    outer loop
      vertex   -3.050000e+00 1.200000e+01 0.000000e+00
      vertex   -3.050000e+00 5.000000e+00 0.000000e+00
      vertex   -3.034351e+00 1.200000e+01 3.085634e-01
    endloop
  endfacet
  facet normal -9.987165e-01 0.000000e+00 5.064917e-02
    outer loop
      vertex   -3.034351e+00 1.200000e+01 3.085634e-01
      vertex   -3.050000e+00 5.000000e+00 0.000000e+00
      vertex   -3.034351e+00 5.000000e+00 3.085634e-01
    endloop
  endfacet
  facet normal -9.884683e-01 0.000000e+00 1.514278e-01
    outer loop
      vertex   -3.034351e+00 1.200000e+01 3.085634e-01
      vertex   -3.034351e+00 5.000000e+00 3.085634e-01
      vertex   -2.987566e+00 1.200000e+01 6.139605e-01
    endloop
  endfacet
  facet normal -9.884683e-01 0.000000e+00 1.514278e-01
    outer loop
      vertex   -2.987566e+00 1.200000e+01 6.139605e-01
      vertex   -3.034351e+00 5.000000e+00 3.085634e-01
      vertex   -2.987566e+00 5.000000e+00 6.139605e-01
    endloop
  endfacet
  facet normal -9.680771e-01 0.000000e+00 2.506525e-01
    outer loop
      vertex   -2.987566e+00 1.200000e+01 6.139605e-01
      vertex   -2.987566e+00 5.000000e+00 6.139605e-01
      vertex   -2.910125e+00 1.200000e+01 9.130575e-01
    endloop
  endfacet
  facet normal -9.680771e-01 0.000000e+00 2.506525e-01
    outer loop
      vertex   -2.910125e+00 1.200000e+01 9.130575e-01
      vertex   -2.987566e+00 5.000000e+00 6.139605e-01
      vertex   -2.910125e+00 5.000000e+00 9.130575e-01
    endloop
  endfacet
  facet normal -9.377521e-01 0.000000e+00 3.473053e-01
    outer loop
      vertex   -2.910125e+00 1.200000e+01 9.130575e-01
      vertex   -2.910125e+00 5.000000e+00 9.130575e-01
      vertex   -2.802821e+00 1.200000e+01 1.202785e+00
    endloop
  endfacet
  facet normal -9.377521e-01 0.000000e+00 3.473053e-01
    outer loop
      vertex   -2.802821e+00 1.200000e+01 1.202785e+00
      vertex   -2.910125e+00 5.000000e+00 9.130575e-01
      vertex   -2.802821e+00 5.000000e+00 1.202785e+00
    endloop
  endfacet
  facet normal -8.978045e-01 0.000000e+00 4.403942e-01
    outer loop
      vertex   -2.802821e+00 1.200000e+01 1.202785e+00
      vertex   -2.802821e+00 5.000000e+00 1.202785e+00
      vertex   -2.666757e+00 1.200000e+01 1.480171e+00
    endloop
  endfacet
  facet normal -8.978045e-01 0.000000e+00 4.403942e-01
    outer loop
      vertex   -2.666757e+00 1.200000e+01 1.480171e+00
      vertex   -2.802821e+00 5.000000e+00 1.202785e+00
      vertex   -2.666757e+00 5.000000e+00 1.480171e+00
    endloop
  endfacet
  facet normal -8.486443e-01 0.000000e+00 5.289640e-01
    outer loop
      vertex   -2.666757e+00 1.200000e+01 1.480171e+00
      vertex   -2.666757e+00 5.000000e+00 1.480171e+00
      vertex   -2.503328e+00 1.200000e+01 1.742368e+00
    endloop
  endfacet
  facet normal -8.486443e-01 0.000000e+00 5.289640e-01
    outer loop
      vertex   -2.503328e+00 1.200000e+01 1.742368e+00
      vertex   -2.666757e+00 5.000000e+00 1.480171e+00
      vertex   -2.503328e+00 5.000000e+00 1.742368e+00
    endloop
  endfacet
  facet normal -7.907757e-01 0.000000e+00 6.121060e-01
    outer loop
      vertex   -2.503328e+00 1.200000e+01 1.742368e+00
      vertex   -2.503328e+00 5.000000e+00 1.742368e+00
      vertex   -2.314212e+00 1.200000e+01 1.986686e+00
    endloop
  endfacet
  facet normal -7.907757e-01 0.000000e+00 6.121060e-01
    outer loop
      vertex   -2.314212e+00 1.200000e+01 1.986686e+00
      vertex   -2.503328e+00 5.000000e+00 1.742368e+00
      vertex   -2.314212e+00 5.000000e+00 1.986686e+00
    endloop
  endfacet
  facet normal -7.247928e-01 0.000000e+00 6.889669e-01
    outer loop
      vertex   -2.314212e+00 1.200000e+01 1.986686e+00
      vertex   -2.314212e+00 5.000000e+00 1.986686e+00
      vertex   -2.101349e+00 1.200000e+01 2.210618e+00
    endloop
  endfacet
  facet normal -7.247928e-01 0.000000e+00 6.889669e-01
    outer loop
      vertex   -2.101349e+00 1.200000e+01 2.210618e+00
      vertex   -2.314212e+00 5.000000e+00 1.986686e+00
      vertex   -2.101349e+00 5.000000e+00 2.210618e+00
    endloop
  endfacet
  facet normal -6.513725e-01 0.000000e+00 7.587581e-01
    outer loop
      vertex   -2.101349e+00 1.200000e+01 2.210618e+00
      vertex   -2.101349e+00 5.000000e+00 2.210618e+00
      vertex   -1.866923e+00 1.200000e+01 2.411866e+00
    endloop
  endfacet
  facet normal -6.513725e-01 0.000000e+00 7.587581e-01
    outer loop
      vertex   -1.866923e+00 1.200000e+01 2.411866e+00
      vertex   -2.101349e+00 5.000000e+00 2.210618e+00
      vertex   -1.866923e+00 5.000000e+00 2.411866e+00
    endloop
  endfacet
  facet normal -5.712682e-01 0.000000e+00 8.207634e-01
    outer loop
      vertex   -1.866923e+00 1.200000e+01 2.411866e+00
      vertex   -1.866923e+00 5.000000e+00 2.411866e+00
      vertex   -1.613340e+00 1.200000e+01 2.588365e+00
    endloop
  endfacet
  facet normal -5.712682e-01 0.000000e+00 8.207634e-01
    outer loop
      vertex   -1.613340e+00 1.200000e+01 2.588365e+00
      vertex   -1.866923e+00 5.000000e+00 2.411866e+00
      vertex   -1.613340e+00 5.000000e+00 2.588365e+00
    endloop
  endfacet
  facet normal -4.853020e-01 0.000000e+00 8.743466e-01
    outer loop
      vertex   -1.613340e+00 1.200000e+01 2.588365e+00
      vertex   -1.613340e+00 5.000000e+00 2.588365e+00
      vertex   -1.343202e+00 1.200000e+01 2.738304e+00
    endloop
  endfacet
  facet normal -4.853020e-01 0.000000e+00 8.743466e-01
    outer loop
      vertex   -1.343202e+00 1.200000e+01 2.738304e+00
      vertex   -1.613340e+00 5.000000e+00 2.588365e+00
      vertex   -1.343202e+00 5.000000e+00 2.738304e+00
    endloop
  endfacet
  facet normal -3.943559e-01 0.000000e+00 9.189578e-01
    outer loop
      vertex   -1.343202e+00 1.200000e+01 2.738304e+00
      vertex   -1.343202e+00 5.000000e+00 2.738304e+00
      vertex   -1.059281e+00 1.200000e+01 2.860144e+00
    endloop
  endfacet
  facet normal -3.943559e-01 0.000000e+00 9.189578e-01
    outer loop
      vertex   -1.059281e+00 1.200000e+01 2.860144e+00
      vertex   -1.343202e+00 5.000000e+00 2.738304e+00
      vertex   -1.059281e+00 5.000000e+00 2.860144e+00
    endloop
  endfacet
  facet normal -2.993631e-01 0.000000e+00 9.541393e-01
    outer loop
      vertex   -1.059281e+00 1.200000e+01 2.860144e+00
      vertex   -1.059281e+00 5.000000e+00 2.860144e+00
      vertex   -7.644902e-01 1.200000e+01 2.952635e+00
    endloop
  endfacet
  facet normal -2.993631e-01 0.000000e+00 9.541393e-01
    outer loop
      vertex   -7.644902e-01 1.200000e+01 2.952635e+00
      vertex   -1.059281e+00 5.000000e+00 2.860144e+00
      vertex   -7.644902e-01 5.000000e+00 2.952635e+00
    endloop
  endfacet
  facet normal -2.012985e-01 0.000000e+00 9.795299e-01
    outer loop
      vertex   -7.644902e-01 1.200000e+01 2.952635e+00
      vertex   -7.644902e-01 5.000000e+00 2.952635e+00
      vertex   -4.618547e-01 1.200000e+01 3.014828e+00
    endloop
  endfacet
  facet normal -2.012985e-01 0.000000e+00 9.795299e-01
    outer loop
      vertex   -4.618547e-01 1.200000e+01 3.014828e+00
      vertex   -7.644902e-01 5.000000e+00 2.952635e+00
      vertex   -4.618547e-01 5.000000e+00 3.014828e+00
    endloop
  endfacet
  facet normal -1.011683e-01 0.000000e+00 9.948693e-01
    outer loop
      vertex   -4.618547e-01 1.200000e+01 3.014828e+00
      vertex   -4.618547e-01 5.000000e+00 3.014828e+00
      vertex   -1.544800e-01 1.200000e+01 3.046085e+00
    endloop
  endfacet
  facet normal -1.011683e-01 0.000000e+00 9.948693e-01
    outer loop
      vertex   -1.544800e-01 1.200000e+01 3.046085e+00
      vertex   -4.618547e-01 5.000000e+00 3.014828e+00
      vertex   -1.544800e-01 5.000000e+00 3.046085e+00
    endloop
  endfacet
  facet normal -0.000000e+00 0.000000e+00 1.000000e+00
    outer loop
      vertex   -1.544800e-01 1.200000e+01 3.046085e+00
      vertex   -1.544800e-01 5.000000e+00 3.046085e+00
      vertex   1.544800e-01 1.200000e+01 3.046085e+00
    endloop
  endfacet
  facet normal 0.000000e+00 0.000000e+00 1.000000e+00
    outer loop
      vertex   1.544800e-01 1.200000e+01 3.046085e+00
      vertex   -1.544800e-01 5.000000e+00 3.046085e+00
      vertex   1.544800e-01 5.000000e+00 3.046085e+00
    endloop
  endfacet
  facet normal 1.011683e-01 0.000000e+00 9.948693e-01
    outer loop
      vertex   1.544800e-01 1.200000e+01 3.046085e+00
      vertex   1.544800e-01 5.000000e+00 3.046085e+00
      vertex   4.618547e-01 1.200000e+01 3.014828e+00
    endloop
  endfacet
  facet normal 1.011683e-01 0.000000e+00 9.948693e-01
    outer loop
      vertex   4.618547e-01 1.200000e+01 3.014828e+00
      vertex   1.544800e-01 5.000000e+00 3.046085e+00
      vertex   4.618547e-01 5.000000e+00 3.014828e+00
    endloop
  endfacet
  facet normal 2.012985e-01 0.000000e+00 9.795299e-01
    outer loop
      vertex   4.618547e-01 1.200000e+01 3.014828e+00
      vertex   4.618547e-01 5.000000e+00 3.014828e+00
      vertex   7.644902e-01 1.200000e+01 2.952635e+00
    endloop
  endfacet
  facet normal 2.012985e-01 0.000000e+00 9.795299e-01
    outer loop
      vertex   7.644902e-01 1.200000e+01 2.952635e+00
      vertex   4.618547e-01 5.000000e+00 3.014828e+00
      vertex   7.644902e-01 5.000000e+00 2.952635e+00
    endloop
  endfacet
  facet normal 2.993631e-01 0.000000e+00 9.541393e-01
    outer loop
      vertex   7.644902e-01 1.200000e+01 2.952635e+00
      vertex   7.644902e-01 5.000000e+00 2.952635e+00
      vertex   1.059281e+00 1.200000e+01 2.860144e+00
    endloop
  endfacet
  facet normal 2.993631e-01 0.000000e+00 9.541393e-01
    outer loop
      vertex   1.059281e+00 1.200000e+01 2.860144e+00
      vertex   7.644902e-01 5.000000e+00 2.952635e+00
      vertex   1.059281e+00 5.000000e+00 2.860144e+00
    endloop
  endfacet
  facet normal 3.943559e-01 0.000000e+00 9.189578e-01
    outer loop
      vertex   1.059281e+00 1.200000e+01 2.860144e+00
      vertex   1.059281e+00 5.000000e+00 2.860144e+00
      vertex   1.343202e+00 1.200000e+01 2.738304e+00
    endloop
  endfacet
  facet normal 3.943559e-01 0.000000e+00 9.189578e-01
    outer loop
      vertex   1.343202e+00 1.200000e+01 2.738304e+00
      vertex   1.059281e+00 5.000000e+00 2.860144e+00
      vertex   1.343202e+00 5.000000e+00 2.738304e+00
    endloop
  endfacet
  facet normal 4.853020e-01 0.000000e+00 8.743466e-01
    outer loop
      vertex   1.343202e+00 1.200000e+01 2.738304e+00
      vertex   1.343202e+00 5.000000e+00 2.738304e+00
      vertex   1.613340e+00 1.200000e+01 2.588365e+00
    endloop
  endfacet
  facet normal 4.853020e-01 0.000000e+00 8.743466e-01
    outer loop
      vertex   1.613340e+00 1.200000e+01 2.588365e+00
      vertex   1.343202e+00 5.000000e+00 2.738304e+00
      vertex   1.613340e+00 5.000000e+00 2.588365e+00
    endloop
  endfacet
  facet normal 5.712682e-01 0.000000e+00 8.207634e-01
    outer loop
      vertex   1.613340e+00 1.200000e+01 2.588365e+00
      vertex   1.613340e+00 5.000000e+00 2.588365e+00
      vertex   1.866923e+00 1.200000e+01 2.411866e+00
    endloop
  endfacet
  facet normal 5.712682e-01 0.000000e+00 8.207634e-01
    outer loop
      vertex   1.866923e+00 1.200000e+01 2.411866e+00
      vertex   1.613340e+00 5.000000e+00 2.588365e+00
      vertex   1.866923e+00 5.000000e+00 2.411866e+00
    endloop
  endfacet
  facet normal 6.513725e-01 0.000000e+00 7.587581e-01
    outer loop
      vertex   1.866923e+00 1.200000e+01 2.411866e+00
      vertex   1.866923e+00 5.000000e+00 2.411866e+00
      vertex   2.101349e+00 1.200000e+01 2.210618e+00
    endloop
  endfacet
  facet normal 6.513725e-01 0.000000e+00 7.587581e-01
    outer loop
      vertex   2.101349e+00 1.200000e+01 2.210618e+00
      vertex   1.866923e+00 5.000000e+00 2.411866e+00
      vertex   2.101349e+00 5.000000e+00 2.210618e+00
    endloop
  endfacet
  facet normal 7.247928e-01 0.000000e+00 6.889669e-01
    outer loop
      vertex   2.101349e+00 1.200000e+01 2.210618e+00
      vertex   2.101349e+00 5.000000e+00 2.210618e+00
      vertex   2.314212e+00 1.200000e+01 1.986686e+00
    endloop
  endfacet
  facet normal 7.247928e-01 0.000000e+00 6.889669e-01
    outer loop
      vertex   2.314212e+00 1.200000e+01 1.986686e+00
      vertex   2.101349e+00 5.000000e+00 2.210618e+00
      vertex   2.314212e+00 5.000000e+00 1.986686e+00
    endloop
  endfacet
  facet normal 7.907757e-01 0.000000e+00 6.121060e-01
    outer loop
      vertex   2.314212e+00 1.200000e+01 1.986686e+00
      vertex   2.314212e+00 5.000000e+00 1.986686e+00
      vertex   2.503328e+00 1.200000e+01 1.742368e+00
    endloop
  endfacet
  facet normal 7.907757e-01 0.000000e+00 6.121060e-01
    outer loop
      vertex   2.503328e+00 1.200000e+01 1.742368e+00
      vertex   2.314212e+00 5.000000e+00 1.986686e+00
      vertex   2.503328e+00 5.000000e+00 1.742368e+00
    endloop
  endfacet
  facet normal 8.486443e-01 0.000000e+00 5.289640e-01
    outer loop
      vertex   2.503328e+00 1.200000e+01 1.742368e+00
      vertex   2.503328e+00 5.000000e+00 1.742368e+00
      vertex   2.666757e+00 1.200000e+01 1.480171e+00
    endloop
  endfacet
  facet normal 8.486443e-01 0.000000e+00 5.289640e-01
    outer loop
      vertex   2.666757e+00 1.200000e+01 1.480171e+00
      vertex   2.503328e+00 5.000000e+00 1.742368e+00
      vertex   2.666757e+00 5.000000e+00 1.480171e+00
    endloop
  endfacet
  facet normal 8.978045e-01 0.000000e+00 4.403942e-01
    outer loop
      vertex   2.666757e+00 1.200000e+01 1.480171e+00
      vertex   2.666757e+00 5.000000e+00 1.480171e+00
      vertex   2.802821e+00 1.200000e+01 1.202785e+00
    endloop
  endfacet
  facet normal 8.978045e-01 0.000000e+00 4.403942e-01
    outer loop
      vertex   2.802821e+00 1.200000e+01 1.202785e+00
      vertex   2.666757e+00 5.000000e+00 1.480171e+00
      vertex   2.802821e+00 5.000000e+00 1.202785e+00
    endloop
  endfacet
  facet normal 9.377521e-01 0.000000e+00 3.473053e-01
    outer loop
      vertex   2.802821e+00 1.200000e+01 1.202785e+00
      vertex   2.802821e+00 5.000000e+00 1.202785e+00
      vertex   2.910125e+00 1.200000e+01 9.130575e-01
    endloop
  endfacet
  facet normal 9.377521e-01 0.000000e+00 3.473053e-01
    outer loop
      vertex   2.910125e+00 1.200000e+01 9.130575e-01
      vertex   2.802821e+00 5.000000e+00 1.202785e+00
      vertex   2.910125e+00 5.000000e+00 9.130575e-01
    endloop
  endfacet
  facet normal 9.680771e-01 0.000000e+00 2.506525e-01
    outer loop
      vertex   2.910125e+00 1.200000e+01 9.130575e-01
      vertex   2.910125e+00 5.000000e+00 9.130575e-01
      vertex   2.987566e+00 1.200000e+01 6.139605e-01
    endloop
  endfacet
  facet normal 9.680771e-01 0.000000e+00 2.506525e-01
    outer loop
      vertex   2.987566e+00 1.200000e+01 6.139605e-01
      vertex   2.910125e+00 5.000000e+00 9.130575e-01
      vertex   2.987566e+00 5.000000e+00 6.139605e-01
    endloop
  endfacet
  facet normal 9.884683e-01 0.000000e+00 1.514278e-01
    outer loop
      vertex   2.987566e+00 1.200000e+01 6.139605e-01
      vertex   2.987566e+00 5.000000e+00 6.139605e-01
      vertex   3.034351e+00 1.200000e+01 3.085634e-01
    endloop
  endfacet
  facet normal 9.884683e-01 0.000000e+00 1.514278e-01
    outer loop
      vertex   3.034351e+00 1.200000e+01 3.085634e-01
      vertex   2.987566e+00 5.000000e+00 6.139605e-01
      vertex   3.034351e+00 5.000000e+00 3.085634e-01
    endloop
  endfacet
  facet normal 1.671487e-01 0.000000e+00 -9.859317e-01
    outer loop
      vertex   3.692025e-01 4.000000e+00 -3.103114e+00
      vertex   3.692025e-01 5.000000e+00 -3.103114e+00
      vertex   6.741966e-01 4.000000e+00 -3.051407e+00
    endloop
  endfacet
  facet normal 1.671487e-01 -3.264982e-16 -9.859317e-01
    outer loop
      vertex   6.741966e-01 4.000000e+00 -3.051407e+00
      vertex   3.692025e-01 5.000000e+00 -3.103114e+00
      vertex   6.741966e-01 5.000000e+00 -3.051407e+00
    endloop
  endfacet
  facet normal 2.638082e-01 -2.526258e-16 -9.645751e-01
    outer loop
      vertex   6.741966e-01 4.000000e+00 -3.051407e+00
      vertex   6.741966e-01 5.000000e+00 -3.051407e+00
      vertex   9.725841e-01 4.000000e+00 -2.969799e+00
    endloop
  endfacet
  facet normal 2.638082e-01 0.000000e+00 -9.645751e-01
    outer loop
      vertex   9.725841e-01 4.000000e+00 -2.969799e+00
      vertex   6.741966e-01 5.000000e+00 -3.051407e+00
      vertex   9.725841e-01 5.000000e+00 -2.969799e+00
    endloop
  endfacet
  facet normal 3.578827e-01 0.000000e+00 -9.337666e-01
    outer loop
      vertex   9.725841e-01 4.000000e+00 -2.969799e+00
      vertex   9.725841e-01 5.000000e+00 -2.969799e+00
      vertex   1.261441e+00 4.000000e+00 -2.859089e+00
    endloop
  endfacet
  facet normal 3.578827e-01 0.000000e+00 -9.337666e-01
    outer loop
      vertex   1.261441e+00 4.000000e+00 -2.859089e+00
      vertex   9.725841e-01 5.000000e+00 -2.969799e+00
      vertex   1.261441e+00 5.000000e+00 -2.859089e+00
    endloop
  endfacet
  facet normal 4.484502e-01 0.000000e+00 -8.938078e-01
    outer loop
      vertex   1.261441e+00 4.000000e+00 -2.859089e+00
      vertex   1.261441e+00 5.000000e+00 -2.859089e+00
      vertex   1.537937e+00 4.000000e+00 -2.720363e+00
    endloop
  endfacet
  facet normal 4.484502e-01 0.000000e+00 -8.938078e-01
    outer loop
      vertex   1.537937e+00 4.000000e+00 -2.720363e+00
      vertex   1.261441e+00 5.000000e+00 -2.859089e+00
      vertex   1.537937e+00 5.000000e+00 -2.720363e+00
    endloop
  endfacet
  facet normal 5.346232e-01 0.000000e+00 -8.450905e-01
    outer loop
      vertex   1.537937e+00 4.000000e+00 -2.720363e+00
      vertex   1.537937e+00 5.000000e+00 -2.720363e+00
      vertex   1.799363e+00 4.000000e+00 -2.554979e+00
    endloop
  endfacet
  facet normal 5.346232e-01 0.000000e+00 -8.450905e-01
    outer loop
      vertex   1.799363e+00 4.000000e+00 -2.554979e+00
      vertex   1.537937e+00 5.000000e+00 -2.720363e+00
      vertex   1.799363e+00 5.000000e+00 -2.554979e+00
    endloop
  endfacet
  facet normal 6.155574e-01 0.000000e+00 -7.880921e-01
    outer loop
      vertex   1.799363e+00 4.000000e+00 -2.554979e+00
      vertex   1.799363e+00 5.000000e+00 -2.554979e+00
      vertex   2.043156e+00 4.000000e+00 -2.364559e+00
    endloop
  endfacet
  facet normal 6.155574e-01 0.000000e+00 -7.880921e-01
    outer loop
      vertex   2.043156e+00 4.000000e+00 -2.364559e+00
      vertex   1.799363e+00 5.000000e+00 -2.554979e+00
      vertex   2.043156e+00 5.000000e+00 -2.364559e+00
    endloop
  endfacet
  facet normal 6.904596e-01 0.000000e+00 -7.233709e-01
    outer loop
      vertex   2.043156e+00 4.000000e+00 -2.364559e+00
      vertex   2.043156e+00 5.000000e+00 -2.364559e+00
      vertex   2.266928e+00 4.000000e+00 -2.150968e+00
    endloop
  endfacet
  facet normal 6.904596e-01 -1.461556e-17 -7.233709e-01
    outer loop
      vertex   2.266928e+00 4.000000e+00 -2.150968e+00
      vertex   2.043156e+00 5.000000e+00 -2.364559e+00
      vertex   2.266928e+00 5.000000e+00 -2.150968e+00
    endloop
  endfacet
  facet normal 7.585959e-01 4.753288e-17 -6.515614e-01
    outer loop
      vertex   2.266928e+00 4.000000e+00 -2.150968e+00
      vertex   2.266928e+00 5.000000e+00 -2.150968e+00
      vertex   2.468486e+00 4.000000e+00 -1.916299e+00
    endloop
  endfacet
  facet normal 7.585959e-01 0.000000e+00 -6.515614e-01
    outer loop
      vertex   2.468486e+00 4.000000e+00 -1.916299e+00
      vertex   2.266928e+00 5.000000e+00 -2.150968e+00
      vertex   2.468486e+00 5.000000e+00 -1.916299e+00
    endloop
  endfacet
  facet normal 8.192986e-01 0.000000e+00 -5.733671e-01
    outer loop
      vertex   2.468486e+00 4.000000e+00 -1.916299e+00
      vertex   2.468486e+00 5.000000e+00 -1.916299e+00
      vertex   2.645855e+00 4.000000e+00 -1.662853e+00
    endloop
  endfacet
  facet normal 8.192986e-01 0.000000e+00 -5.733671e-01
    outer loop
      vertex   2.645855e+00 4.000000e+00 -1.662853e+00
      vertex   2.468486e+00 5.000000e+00 -1.916299e+00
      vertex   2.645855e+00 5.000000e+00 -1.662853e+00
    endloop
  endfacet
  facet normal 8.719729e-01 0.000000e+00 -4.895542e-01
    outer loop
      vertex   2.645855e+00 4.000000e+00 -1.662853e+00
      vertex   2.645855e+00 5.000000e+00 -1.662853e+00
      vertex   2.797296e+00 4.000000e+00 -1.393111e+00
    endloop
  endfacet
  facet normal 8.719729e-01 0.000000e+00 -4.895542e-01
    outer loop
      vertex   2.797296e+00 4.000000e+00 -1.393111e+00
      vertex   2.645855e+00 5.000000e+00 -1.662853e+00
      vertex   2.797296e+00 5.000000e+00 -1.393111e+00
    endloop
  endfacet
  facet normal 9.161025e-01 0.000000e+00 -4.009442e-01
    outer loop
      vertex   2.797296e+00 4.000000e+00 -1.393111e+00
      vertex   2.797296e+00 5.000000e+00 -1.393111e+00
      vertex   2.921327e+00 4.000000e+00 -1.109718e+00
    endloop
  endfacet
  facet normal 9.161025e-01 -1.780550e-16 -4.009442e-01
    outer loop
      vertex   2.921327e+00 4.000000e+00 -1.109718e+00
      vertex   2.797296e+00 5.000000e+00 -1.393111e+00
      vertex   2.921327e+00 5.000000e+00 -1.109718e+00
    endloop
  endfacet
  facet normal 9.512551e-01 -1.369594e-16 -3.084052e-01
    outer loop
      vertex   2.921327e+00 4.000000e+00 -1.109718e+00
      vertex   2.921327e+00 5.000000e+00 -1.109718e+00
      vertex   3.016731e+00 4.000000e+00 -8.154514e-01
    endloop
  endfacet
  facet normal 9.512551e-01 -1.027196e-16 -3.084052e-01
    outer loop
      vertex   3.016731e+00 4.000000e+00 -8.154514e-01
      vertex   2.921327e+00 5.000000e+00 -1.109718e+00
      vertex   3.016731e+00 5.000000e+00 -8.154514e-01
    endloop
  endfacet
  facet normal 9.770862e-01 -7.089132e-17 -2.128441e-01
    outer loop
      vertex   3.016731e+00 4.000000e+00 -8.154514e-01
      vertex   3.016731e+00 5.000000e+00 -8.154514e-01
      vertex   3.082573e+00 4.000000e+00 -5.131936e-01
    endloop
  endfacet
  facet normal 9.770862e-01 0.000000e+00 -2.128441e-01
    outer loop
      vertex   3.082573e+00 4.000000e+00 -5.131936e-01
      vertex   3.016731e+00 5.000000e+00 -8.154514e-01
      vertex   3.082573e+00 5.000000e+00 -5.131936e-01
    endloop
  endfacet
  facet normal 1.000000e+00 -0.000000e+00 0.000000e+00
    outer loop
      vertex   2.500000e+00 4.000000e+00 -3.103114e+00
      vertex   2.500000e+00 4.000000e+00 -3.708099e+00
      vertex   2.500000e+00 5.000000e+00 -3.103114e+00
    endloop
  endfacet
  facet normal 1.000000e+00 0.000000e+00 0.000000e+00
    outer loop
      vertex   2.500000e+00 5.000000e+00 -3.103114e+00
      vertex   2.500000e+00 4.000000e+00 -3.708099e+00
      vertex   2.500000e+00 5.000000e+00 -3.708099e+00
    endloop
  endfacet
  facet normal 0.000000e+00 0.000000e+00 1.000000e+00
    outer loop
      vertex   3.692025e-01 4.000000e+00 -3.103114e+00
      vertex   2.500000e+00 4.000000e+00 -3.103114e+00
      vertex   3.692025e-01 5.000000e+00 -3.103114e+00
    endloop
  endfacet
  facet normal -0.000000e+00 0.000000e+00 1.000000e+00
    outer loop
      vertex   3.692025e-01 5.000000e+00 -3.103114e+00
      vertex   2.500000e+00 4.000000e+00 -3.103114e+00
      vertex   2.500000e+00 5.000000e+00 -3.103114e+00
    endloop
  endfacet
  facet normal 0.000000e+00 0.000000e+00 1.000000e+00
    outer loop
      vertex   -2.500000e+00 4.000000e+00 -3.103114e+00
      vertex   -3.692025e-01 4.000000e+00 -3.103114e+00
      vertex   -2.500000e+00 5.000000e+00 -3.103114e+00
    endloop
  endfacet
  facet normal -0.000000e+00 0.000000e+00 1.000000e+00
    outer loop
      vertex   -2.500000e+00 5.000000e+00 -3.103114e+00
      vertex   -3.692025e-01 4.000000e+00 -3.103114e+00
      vertex   -3.692025e-01 5.000000e+00 -3.103114e+00
    endloop
  endfacet
  facet normal -1.000000e+00 0.000000e+00 0.000000e+00
    outer loop
      vertex   -2.500000e+00 4.000000e+00 -3.708099e+00
      vertex   -2.500000e+00 4.000000e+00 -3.103114e+00
      vertex   -2.500000e+00 5.000000e+00 -3.708099e+00
    endloop
  endfacet
  facet normal -1.000000e+00 0.000000e+00 0.000000e+00
    outer loop
      vertex   -2.500000e+00 5.000000e+00 -3.708099e+00
      vertex   -2.500000e+00 4.000000e+00 -3.103114e+00
      vertex   -2.500000e+00 5.000000e+00 -3.103114e+00
    endloop
  endfacet
  facet normal 5.257981e-01 0.000000e+00 -8.506094e-01
    outer loop
      vertex   2.500000e+00 5.000000e+00 -3.708099e+00
      vertex   2.500000e+00 4.000000e+00 -3.708099e+00
      vertex   2.199204e+00 5.000000e+00 -3.894034e+00
    endloop
  endfacet
  facet normal 5.257981e-01 -5.219916e-16 -8.506094e-01
    outer loop
      vertex   2.199204e+00 5.000000e+00 -3.894034e+00
      vertex   2.500000e+00 4.000000e+00 -3.708099e+00
      vertex   2.199204e+00 4.000000e+00 -3.894034e+00
    endloop
  endfacet
  facet normal 4.569470e-01 -5.871041e-16 -8.894939e-01
    outer loop
      vertex   2.199204e+00 5.000000e+00 -3.894034e+00
      vertex   2.199204e+00 4.000000e+00 -3.894034e+00
      vertex   1.884658e+00 4.000000e+00 -4.055621e+00
    endloop
  endfacet
  facet normal 4.569470e-01 -7.848899e-16 -8.894939e-01
    outer loop
      vertex   2.199204e+00 5.000000e+00 -3.894034e+00
      vertex   1.884658e+00 4.000000e+00 -4.055621e+00
      vertex   1.884658e+00 5.000000e+00 -4.055621e+00
    endloop
  endfacet
  facet normal 3.852387e-01 -8.196261e-16 -9.228169e-01
    outer loop
      vertex   1.884658e+00 5.000000e+00 -4.055621e+00
      vertex   1.884658e+00 4.000000e+00 -4.055621e+00
      vertex   1.558328e+00 4.000000e+00 -4.191851e+00
    endloop
  endfacet
  facet normal 3.852387e-01 -8.241344e-16 -9.228169e-01
    outer loop
      vertex   1.884658e+00 5.000000e+00 -4.055621e+00
      vertex   1.558328e+00 4.000000e+00 -4.191851e+00
      vertex   1.558328e+00 5.000000e+00 -4.191851e+00
    endloop
  endfacet
  facet normal 3.111218e-01 -8.440982e-16 -9.503700e-01
    outer loop
      vertex   1.558328e+00 5.000000e+00 -4.191851e+00
      vertex   1.558328e+00 4.000000e+00 -4.191851e+00
      vertex   1.222254e+00 4.000000e+00 -4.301871e+00
    endloop
  endfacet
  facet normal 3.111218e-01 -9.222456e-16 -9.503700e-01
    outer loop
      vertex   1.558328e+00 5.000000e+00 -4.191851e+00
      vertex   1.222254e+00 4.000000e+00 -4.301871e+00
      vertex   1.222254e+00 5.000000e+00 -4.301871e+00
    endloop
  endfacet
  facet normal 2.350596e-01 -9.154862e-16 -9.719810e-01
    outer loop
      vertex   1.222254e+00 5.000000e+00 -4.301871e+00
      vertex   1.222254e+00 4.000000e+00 -4.301871e+00
      vertex   8.785389e-01 4.000000e+00 -4.384994e+00
    endloop
  endfacet
  facet normal 2.350596e-01 1.569780e-16 -9.719810e-01
    outer loop
      vertex   1.222254e+00 5.000000e+00 -4.301871e+00
      vertex   8.785389e-01 4.000000e+00 -4.384994e+00
      vertex   8.785389e-01 5.000000e+00 -4.384994e+00
    endloop
  endfacet
  facet normal 1.575277e-01 1.049345e-16 -9.875146e-01
    outer loop
      vertex   8.785389e-01 5.000000e+00 -4.384994e+00
      vertex   8.785389e-01 4.000000e+00 -4.384994e+00
      vertex   5.293302e-01 4.000000e+00 -4.440699e+00
    endloop
  endfacet
  facet normal 1.575277e-01 0.000000e+00 -9.875146e-01
    outer loop
      vertex   8.785389e-01 5.000000e+00 -4.384994e+00
      vertex   5.293302e-01 4.000000e+00 -4.440699e+00
      vertex   5.293302e-01 5.000000e+00 -4.440699e+00
    endloop
  endfacet
  facet normal 7.901086e-02 0.000000e+00 -9.968738e-01
    outer loop
      vertex   5.293302e-01 5.000000e+00 -4.440699e+00
      vertex   5.293302e-01 4.000000e+00 -4.440699e+00
      vertex   1.768119e-01 4.000000e+00 -4.468639e+00
    endloop
  endfacet
  facet normal 7.901086e-02 -8.535678e-16 -9.968738e-01
    outer loop
      vertex   5.293302e-01 5.000000e+00 -4.440699e+00
      vertex   1.768119e-01 4.000000e+00 -4.468639e+00
      vertex   1.768119e-01 5.000000e+00 -4.468639e+00
    endloop
  endfacet
  facet normal 0.000000e+00 -8.881784e-16 -1.000000e+00
    outer loop
      vertex   1.768119e-01 5.000000e+00 -4.468639e+00
      vertex   1.768119e-01 4.000000e+00 -4.468639e+00
      vertex   -1.768119e-01 4.000000e+00 -4.468639e+00
    endloop
  endfacet
  facet normal -0.000000e+00 -8.881784e-16 -1.000000e+00
    outer loop
      vertex   1.768119e-01 5.000000e+00 -4.468639e+00
      vertex   -1.768119e-01 4.000000e+00 -4.468639e+00
      vertex   -1.768119e-01 5.000000e+00 -4.468639e+00
    endloop
  endfacet
  facet normal -7.901086e-02 -8.897877e-16 -9.968738e-01
    outer loop
      vertex   -1.768119e-01 5.000000e+00 -4.468639e+00
      vertex   -1.768119e-01 4.000000e+00 -4.468639e+00
      vertex   -5.293302e-01 4.000000e+00 -4.440699e+00
    endloop
  endfacet
  facet normal -7.901086e-02 8.241344e-16 -9.968738e-01
    outer loop
      vertex   -1.768119e-01 5.000000e+00 -4.468639e+00
      vertex   -5.293302e-01 4.000000e+00 -4.440699e+00
      vertex   -5.293302e-01 5.000000e+00 -4.440699e+00
    endloop
  endfacet
  facet normal -1.575277e-01 7.546655e-16 -9.875146e-01
    outer loop
      vertex   -5.293302e-01 5.000000e+00 -4.440699e+00
      vertex   -5.293302e-01 4.000000e+00 -4.440699e+00
      vertex   -8.785389e-01 4.000000e+00 -4.384994e+00
    endloop
  endfacet
  facet normal -1.575277e-01 -9.418679e-16 -9.875146e-01
    outer loop
      vertex   -5.293302e-01 5.000000e+00 -4.440699e+00
      vertex   -8.785389e-01 4.000000e+00 -4.384994e+00
      vertex   -8.785389e-01 5.000000e+00 -4.384994e+00
    endloop
  endfacet
  facet normal -2.350596e-01 -9.676799e-16 -9.719810e-01
    outer loop
      vertex   -8.785389e-01 5.000000e+00 -4.384994e+00
      vertex   -8.785389e-01 4.000000e+00 -4.384994e+00
      vertex   -1.222254e+00 4.000000e+00 -4.301871e+00
    endloop
  endfacet
  facet normal -2.350596e-01 0.000000e+00 -9.719810e-01
    outer loop
      vertex   -8.785389e-01 5.000000e+00 -4.384994e+00
      vertex   -1.222254e+00 4.000000e+00 -4.301871e+00
      vertex   -1.222254e+00 5.000000e+00 -4.301871e+00
    endloop
  endfacet
  facet normal -3.111218e-01 -0.000000e+00 -9.503700e-01
    outer loop
      vertex   -1.222254e+00 5.000000e+00 -4.301871e+00
      vertex   -1.222254e+00 4.000000e+00 -4.301871e+00
      vertex   -1.558328e+00 4.000000e+00 -4.191851e+00
    endloop
  endfacet
  facet normal -3.111218e-01 -9.026234e-16 -9.503700e-01
    outer loop
      vertex   -1.222254e+00 5.000000e+00 -4.301871e+00
      vertex   -1.558328e+00 4.000000e+00 -4.191851e+00
      vertex   -1.558328e+00 5.000000e+00 -4.191851e+00
    endloop
  endfacet
  facet normal -3.852387e-01 -9.051663e-16 -9.228169e-01
    outer loop
      vertex   -1.558328e+00 5.000000e+00 -4.191851e+00
      vertex   -1.558328e+00 4.000000e+00 -4.191851e+00
      vertex   -1.884658e+00 4.000000e+00 -4.055621e+00
    endloop
  endfacet
  facet normal -3.852387e-01 -9.811124e-17 -9.228169e-01
    outer loop
      vertex   -1.558328e+00 5.000000e+00 -4.191851e+00
      vertex   -1.884658e+00 4.000000e+00 -4.055621e+00
      vertex   -1.884658e+00 5.000000e+00 -4.055621e+00
    endloop
  endfacet
  facet normal -4.569470e-01 -1.014626e-16 -8.894939e-01
    outer loop
      vertex   -1.884658e+00 5.000000e+00 -4.055621e+00
      vertex   -1.884658e+00 4.000000e+00 -4.055621e+00
      vertex   -2.199204e+00 4.000000e+00 -3.894034e+00
    endloop
  endfacet
  facet normal -4.569470e-01 3.924449e-16 -8.894939e-01
    outer loop
      vertex   -1.884658e+00 5.000000e+00 -4.055621e+00
      vertex   -2.199204e+00 4.000000e+00 -3.894034e+00
      vertex   -2.199204e+00 5.000000e+00 -3.894034e+00
    endloop
  endfacet
  facet normal -5.257981e-01 2.884904e-16 -8.506094e-01
    outer loop
      vertex   -2.199204e+00 5.000000e+00 -3.894034e+00
      vertex   -2.199204e+00 4.000000e+00 -3.894034e+00
      vertex   -2.500000e+00 5.000000e+00 -3.708099e+00
    endloop
  endfacet
  facet normal -5.257981e-01 -0.000000e+00 -8.506094e-01
    outer loop
      vertex   -2.500000e+00 5.000000e+00 -3.708099e+00
      vertex   -2.199204e+00 4.000000e+00 -3.894034e+00
      vertex   -2.500000e+00 4.000000e+00 -3.708099e+00
    endloop
  endfacet
  facet normal 0.000000e+00 1.000000e+00 0.000000e+00
    outer loop
      vertex   3.034351e+00 5.000000e+00 3.085634e-01
      vertex   4.245077e+00 5.000000e+00 2.045053e-01
      vertex   3.050000e+00 5.000000e+00 -3.735173e-16
    endloop
  endfacet
  facet normal -0.000000e+00 1.000000e+00 0.000000e+00
    outer loop
      vertex   3.050000e+00 5.000000e+00 -3.735173e-16
      vertex   4.245077e+00 5.000000e+00 2.045053e-01
      vertex   4.247176e+00 5.000000e+00 -1.548980e-01
    endloop
  endfacet
  facet normal 0.000000e+00 1.000000e+00 0.000000e+00
    outer loop
      vertex   3.050000e+00 5.000000e+00 -3.735173e-16
      vertex   4.247176e+00 5.000000e+00 -1.548980e-01
      vertex   3.034351e+00 5.000000e+00 -3.085634e-01
    endloop
  endfacet
  facet normal -0.000000e+00 1.000000e+00 0.000000e+00
    outer loop
      vertex   3.034351e+00 5.000000e+00 -3.085634e-01
      vertex   4.247176e+00 5.000000e+00 -1.548980e-01
      vertex   3.082573e+00 5.000000e+00 -5.131936e-01
    endloop
  endfacet
  facet normal 0.000000e+00 1.000000e+00 0.000000e+00
    outer loop
      vertex   3.034351e+00 5.000000e+00 -3.085634e-01
      vertex   3.082573e+00 5.000000e+00 -5.131936e-01
      vertex   2.987566e+00 5.000000e+00 -6.139605e-01
    endloop
  endfacet
  facet normal -0.000000e+00 1.000000e+00 0.000000e+00
    outer loop
      vertex   2.987566e+00 5.000000e+00 -6.139605e-01
      vertex   3.082573e+00 5.000000e+00 -5.131936e-01
      vertex   3.016731e+00 5.000000e+00 -8.154514e-01
    endloop
  endfacet
  facet normal 0.000000e+00 1.000000e+00 0.000000e+00
    outer loop
      vertex   2.987566e+00 5.000000e+00 -6.139605e-01
      vertex   3.016731e+00 5.000000e+00 -8.154514e-01
      vertex   2.910125e+00 5.000000e+00 -9.130575e-01
    endloop
  endfacet
  facet normal -0.000000e+00 1.000000e+00 0.000000e+00
    outer loop
      vertex   2.910125e+00 5.000000e+00 -9.130575e-01
      vertex   3.016731e+00 5.000000e+00 -8.154514e-01
      vertex   2.921327e+00 5.000000e+00 -1.109718e+00
    endloop
  endfacet
  facet normal 0.000000e+00 1.000000e+00 0.000000e+00
    outer loop
      vertex   2.910125e+00 5.000000e+00 -9.130575e-01
      vertex   2.921327e+00 5.000000e+00 -1.109718e+00
      vertex   2.802821e+00 5.000000e+00 -1.202785e+00
    endloop
  endfacet
  facet normal -0.000000e+00 1.000000e+00 0.000000e+00
    outer loop
      vertex   2.802821e+00 5.000000e+00 -1.202785e+00
      vertex   2.921327e+00 5.000000e+00 -1.109718e+00
      vertex   2.797296e+00 5.000000e+00 -1.393111e+00
    endloop
  endfacet
  facet normal 0.000000e+00 1.000000e+00 0.000000e+00
    outer loop
      vertex   2.802821e+00 5.000000e+00 -1.202785e+00
      vertex   2.797296e+00 5.000000e+00 -1.393111e+00
      vertex   2.666757e+00 5.000000e+00 -1.480171e+00
    endloop
  endfacet
  facet normal -0.000000e+00 1.000000e+00 0.000000e+00
    outer loop
      vertex   2.666757e+00 5.000000e+00 -1.480171e+00
      vertex   2.797296e+00 5.000000e+00 -1.393111e+00
      vertex   2.645855e+00 5.000000e+00 -1.662853e+00
    endloop
  endfacet
  facet normal 0.000000e+00 1.000000e+00 0.000000e+00
    outer loop
      vertex   2.666757e+00 5.000000e+00 -1.480171e+00
      vertex   2.645855e+00 5.000000e+00 -1.662853e+00
      vertex   2.503328e+00 5.000000e+00 -1.742368e+00
    endloop
  endfacet
  facet normal -0.000000e+00 1.000000e+00 0.000000e+00
    outer loop
      vertex   2.503328e+00 5.000000e+00 -1.742368e+00
      vertex   2.645855e+00 5.000000e+00 -1.662853e+00
      vertex   2.468486e+00 5.000000e+00 -1.916299e+00
    endloop
  endfacet
  facet normal 0.000000e+00 1.000000e+00 0.000000e+00
    outer loop
      vertex   2.503328e+00 5.000000e+00 -1.742368e+00
      vertex   2.468486e+00 5.000000e+00 -1.916299e+00
      vertex   2.314212e+00 5.000000e+00 -1.986686e+00
    endloop
  endfacet
  facet normal -0.000000e+00 1.000000e+00 0.000000e+00
    outer loop
      vertex   2.314212e+00 5.000000e+00 -1.986686e+00
      vertex   2.468486e+00 5.000000e+00 -1.916299e+00
      vertex   2.266928e+00 5.000000e+00 -2.150968e+00
    endloop
  endfacet
  facet normal 0.000000e+00 1.000000e+00 0.000000e+00
    outer loop
      vertex   2.314212e+00 5.000000e+00 -1.986686e+00
      vertex   2.266928e+00 5.000000e+00 -2.150968e+00
      vertex   2.101349e+00 5.000000e+00 -2.210618e+00
    endloop
  endfacet
  facet normal -0.000000e+00 1.000000e+00 0.000000e+00
    outer loop
      vertex   2.101349e+00 5.000000e+00 -2.210618e+00
      vertex   2.266928e+00 5.000000e+00 -2.150968e+00
      vertex   2.043156e+00 5.000000e+00 -2.364559e+00
    endloop
  endfacet
  facet normal 0.000000e+00 1.000000e+00 0.000000e+00
    outer loop
      vertex   2.101349e+00 5.000000e+00 -2.210618e+00
      vertex   2.043156e+00 5.000000e+00 -2.364559e+00
      vertex   1.866923e+00 5.000000e+00 -2.411866e+00
    endloop
  endfacet
  facet normal -0.000000e+00 1.000000e+00 0.000000e+00
    outer loop
      vertex   1.866923e+00 5.000000e+00 -2.411866e+00
      vertex   2.043156e+00 5.000000e+00 -2.364559e+00
      vertex   1.799363e+00 5.000000e+00 -2.554979e+00
    endloop
  endfacet
  facet normal 0.000000e+00 1.000000e+00 0.000000e+00
    outer loop
      vertex   1.866923e+00 5.000000e+00 -2.411866e+00
      vertex   1.799363e+00 5.000000e+00 -2.554979e+00
      vertex   1.613340e+00 5.000000e+00 -2.588365e+00
    endloop
  endfacet
  facet normal -0.000000e+00 1.000000e+00 0.000000e+00
    outer loop
      vertex   1.613340e+00 5.000000e+00 -2.588365e+00
      vertex   1.799363e+00 5.000000e+00 -2.554979e+00
      vertex   1.537937e+00 5.000000e+00 -2.720363e+00
    endloop
  endfacet
  facet normal 0.000000e+00 1.000000e+00 0.000000e+00
    outer loop
      vertex   1.613340e+00 5.000000e+00 -2.588365e+00
      vertex   1.537937e+00 5.000000e+00 -2.720363e+00
      vertex   1.343202e+00 5.000000e+00 -2.738304e+00
    endloop
  endfacet
  facet normal -0.000000e+00 1.000000e+00 0.000000e+00
    outer loop
      vertex   1.343202e+00 5.000000e+00 -2.738304e+00
      vertex   1.537937e+00 5.000000e+00 -2.720363e+00
      vertex   1.261441e+00 5.000000e+00 -2.859089e+00
    endloop
  endfacet
  facet normal 0.000000e+00 1.000000e+00 0.000000e+00
    outer loop
      vertex   1.343202e+00 5.000000e+00 -2.738304e+00
      vertex   1.261441e+00 5.000000e+00 -2.859089e+00
      vertex   1.059281e+00 5.000000e+00 -2.860144e+00
    endloop
  endfacet
  facet normal -0.000000e+00 1.000000e+00 0.000000e+00
    outer loop
      vertex   1.059281e+00 5.000000e+00 -2.860144e+00
      vertex   1.261441e+00 5.000000e+00 -2.859089e+00
      vertex   9.725841e-01 5.000000e+00 -2.969799e+00
    endloop
  endfacet
  facet normal 0.000000e+00 1.000000e+00 0.000000e+00
    outer loop
      vertex   1.059281e+00 5.000000e+00 -2.860144e+00
      vertex   9.725841e-01 5.000000e+00 -2.969799e+00
      vertex   7.644902e-01 5.000000e+00 -2.952635e+00
    endloop
  endfacet
  facet normal 0.000000e+00 1.000000e+00 0.000000e+00
    outer loop
      vertex   7.644902e-01 5.000000e+00 -2.952635e+00
      vertex   9.725841e-01 5.000000e+00 -2.969799e+00
      vertex   6.741966e-01 5.000000e+00 -3.051407e+00
    endloop
  endfacet
  facet normal 0.000000e+00 1.000000e+00 0.000000e+00
    outer loop
      vertex   7.644902e-01 5.000000e+00 -2.952635e+00
      vertex   6.741966e-01 5.000000e+00 -3.051407e+00
      vertex   4.618547e-01 5.000000e+00 -3.014828e+00
    endloop
  endfacet
  facet normal 0.000000e+00 1.000000e+00 0.000000e+00
    outer loop
      vertex   4.618547e-01 5.000000e+00 -3.014828e+00
      vertex   6.741966e-01 5.000000e+00 -3.051407e+00
      vertex   3.692025e-01 5.000000e+00 -3.103114e+00
    endloop
  endfacet
  facet normal 0.000000e+00 1.000000e+00 0.000000e+00
    outer loop
      vertex   4.618547e-01 5.000000e+00 -3.014828e+00
      vertex   3.692025e-01 5.000000e+00 -3.103114e+00
      vertex   1.544800e-01 5.000000e+00 -3.046085e+00
    endloop
  endfacet
  facet normal 0.000000e+00 1.000000e+00 0.000000e+00
    outer loop
      vertex   1.544800e-01 5.000000e+00 -3.046085e+00
      vertex   3.692025e-01 5.000000e+00 -3.103114e+00
      vertex   1.768119e-01 5.000000e+00 -4.468639e+00
    endloop
  endfacet
  facet normal 0.000000e+00 1.000000e+00 0.000000e+00
    outer loop
      vertex   1.544800e-01 5.000000e+00 -3.046085e+00
      vertex   1.768119e-01 5.000000e+00 -4.468639e+00
      vertex   -1.768119e-01 5.000000e+00 -4.468639e+00
    endloop
  endfacet
  facet normal 0.000000e+00 1.000000e+00 0.000000e+00
    outer loop
      vertex   4.245077e+00 5.000000e+00 2.045053e-01
      vertex   3.034351e+00 5.000000e+00 3.085634e-01
      vertex   4.212618e+00 5.000000e+00 5.624461e-01
    endloop
  endfacet
  facet normal 0.000000e+00 1.000000e+00 0.000000e+00
    outer loop
      vertex   4.212618e+00 5.000000e+00 5.624461e-01
      vertex   3.034351e+00 5.000000e+00 3.085634e-01
      vertex   2.987566e+00 5.000000e+00 6.139605e-01
    endloop
  endfacet
  facet normal 0.000000e+00 1.000000e+00 0.000000e+00
    outer loop
      vertex   4.212618e+00 5.000000e+00 5.624461e-01
      vertex   2.987566e+00 5.000000e+00 6.139605e-01
      vertex   4.150033e+00 5.000000e+00 9.163646e-01
    endloop
  endfacet
  facet normal 0.000000e+00 1.000000e+00 0.000000e+00
    outer loop
      vertex   4.150033e+00 5.000000e+00 9.163646e-01
      vertex   2.987566e+00 5.000000e+00 6.139605e-01
      vertex   2.910125e+00 5.000000e+00 9.130575e-01
    endloop
  endfacet
  facet normal 0.000000e+00 1.000000e+00 0.000000e+00
    outer loop
      vertex   4.150033e+00 5.000000e+00 9.163646e-01
      vertex   2.910125e+00 5.000000e+00 9.130575e-01
      vertex   4.057769e+00 5.000000e+00 1.263730e+00
    endloop
  endfacet
  facet normal 0.000000e+00 1.000000e+00 0.000000e+00
    outer loop
      vertex   4.057769e+00 5.000000e+00 1.263730e+00
      vertex   2.910125e+00 5.000000e+00 9.130575e-01
      vertex   3.936485e+00 5.000000e+00 1.602057e+00
    endloop
  endfacet
  facet normal 0.000000e+00 1.000000e+00 0.000000e+00
    outer loop
      vertex   3.936485e+00 5.000000e+00 1.602057e+00
      vertex   2.910125e+00 5.000000e+00 9.130575e-01
      vertex   2.802821e+00 5.000000e+00 1.202785e+00
    endloop
  endfacet
  facet normal 0.000000e+00 1.000000e+00 0.000000e+00
    outer loop
      vertex   3.936485e+00 5.000000e+00 1.602057e+00
      vertex   2.802821e+00 5.000000e+00 1.202785e+00
      vertex   3.787049e+00 5.000000e+00 1.928927e+00
    endloop
  endfacet
  facet normal 0.000000e+00 1.000000e+00 0.000000e+00
    outer loop
      vertex   3.787049e+00 5.000000e+00 1.928927e+00
      vertex   2.802821e+00 5.000000e+00 1.202785e+00
      vertex   2.666757e+00 5.000000e+00 1.480171e+00
    endloop
  endfacet
  facet normal 0.000000e+00 1.000000e+00 0.000000e+00
    outer loop
      vertex   3.787049e+00 5.000000e+00 1.928927e+00
      vertex   2.666757e+00 5.000000e+00 1.480171e+00
      vertex   3.610530e+00 5.000000e+00 2.242002e+00
    endloop
  endfacet
  facet normal 0.000000e+00 1.000000e+00 0.000000e+00
    outer loop
      vertex   3.610530e+00 5.000000e+00 2.242002e+00
      vertex   2.666757e+00 5.000000e+00 1.480171e+00
      vertex   2.503328e+00 5.000000e+00 1.742368e+00
    endloop
  endfacet
  facet normal 0.000000e+00 1.000000e+00 0.000000e+00
    outer loop
      vertex   3.610530e+00 5.000000e+00 2.242002e+00
      vertex   2.503328e+00 5.000000e+00 1.742368e+00
      vertex   3.408190e+00 5.000000e+00 2.539044e+00
    endloop
  endfacet
  facet normal 0.000000e+00 1.000000e+00 0.000000e+00
    outer loop
      vertex   3.408190e+00 5.000000e+00 2.539044e+00
      vertex   2.503328e+00 5.000000e+00 1.742368e+00
      vertex   2.314212e+00 5.000000e+00 1.986686e+00
    endloop
  endfacet
  facet normal 0.000000e+00 1.000000e+00 0.000000e+00
    outer loop
      vertex   3.408190e+00 5.000000e+00 2.539044e+00
      vertex   2.314212e+00 5.000000e+00 1.986686e+00
      vertex   3.181476e+00 5.000000e+00 2.817927e+00
    endloop
  endfacet
  facet normal 0.000000e+00 1.000000e+00 0.000000e+00
    outer loop
      vertex   3.181476e+00 5.000000e+00 2.817927e+00
      vertex   2.314212e+00 5.000000e+00 1.986686e+00
      vertex   2.932009e+00 5.000000e+00 3.076658e+00
    endloop
  endfacet
  facet normal 0.000000e+00 1.000000e+00 0.000000e+00
    outer loop
      vertex   2.932009e+00 5.000000e+00 3.076658e+00
      vertex   2.314212e+00 5.000000e+00 1.986686e+00
      vertex   2.101349e+00 5.000000e+00 2.210618e+00
    endloop
  endfacet
  facet normal 0.000000e+00 1.000000e+00 0.000000e+00
    outer loop
      vertex   2.932009e+00 5.000000e+00 3.076658e+00
      vertex   2.101349e+00 5.000000e+00 2.210618e+00
      vertex   2.661574e+00 5.000000e+00 3.313386e+00
    endloop
  endfacet
  facet normal 0.000000e+00 1.000000e+00 0.000000e+00
    outer loop
      vertex   2.661574e+00 5.000000e+00 3.313386e+00
      vertex   2.101349e+00 5.000000e+00 2.210618e+00
      vertex   1.866923e+00 5.000000e+00 2.411866e+00
    endloop
  endfacet
  facet normal 0.000000e+00 1.000000e+00 0.000000e+00
    outer loop
      vertex   2.661574e+00 5.000000e+00 3.313386e+00
      vertex   1.866923e+00 5.000000e+00 2.411866e+00
      vertex   2.372104e+00 5.000000e+00 3.526418e+00
    endloop
  endfacet
  facet normal 0.000000e+00 1.000000e+00 0.000000e+00
    outer loop
      vertex   2.372104e+00 5.000000e+00 3.526418e+00
      vertex   1.866923e+00 5.000000e+00 2.411866e+00
      vertex   1.613340e+00 5.000000e+00 2.588365e+00
    endloop
  endfacet
  facet normal 0.000000e+00 1.000000e+00 0.000000e+00
    outer loop
      vertex   2.372104e+00 5.000000e+00 3.526418e+00
      vertex   1.613340e+00 5.000000e+00 2.588365e+00
      vertex   2.065671e+00 5.000000e+00 3.714230e+00
    endloop
  endfacet
  facet normal 0.000000e+00 1.000000e+00 0.000000e+00
    outer loop
      vertex   2.065671e+00 5.000000e+00 3.714230e+00
      vertex   1.613340e+00 5.000000e+00 2.588365e+00
      vertex   1.343202e+00 5.000000e+00 2.738304e+00
    endloop
  endfacet
  facet normal 0.000000e+00 1.000000e+00 0.000000e+00
    outer loop
      vertex   2.065671e+00 5.000000e+00 3.714230e+00
      vertex   1.343202e+00 5.000000e+00 2.738304e+00
      vertex   1.744464e+00 5.000000e+00 3.875480e+00
    endloop
  endfacet
  facet normal 0.000000e+00 1.000000e+00 0.000000e+00
    outer loop
      vertex   1.744464e+00 5.000000e+00 3.875480e+00
      vertex   1.343202e+00 5.000000e+00 2.738304e+00
      vertex   1.059281e+00 5.000000e+00 2.860144e+00
    endloop
  endfacet
  facet normal 0.000000e+00 1.000000e+00 0.000000e+00
    outer loop
      vertex   1.744464e+00 5.000000e+00 3.875480e+00
      vertex   1.059281e+00 5.000000e+00 2.860144e+00
      vertex   1.410782e+00 5.000000e+00 4.009014e+00
    endloop
  endfacet
  facet normal 0.000000e+00 1.000000e+00 0.000000e+00
    outer loop
      vertex   1.410782e+00 5.000000e+00 4.009014e+00
      vertex   1.059281e+00 5.000000e+00 2.860144e+00
      vertex   7.644902e-01 5.000000e+00 2.952635e+00
    endloop
  endfacet
  facet normal 0.000000e+00 1.000000e+00 0.000000e+00
    outer loop
      vertex   1.410782e+00 5.000000e+00 4.009014e+00
      vertex   7.644902e-01 5.000000e+00 2.952635e+00
      vertex   1.067010e+00 5.000000e+00 4.113878e+00
    endloop
  endfacet
  facet normal 0.000000e+00 1.000000e+00 0.000000e+00
    outer loop
      vertex   1.067010e+00 5.000000e+00 4.113878e+00
      vertex   7.644902e-01 5.000000e+00 2.952635e+00
      vertex   7.156081e-01 5.000000e+00 4.189320e+00
    endloop
  endfacet
  facet normal 0.000000e+00 1.000000e+00 0.000000e+00
    outer loop
      vertex   7.156081e-01 5.000000e+00 4.189320e+00
      vertex   7.644902e-01 5.000000e+00 2.952635e+00
      vertex   4.618547e-01 5.000000e+00 3.014828e+00
    endloop
  endfacet
  facet normal 0.000000e+00 1.000000e+00 0.000000e+00
    outer loop
      vertex   7.156081e-01 5.000000e+00 4.189320e+00
      vertex   4.618547e-01 5.000000e+00 3.014828e+00
      vertex   3.590881e-01 5.000000e+00 4.234803e+00
    endloop
  endfacet
  facet normal 0.000000e+00 1.000000e+00 0.000000e+00
    outer loop
      vertex   3.590881e-01 5.000000e+00 4.234803e+00
      vertex   4.618547e-01 5.000000e+00 3.014828e+00
      vertex   1.544800e-01 5.000000e+00 3.046085e+00
    endloop
  endfacet
  facet normal 0.000000e+00 1.000000e+00 0.000000e+00
    outer loop
      vertex   3.590881e-01 5.000000e+00 4.234803e+00
      vertex   1.544800e-01 5.000000e+00 3.046085e+00
      vertex   -2.602374e-16 5.000000e+00 4.250000e+00
    endloop
  endfacet
  facet normal 0.000000e+00 1.000000e+00 0.000000e+00
    outer loop
      vertex   -2.602374e-16 5.000000e+00 4.250000e+00
      vertex   1.544800e-01 5.000000e+00 3.046085e+00
      vertex   -1.544800e-01 5.000000e+00 3.046085e+00
    endloop
  endfacet
  facet normal 0.000000e+00 1.000000e+00 0.000000e+00
    outer loop
      vertex   -2.602374e-16 5.000000e+00 4.250000e+00
      vertex   -1.544800e-01 5.000000e+00 3.046085e+00
      vertex   -3.590881e-01 5.000000e+00 4.234803e+00
    endloop
  endfacet
  facet normal 0.000000e+00 1.000000e+00 0.000000e+00
    outer loop
      vertex   -3.590881e-01 5.000000e+00 4.234803e+00
      vertex   -1.544800e-01 5.000000e+00 3.046085e+00
      vertex   -4.618547e-01 5.000000e+00 3.014828e+00
    endloop
  endfacet
  facet normal 0.000000e+00 1.000000e+00 0.000000e+00
    outer loop
      vertex   -3.590881e-01 5.000000e+00 4.234803e+00
      vertex   -4.618547e-01 5.000000e+00 3.014828e+00
      vertex   -7.156081e-01 5.000000e+00 4.189320e+00
    endloop
  endfacet
  facet normal 0.000000e+00 1.000000e+00 0.000000e+00
    outer loop
      vertex   -7.156081e-01 5.000000e+00 4.189320e+00
      vertex   -4.618547e-01 5.000000e+00 3.014828e+00
      vertex   -7.644902e-01 5.000000e+00 2.952635e+00
    endloop
  endfacet
  facet normal 0.000000e+00 1.000000e+00 0.000000e+00
    outer loop
      vertex   -7.156081e-01 5.000000e+00 4.189320e+00
      vertex   -7.644902e-01 5.000000e+00 2.952635e+00
      vertex   -1.067010e+00 5.000000e+00 4.113878e+00
    endloop
  endfacet
  facet normal 0.000000e+00 1.000000e+00 0.000000e+00
    outer loop
      vertex   -1.067010e+00 5.000000e+00 4.113878e+00
      vertex   -7.644902e-01 5.000000e+00 2.952635e+00
      vertex   -1.410782e+00 5.000000e+00 4.009014e+00
    endloop
  endfacet
  facet normal 0.000000e+00 1.000000e+00 0.000000e+00
    outer loop
      vertex   -1.410782e+00 5.000000e+00 4.009014e+00
      vertex   -7.644902e-01 5.000000e+00 2.952635e+00
      vertex   -1.059281e+00 5.000000e+00 2.860144e+00
    endloop
  endfacet
  facet normal 0.000000e+00 1.000000e+00 0.000000e+00
    outer loop
      vertex   -1.410782e+00 5.000000e+00 4.009014e+00
      vertex   -1.059281e+00 5.000000e+00 2.860144e+00
      vertex   -1.744464e+00 5.000000e+00 3.875480e+00
    endloop
  endfacet
  facet normal 0.000000e+00 1.000000e+00 0.000000e+00
    outer loop
      vertex   -1.744464e+00 5.000000e+00 3.875480e+00
      vertex   -1.059281e+00 5.000000e+00 2.860144e+00
      vertex   -1.343202e+00 5.000000e+00 2.738304e+00
    endloop
  endfacet
  facet normal 0.000000e+00 1.000000e+00 0.000000e+00
    outer loop
      vertex   -1.744464e+00 5.000000e+00 3.875480e+00
      vertex   -1.343202e+00 5.000000e+00 2.738304e+00
      vertex   -2.065671e+00 5.000000e+00 3.714230e+00
    endloop
  endfacet
  facet normal 0.000000e+00 1.000000e+00 0.000000e+00
    outer loop
      vertex   -2.065671e+00 5.000000e+00 3.714230e+00
      vertex   -1.343202e+00 5.000000e+00 2.738304e+00
      vertex   -1.613340e+00 5.000000e+00 2.588365e+00
    endloop
  endfacet
  facet normal 0.000000e+00 1.000000e+00 0.000000e+00
    outer loop
      vertex   -2.065671e+00 5.000000e+00 3.714230e+00
      vertex   -1.613340e+00 5.000000e+00 2.588365e+00
      vertex   -2.372104e+00 5.000000e+00 3.526418e+00
    endloop
  endfacet
  facet normal 0.000000e+00 1.000000e+00 0.000000e+00
    outer loop
      vertex   -2.372104e+00 5.000000e+00 3.526418e+00
      vertex   -1.613340e+00 5.000000e+00 2.588365e+00
      vertex   -1.866923e+00 5.000000e+00 2.411866e+00
    endloop
  endfacet
  facet normal 0.000000e+00 1.000000e+00 0.000000e+00
    outer loop
      vertex   -2.372104e+00 5.000000e+00 3.526418e+00
      vertex   -1.866923e+00 5.000000e+00 2.411866e+00
      vertex   -2.661574e+00 5.000000e+00 3.313386e+00
    endloop
  endfacet
  facet normal 0.000000e+00 1.000000e+00 0.000000e+00
    outer loop
      vertex   -2.661574e+00 5.000000e+00 3.313386e+00
      vertex   -1.866923e+00 5.000000e+00 2.411866e+00
      vertex   -2.101349e+00 5.000000e+00 2.210618e+00
    endloop
  endfacet
  facet normal 0.000000e+00 1.000000e+00 0.000000e+00
    outer loop
      vertex   -2.661574e+00 5.000000e+00 3.313386e+00
      vertex   -2.101349e+00 5.000000e+00 2.210618e+00
      vertex   -2.932009e+00 5.000000e+00 3.076658e+00
    endloop
  endfacet
  facet normal 0.000000e+00 1.000000e+00 0.000000e+00
    outer loop
      vertex   -2.932009e+00 5.000000e+00 3.076658e+00
      vertex   -2.101349e+00 5.000000e+00 2.210618e+00
      vertex   -2.314212e+00 5.000000e+00 1.986686e+00
    endloop
  endfacet
  facet normal 0.000000e+00 1.000000e+00 0.000000e+00
    outer loop
      vertex   -2.932009e+00 5.000000e+00 3.076658e+00
      vertex   -2.314212e+00 5.000000e+00 1.986686e+00
      vertex   -3.181476e+00 5.000000e+00 2.817927e+00
    endloop
  endfacet
  facet normal 0.000000e+00 1.000000e+00 0.000000e+00
    outer loop
      vertex   -3.181476e+00 5.000000e+00 2.817927e+00
      vertex   -2.314212e+00 5.000000e+00 1.986686e+00
      vertex   -3.408190e+00 5.000000e+00 2.539044e+00
    endloop
  endfacet
  facet normal 0.000000e+00 1.000000e+00 0.000000e+00
    outer loop
      vertex   -3.408190e+00 5.000000e+00 2.539044e+00
      vertex   -2.314212e+00 5.000000e+00 1.986686e+00
      vertex   -2.503328e+00 5.000000e+00 1.742368e+00
    endloop
  endfacet
  facet normal 0.000000e+00 1.000000e+00 0.000000e+00
    outer loop
      vertex   -3.408190e+00 5.000000e+00 2.539044e+00
      vertex   -2.503328e+00 5.000000e+00 1.742368e+00
      vertex   -3.610530e+00 5.000000e+00 2.242002e+00
    endloop
  endfacet
  facet normal 0.000000e+00 1.000000e+00 0.000000e+00
    outer loop
      vertex   -3.610530e+00 5.000000e+00 2.242002e+00
      vertex   -2.503328e+00 5.000000e+00 1.742368e+00
      vertex   -2.666757e+00 5.000000e+00 1.480171e+00
    endloop
  endfacet
  facet normal 0.000000e+00 1.000000e+00 0.000000e+00
    outer loop
      vertex   -3.610530e+00 5.000000e+00 2.242002e+00
      vertex   -2.666757e+00 5.000000e+00 1.480171e+00
      vertex   -3.787049e+00 5.000000e+00 1.928927e+00
    endloop
  endfacet
  facet normal 0.000000e+00 1.000000e+00 0.000000e+00
    outer loop
      vertex   -3.787049e+00 5.000000e+00 1.928927e+00
      vertex   -2.666757e+00 5.000000e+00 1.480171e+00
      vertex   -2.802821e+00 5.000000e+00 1.202785e+00
    endloop
  endfacet
  facet normal 0.000000e+00 1.000000e+00 0.000000e+00
    outer loop
      vertex   -3.787049e+00 5.000000e+00 1.928927e+00
      vertex   -2.802821e+00 5.000000e+00 1.202785e+00
      vertex   -3.936485e+00 5.000000e+00 1.602057e+00
    endloop
  endfacet
  facet normal 0.000000e+00 1.000000e+00 0.000000e+00
    outer loop
      vertex   -3.936485e+00 5.000000e+00 1.602057e+00
      vertex   -2.802821e+00 5.000000e+00 1.202785e+00
      vertex   -2.910125e+00 5.000000e+00 9.130575e-01
    endloop
  endfacet
  facet normal 0.000000e+00 1.000000e+00 0.000000e+00
    outer loop
      vertex   -3.936485e+00 5.000000e+00 1.602057e+00
      vertex   -2.910125e+00 5.000000e+00 9.130575e-01
      vertex   -4.057769e+00 5.000000e+00 1.263730e+00
    endloop
  endfacet
  facet normal 0.000000e+00 1.000000e+00 0.000000e+00
    outer loop
      vertex   -4.057769e+00 5.000000e+00 1.263730e+00
      vertex   -2.910125e+00 5.000000e+00 9.130575e-01
      vertex   -4.150033e+00 5.000000e+00 9.163646e-01
    endloop
  endfacet
  facet normal 0.000000e+00 1.000000e+00 0.000000e+00
    outer loop
      vertex   -4.150033e+00 5.000000e+00 9.163646e-01
      vertex   -2.910125e+00 5.000000e+00 9.130575e-01
      vertex   -2.987566e+00 5.000000e+00 6.139605e-01
    endloop
  endfacet
  facet normal 0.000000e+00 1.000000e+00 0.000000e+00
    outer loop
      vertex   -4.150033e+00 5.000000e+00 9.163646e-01
      vertex   -2.987566e+00 5.000000e+00 6.139605e-01
      vertex   -4.212618e+00 5.000000e+00 5.624461e-01
    endloop
  endfacet
  facet normal -0.000000e+00 1.000000e+00 0.000000e+00
    outer loop
      vertex   -4.212618e+00 5.000000e+00 5.624461e-01
      vertex   -2.987566e+00 5.000000e+00 6.139605e-01
      vertex   -3.034351e+00 5.000000e+00 3.085634e-01
    endloop
  endfacet
  facet normal 0.000000e+00 1.000000e+00 0.000000e+00
    outer loop
      vertex   -4.212618e+00 5.000000e+00 5.624461e-01
      vertex   -3.034351e+00 5.000000e+00 3.085634e-01
      vertex   -4.245077e+00 5.000000e+00 2.045053e-01
    endloop
  endfacet
  facet normal -0.000000e+00 1.000000e+00 0.000000e+00
    outer loop
      vertex   -4.245077e+00 5.000000e+00 2.045053e-01
      vertex   -3.034351e+00 5.000000e+00 3.085634e-01
      vertex   -3.050000e+00 5.000000e+00 0.000000e+00
    endloop
  endfacet
  facet normal 0.000000e+00 1.000000e+00 0.000000e+00
    outer loop
      vertex   -4.245077e+00 5.000000e+00 2.045053e-01
      vertex   -3.050000e+00 5.000000e+00 0.000000e+00
      vertex   -4.247176e+00 5.000000e+00 -1.548980e-01
    endloop
  endfacet
  facet normal -0.000000e+00 1.000000e+00 0.000000e+00
    outer loop
      vertex   -4.247176e+00 5.000000e+00 -1.548980e-01
      vertex   -3.050000e+00 5.000000e+00 0.000000e+00
      vertex   -3.034351e+00 5.000000e+00 -3.085634e-01
    endloop
  endfacet
  facet normal 0.000000e+00 1.000000e+00 0.000000e+00
    outer loop
      vertex   -4.247176e+00 5.000000e+00 -1.548980e-01
      vertex   -3.034351e+00 5.000000e+00 -3.085634e-01
      vertex   -3.082573e+00 5.000000e+00 -5.131936e-01
    endloop
  endfacet
  facet normal -0.000000e+00 1.000000e+00 0.000000e+00
    outer loop
      vertex   -3.082573e+00 5.000000e+00 -5.131936e-01
      vertex   -3.034351e+00 5.000000e+00 -3.085634e-01
      vertex   -2.987566e+00 5.000000e+00 -6.139605e-01
    endloop
  endfacet
  facet normal 0.000000e+00 1.000000e+00 0.000000e+00
    outer loop
      vertex   -3.082573e+00 5.000000e+00 -5.131936e-01
      vertex   -2.987566e+00 5.000000e+00 -6.139605e-01
      vertex   -3.016731e+00 5.000000e+00 -8.154514e-01
    endloop
  endfacet
  facet normal -0.000000e+00 1.000000e+00 0.000000e+00
    outer loop
      vertex   -3.016731e+00 5.000000e+00 -8.154514e-01
      vertex   -2.987566e+00 5.000000e+00 -6.139605e-01
      vertex   -2.910125e+00 5.000000e+00 -9.130575e-01
    endloop
  endfacet
  facet normal 0.000000e+00 1.000000e+00 0.000000e+00
    outer loop
      vertex   -3.016731e+00 5.000000e+00 -8.154514e-01
      vertex   -2.910125e+00 5.000000e+00 -9.130575e-01
      vertex   -2.921327e+00 5.000000e+00 -1.109718e+00
    endloop
  endfacet
  facet normal -0.000000e+00 1.000000e+00 0.000000e+00
    outer loop
      vertex   -2.921327e+00 5.000000e+00 -1.109718e+00
      vertex   -2.910125e+00 5.000000e+00 -9.130575e-01
      vertex   -2.802821e+00 5.000000e+00 -1.202785e+00
    endloop
  endfacet
  facet normal 0.000000e+00 1.000000e+00 0.000000e+00
    outer loop
      vertex   -2.921327e+00 5.000000e+00 -1.109718e+00
      vertex   -2.802821e+00 5.000000e+00 -1.202785e+00
      vertex   -2.797296e+00 5.000000e+00 -1.393111e+00
    endloop
  endfacet
  facet normal -0.000000e+00 1.000000e+00 -0.000000e+00
    outer loop
      vertex   -2.797296e+00 5.000000e+00 -1.393111e+00
      vertex   -2.802821e+00 5.000000e+00 -1.202785e+00
      vertex   -2.666757e+00 5.000000e+00 -1.480171e+00
    endloop
  endfacet
  facet normal 0.000000e+00 1.000000e+00 0.000000e+00
    outer loop
      vertex   -2.797296e+00 5.000000e+00 -1.393111e+00
      vertex   -2.666757e+00 5.000000e+00 -1.480171e+00
      vertex   -2.645855e+00 5.000000e+00 -1.662853e+00
    endloop
  endfacet
  facet normal -0.000000e+00 1.000000e+00 -0.000000e+00
    outer loop
      vertex   -2.645855e+00 5.000000e+00 -1.662853e+00
      vertex   -2.666757e+00 5.000000e+00 -1.480171e+00
      vertex   -2.503328e+00 5.000000e+00 -1.742368e+00
    endloop
  endfacet
  facet normal 0.000000e+00 1.000000e+00 0.000000e+00
    outer loop
      vertex   -2.645855e+00 5.000000e+00 -1.662853e+00
      vertex   -2.503328e+00 5.000000e+00 -1.742368e+00
      vertex   -2.468486e+00 5.000000e+00 -1.916299e+00
    endloop
  endfacet
  facet normal -0.000000e+00 1.000000e+00 -0.000000e+00
    outer loop
      vertex   -2.468486e+00 5.000000e+00 -1.916299e+00
      vertex   -2.503328e+00 5.000000e+00 -1.742368e+00
      vertex   -2.314212e+00 5.000000e+00 -1.986686e+00
    endloop
  endfacet
  facet normal 0.000000e+00 1.000000e+00 0.000000e+00
    outer loop
      vertex   -2.468486e+00 5.000000e+00 -1.916299e+00
      vertex   -2.314212e+00 5.000000e+00 -1.986686e+00
      vertex   -2.266928e+00 5.000000e+00 -2.150968e+00
    endloop
  endfacet
  facet normal -0.000000e+00 1.000000e+00 -0.000000e+00
    outer loop
      vertex   -2.266928e+00 5.000000e+00 -2.150968e+00
      vertex   -2.314212e+00 5.000000e+00 -1.986686e+00
      vertex   -2.101349e+00 5.000000e+00 -2.210618e+00
    endloop
  endfacet
  facet normal 0.000000e+00 1.000000e+00 0.000000e+00
    outer loop
      vertex   -2.266928e+00 5.000000e+00 -2.150968e+00
      vertex   -2.101349e+00 5.000000e+00 -2.210618e+00
      vertex   -2.043156e+00 5.000000e+00 -2.364559e+00
    endloop
  endfacet
  facet normal -0.000000e+00 1.000000e+00 -0.000000e+00
    outer loop
      vertex   -2.043156e+00 5.000000e+00 -2.364559e+00
      vertex   -2.101349e+00 5.000000e+00 -2.210618e+00
      vertex   -1.866923e+00 5.000000e+00 -2.411866e+00
    endloop
  endfacet
  facet normal 0.000000e+00 1.000000e+00 0.000000e+00
    outer loop
      vertex   -2.043156e+00 5.000000e+00 -2.364559e+00
      vertex   -1.866923e+00 5.000000e+00 -2.411866e+00
      vertex   -1.799363e+00 5.000000e+00 -2.554979e+00
    endloop
  endfacet
  facet normal -0.000000e+00 1.000000e+00 -0.000000e+00
    outer loop
      vertex   -1.799363e+00 5.000000e+00 -2.554979e+00
      vertex   -1.866923e+00 5.000000e+00 -2.411866e+00
      vertex   -1.613340e+00 5.000000e+00 -2.588365e+00
    endloop
  endfacet
  facet normal 0.000000e+00 1.000000e+00 0.000000e+00
    outer loop
      vertex   -1.799363e+00 5.000000e+00 -2.554979e+00
      vertex   -1.613340e+00 5.000000e+00 -2.588365e+00
      vertex   -1.537937e+00 5.000000e+00 -2.720363e+00
    endloop
  endfacet
  facet normal -0.000000e+00 1.000000e+00 -0.000000e+00
    outer loop
      vertex   -1.537937e+00 5.000000e+00 -2.720363e+00
      vertex   -1.613340e+00 5.000000e+00 -2.588365e+00
      vertex   -1.343202e+00 5.000000e+00 -2.738304e+00
    endloop
  endfacet
  facet normal 0.000000e+00 1.000000e+00 0.000000e+00
    outer loop
      vertex   -1.537937e+00 5.000000e+00 -2.720363e+00
      vertex   -1.343202e+00 5.000000e+00 -2.738304e+00
      vertex   -1.261441e+00 5.000000e+00 -2.859089e+00
    endloop
  endfacet
  facet normal -0.000000e+00 1.000000e+00 -0.000000e+00
    outer loop
      vertex   -1.261441e+00 5.000000e+00 -2.859089e+00
      vertex   -1.343202e+00 5.000000e+00 -2.738304e+00
      vertex   -1.059281e+00 5.000000e+00 -2.860144e+00
    endloop
  endfacet
  facet normal 0.000000e+00 1.000000e+00 0.000000e+00
    outer loop
      vertex   -1.261441e+00 5.000000e+00 -2.859089e+00
      vertex   -1.059281e+00 5.000000e+00 -2.860144e+00
      vertex   -9.725841e-01 5.000000e+00 -2.969799e+00
    endloop
  endfacet
  facet normal 0.000000e+00 1.000000e+00 -0.000000e+00
    outer loop
      vertex   -9.725841e-01 5.000000e+00 -2.969799e+00
      vertex   -1.059281e+00 5.000000e+00 -2.860144e+00
      vertex   -7.644902e-01 5.000000e+00 -2.952635e+00
    endloop
  endfacet
  facet normal -0.000000e+00 1.000000e+00 0.000000e+00
    outer loop
      vertex   -9.725841e-01 5.000000e+00 -2.969799e+00
      vertex   -7.644902e-01 5.000000e+00 -2.952635e+00
      vertex   -6.741966e-01 5.000000e+00 -3.051407e+00
    endloop
  endfacet
  facet normal 0.000000e+00 1.000000e+00 -0.000000e+00
    outer loop
      vertex   -6.741966e-01 5.000000e+00 -3.051407e+00
      vertex   -7.644902e-01 5.000000e+00 -2.952635e+00
      vertex   -4.618547e-01 5.000000e+00 -3.014828e+00
    endloop
  endfacet
  facet normal -0.000000e+00 1.000000e+00 0.000000e+00
    outer loop
      vertex   -6.741966e-01 5.000000e+00 -3.051407e+00
      vertex   -4.618547e-01 5.000000e+00 -3.014828e+00
      vertex   -3.692025e-01 5.000000e+00 -3.103114e+00
    endloop
  endfacet
  facet normal 0.000000e+00 1.000000e+00 -0.000000e+00
    outer loop
      vertex   -3.692025e-01 5.000000e+00 -3.103114e+00
      vertex   -4.618547e-01 5.000000e+00 -3.014828e+00
      vertex   -1.544800e-01 5.000000e+00 -3.046085e+00
    endloop
  endfacet
  facet normal -0.000000e+00 1.000000e+00 0.000000e+00
    outer loop
      vertex   -3.692025e-01 5.000000e+00 -3.103114e+00
      vertex   -1.544800e-01 5.000000e+00 -3.046085e+00
      vertex   -1.768119e-01 5.000000e+00 -4.468639e+00
    endloop
  endfacet
  facet normal 0.000000e+00 1.000000e+00 0.000000e+00
    outer loop
      vertex   -1.768119e-01 5.000000e+00 -4.468639e+00
      vertex   -1.544800e-01 5.000000e+00 -3.046085e+00
      vertex   1.544800e-01 5.000000e+00 -3.046085e+00
    endloop
  endfacet
  facet normal 0.000000e+00 1.000000e+00 -0.000000e+00
    outer loop
      vertex   2.500000e+00 5.000000e+00 -3.708099e+00
      vertex   2.199204e+00 5.000000e+00 -3.894034e+00
      vertex   2.500000e+00 5.000000e+00 -3.103114e+00
    endloop
  endfacet
  facet normal 0.000000e+00 1.000000e+00 0.000000e+00
    outer loop
      vertex   2.500000e+00 5.000000e+00 -3.103114e+00
      vertex   2.199204e+00 5.000000e+00 -3.894034e+00
      vertex   1.884658e+00 5.000000e+00 -4.055621e+00
    endloop
  endfacet
  facet normal 0.000000e+00 1.000000e+00 0.000000e+00
    outer loop
      vertex   2.500000e+00 5.000000e+00 -3.103114e+00
      vertex   1.884658e+00 5.000000e+00 -4.055621e+00
      vertex   3.692025e-01 5.000000e+00 -3.103114e+00
    endloop
  endfacet
  facet normal 0.000000e+00 1.000000e+00 0.000000e+00
    outer loop
      vertex   3.692025e-01 5.000000e+00 -3.103114e+00
      vertex   1.884658e+00 5.000000e+00 -4.055621e+00
      vertex   1.558328e+00 5.000000e+00 -4.191851e+00
    endloop
  endfacet
  facet normal 0.000000e+00 1.000000e+00 0.000000e+00
    outer loop
      vertex   3.692025e-01 5.000000e+00 -3.103114e+00
      vertex   1.558328e+00 5.000000e+00 -4.191851e+00
      vertex   1.222254e+00 5.000000e+00 -4.301871e+00
    endloop
  endfacet
  facet normal 0.000000e+00 1.000000e+00 0.000000e+00
    outer loop
      vertex   1.222254e+00 5.000000e+00 -4.301871e+00
      vertex   8.785389e-01 5.000000e+00 -4.384994e+00
      vertex   3.692025e-01 5.000000e+00 -3.103114e+00
    endloop
  endfacet
  facet normal 0.000000e+00 1.000000e+00 0.000000e+00
    outer loop
      vertex   3.692025e-01 5.000000e+00 -3.103114e+00
      vertex   8.785389e-01 5.000000e+00 -4.384994e+00
      vertex   5.293302e-01 5.000000e+00 -4.440699e+00
    endloop
  endfacet
  facet normal 0.000000e+00 1.000000e+00 0.000000e+00
    outer loop
      vertex   3.692025e-01 5.000000e+00 -3.103114e+00
      vertex   5.293302e-01 5.000000e+00 -4.440699e+00
      vertex   1.768119e-01 5.000000e+00 -4.468639e+00
    endloop
  endfacet
  facet normal 0.000000e+00 1.000000e+00 0.000000e+00
    outer loop
      vertex   -1.768119e-01 5.000000e+00 -4.468639e+00
      vertex   -5.293302e-01 5.000000e+00 -4.440699e+00
      vertex   -3.692025e-01 5.000000e+00 -3.103114e+00
    endloop
  endfacet
  facet normal 0.000000e+00 1.000000e+00 0.000000e+00
    outer loop
      vertex   -3.692025e-01 5.000000e+00 -3.103114e+00
      vertex   -5.293302e-01 5.000000e+00 -4.440699e+00
      vertex   -8.785389e-01 5.000000e+00 -4.384994e+00
    endloop
  endfacet
  facet normal 0.000000e+00 1.000000e+00 0.000000e+00
    outer loop
      vertex   -3.692025e-01 5.000000e+00 -3.103114e+00
      vertex   -8.785389e-01 5.000000e+00 -4.384994e+00
      vertex   -1.222254e+00 5.000000e+00 -4.301871e+00
    endloop
  endfacet
  facet normal 0.000000e+00 1.000000e+00 -0.000000e+00
    outer loop
      vertex   -1.222254e+00 5.000000e+00 -4.301871e+00
      vertex   -1.558328e+00 5.000000e+00 -4.191851e+00
      vertex   -3.692025e-01 5.000000e+00 -3.103114e+00
    endloop
  endfacet
  facet normal 0.000000e+00 1.000000e+00 0.000000e+00
    outer loop
      vertex   -3.692025e-01 5.000000e+00 -3.103114e+00
      vertex   -1.558328e+00 5.000000e+00 -4.191851e+00
      vertex   -1.884658e+00 5.000000e+00 -4.055621e+00
    endloop
  endfacet
  facet normal 0.000000e+00 1.000000e+00 0.000000e+00
    outer loop
      vertex   -3.692025e-01 5.000000e+00 -3.103114e+00
      vertex   -1.884658e+00 5.000000e+00 -4.055621e+00
      vertex   -2.500000e+00 5.000000e+00 -3.103114e+00
    endloop
  endfacet
  facet normal 0.000000e+00 1.000000e+00 0.000000e+00
    outer loop
      vertex   -2.500000e+00 5.000000e+00 -3.103114e+00
      vertex   -1.884658e+00 5.000000e+00 -4.055621e+00
      vertex   -2.199204e+00 5.000000e+00 -3.894034e+00
    endloop
  endfacet
  facet normal 0.000000e+00 1.000000e+00 0.000000e+00
    outer loop
      vertex   -2.500000e+00 5.000000e+00 -3.103114e+00
      vertex   -2.199204e+00 5.000000e+00 -3.894034e+00
      vertex   -2.500000e+00 5.000000e+00 -3.708099e+00
    endloop
  endfacet
  facet normal 0.000000e+00 1.000000e+00 0.000000e+00
    outer loop
      vertex   -3.082573e+00 5.000000e+00 -5.131936e-01
      vertex   -4.218902e+00 5.000000e+00 -5.131936e-01
      vertex   -4.247176e+00 5.000000e+00 -1.548980e-01
    endloop
  endfacet
  facet normal 0.000000e+00 1.000000e+00 0.000000e+00
    outer loop
      vertex   4.247176e+00 5.000000e+00 -1.548980e-01
      vertex   4.218902e+00 5.000000e+00 -5.131936e-01
      vertex   3.082573e+00 5.000000e+00 -5.131936e-01
    endloop
  endfacet
  facet normal 0.000000e+00 1.000000e+00 0.000000e+00
    outer loop
      vertex   -3.692025e-01 4.000000e+00 -3.103114e+00
      vertex   -2.500000e+00 4.000000e+00 -3.103114e+00
      vertex   -6.741966e-01 4.000000e+00 -3.051407e+00
    endloop
  endfacet
  facet normal 0.000000e+00 1.000000e+00 0.000000e+00
    outer loop
      vertex   -6.741966e-01 4.000000e+00 -3.051407e+00
      vertex   -2.500000e+00 4.000000e+00 -3.103114e+00
      vertex   -9.725841e-01 4.000000e+00 -2.969799e+00
    endloop
  endfacet
  facet normal 0.000000e+00 1.000000e+00 0.000000e+00
    outer loop
      vertex   -9.725841e-01 4.000000e+00 -2.969799e+00
      vertex   -2.500000e+00 4.000000e+00 -3.103114e+00
      vertex   -1.261441e+00 4.000000e+00 -2.859089e+00
    endloop
  endfacet
  facet normal 0.000000e+00 1.000000e+00 0.000000e+00
    outer loop
      vertex   -1.261441e+00 4.000000e+00 -2.859089e+00
      vertex   -2.500000e+00 4.000000e+00 -3.103114e+00
      vertex   -1.537937e+00 4.000000e+00 -2.720363e+00
    endloop
  endfacet
  facet normal 0.000000e+00 1.000000e+00 0.000000e+00
    outer loop
      vertex   -1.537937e+00 4.000000e+00 -2.720363e+00
      vertex   -2.500000e+00 4.000000e+00 -3.103114e+00
      vertex   -1.799363e+00 4.000000e+00 -2.554979e+00
    endloop
  endfacet
  facet normal 0.000000e+00 1.000000e+00 0.000000e+00
    outer loop
      vertex   -1.799363e+00 4.000000e+00 -2.554979e+00
      vertex   -2.500000e+00 4.000000e+00 -3.103114e+00
      vertex   -2.043156e+00 4.000000e+00 -2.364559e+00
    endloop
  endfacet
  facet normal 0.000000e+00 1.000000e+00 0.000000e+00
    outer loop
      vertex   -2.043156e+00 4.000000e+00 -2.364559e+00
      vertex   -2.500000e+00 4.000000e+00 -3.103114e+00
      vertex   -2.266928e+00 4.000000e+00 -2.150968e+00
    endloop
  endfacet
  facet normal 0.000000e+00 1.000000e+00 0.000000e+00
    outer loop
      vertex   -2.266928e+00 4.000000e+00 -2.150968e+00
      vertex   -2.500000e+00 4.000000e+00 -3.103114e+00
      vertex   -2.468486e+00 4.000000e+00 -1.916299e+00
    endloop
  endfacet
  facet normal 0.000000e+00 1.000000e+00 0.000000e+00
    outer loop
      vertex   -2.468486e+00 4.000000e+00 -1.916299e+00
      vertex   -2.500000e+00 4.000000e+00 -3.103114e+00
      vertex   -2.934174e+00 4.000000e+00 -3.375000e+00
    endloop
  endfacet
  facet normal 0.000000e+00 1.000000e+00 0.000000e+00
    outer loop
      vertex   -2.468486e+00 4.000000e+00 -1.916299e+00
      vertex   -2.934174e+00 4.000000e+00 -3.375000e+00
      vertex   -5.191544e+00 4.000000e+00 -3.007968e+00
    endloop
  endfacet
  facet normal 0.000000e+00 1.000000e+00 0.000000e+00
    outer loop
      vertex   -5.191544e+00 4.000000e+00 -3.007968e+00
      vertex   -2.934174e+00 4.000000e+00 -3.375000e+00
      vertex   -4.960784e+00 4.000000e+00 -3.375000e+00
    endloop
  endfacet
  facet normal 0.000000e+00 1.000000e+00 -0.000000e+00
    outer loop
      vertex   -2.500000e+00 4.000000e+00 -3.708099e+00
      vertex   -2.649217e+00 4.000000e+00 -3.603005e+00
      vertex   -2.500000e+00 4.000000e+00 -3.103114e+00
    endloop
  endfacet
  facet normal 0.000000e+00 1.000000e+00 0.000000e+00
    outer loop
      vertex   -2.500000e+00 4.000000e+00 -3.103114e+00
      vertex   -2.649217e+00 4.000000e+00 -3.603005e+00
      vertex   -2.794022e+00 4.000000e+00 -3.491911e+00
    endloop
  endfacet
  facet normal 0.000000e+00 1.000000e+00 0.000000e+00
    outer loop
      vertex   -2.500000e+00 4.000000e+00 -3.103114e+00
      vertex   -2.794022e+00 4.000000e+00 -3.491911e+00
      vertex   -2.934174e+00 4.000000e+00 -3.375000e+00
    endloop
  endfacet
  facet normal 0.000000e+00 1.000000e+00 0.000000e+00
    outer loop
      vertex   -2.468486e+00 4.000000e+00 -1.916299e+00
      vertex   -5.191544e+00 4.000000e+00 -3.007968e+00
      vertex   -2.645855e+00 4.000000e+00 -1.662853e+00
    endloop
  endfacet
  facet normal 0.000000e+00 1.000000e+00 0.000000e+00
    outer loop
      vertex   -2.645855e+00 4.000000e+00 -1.662853e+00
      vertex   -5.191544e+00 4.000000e+00 -3.007968e+00
      vertex   -5.395198e+00 4.000000e+00 -2.625232e+00
    endloop
  endfacet
  facet normal 0.000000e+00 1.000000e+00 0.000000e+00
    outer loop
      vertex   -2.645855e+00 4.000000e+00 -1.662853e+00
      vertex   -5.395198e+00 4.000000e+00 -2.625232e+00
      vertex   -2.797296e+00 4.000000e+00 -1.393111e+00
    endloop
  endfacet
  facet normal 0.000000e+00 1.000000e+00 0.000000e+00
    outer loop
      vertex   -2.797296e+00 4.000000e+00 -1.393111e+00
      vertex   -5.395198e+00 4.000000e+00 -2.625232e+00
      vertex   -5.570682e+00 4.000000e+00 -2.228788e+00
    endloop
  endfacet
  facet normal 0.000000e+00 1.000000e+00 0.000000e+00
    outer loop
      vertex   -2.797296e+00 4.000000e+00 -1.393111e+00
      vertex   -5.570682e+00 4.000000e+00 -2.228788e+00
      vertex   -5.717082e+00 4.000000e+00 -1.820708e+00
    endloop
  endfacet
  facet normal 0.000000e+00 1.000000e+00 0.000000e+00
    outer loop
      vertex   -2.797296e+00 4.000000e+00 -1.393111e+00
      vertex   -5.717082e+00 4.000000e+00 -1.820708e+00
      vertex   -4.218902e+00 4.000000e+00 -5.131936e-01
    endloop
  endfacet
  facet normal 0.000000e+00 1.000000e+00 0.000000e+00
    outer loop
      vertex   -4.218902e+00 4.000000e+00 -5.131936e-01
      vertex   -5.717082e+00 4.000000e+00 -1.820708e+00
      vertex   -5.833631e+00 4.000000e+00 -1.403122e+00
    endloop
  endfacet
  facet normal 0.000000e+00 1.000000e+00 0.000000e+00
    outer loop
      vertex   -4.218902e+00 4.000000e+00 -5.131936e-01
      vertex   -5.833631e+00 4.000000e+00 -1.403122e+00
      vertex   -5.919722e+00 4.000000e+00 -9.782090e-01
    endloop
  endfacet
  facet normal 0.000000e+00 1.000000e+00 -0.000000e+00
    outer loop
      vertex   -5.919722e+00 4.000000e+00 -9.782090e-01
      vertex   -5.974905e+00 4.000000e+00 -5.481891e-01
      vertex   -4.218902e+00 4.000000e+00 -5.131936e-01
    endloop
  endfacet
  facet normal 0.000000e+00 1.000000e+00 0.000000e+00
    outer loop
      vertex   -4.218902e+00 4.000000e+00 -5.131936e-01
      vertex   -5.974905e+00 4.000000e+00 -5.481891e-01
      vertex   -4.247176e+00 4.000000e+00 -1.548980e-01
    endloop
  endfacet
  facet normal 0.000000e+00 1.000000e+00 0.000000e+00
    outer loop
      vertex   -4.247176e+00 4.000000e+00 -1.548980e-01
      vertex   -5.974905e+00 4.000000e+00 -5.481891e-01
      vertex   -5.998892e+00 4.000000e+00 -1.153070e-01
    endloop
  endfacet
  facet normal 0.000000e+00 1.000000e+00 -0.000000e+00
    outer loop
      vertex   -4.247176e+00 4.000000e+00 -1.548980e-01
      vertex   -5.998892e+00 4.000000e+00 -1.153070e-01
      vertex   -4.245077e+00 4.000000e+00 2.045053e-01
    endloop
  endfacet
  facet normal 0.000000e+00 1.000000e+00 0.000000e+00
    outer loop
      vertex   -4.245077e+00 4.000000e+00 2.045053e-01
      vertex   -5.998892e+00 4.000000e+00 -1.153070e-01
      vertex   -5.991558e+00 4.000000e+00 3.181771e-01
    endloop
  endfacet
  facet normal 0.000000e+00 1.000000e+00 -0.000000e+00
    outer loop
      vertex   -4.245077e+00 4.000000e+00 2.045053e-01
      vertex   -5.991558e+00 4.000000e+00 3.181771e-01
      vertex   -4.212618e+00 4.000000e+00 5.624461e-01
    endloop
  endfacet
  facet normal 0.000000e+00 1.000000e+00 0.000000e+00
    outer loop
      vertex   -4.212618e+00 4.000000e+00 5.624461e-01
      vertex   -5.991558e+00 4.000000e+00 3.181771e-01
      vertex   -5.952940e+00 4.000000e+00 7.500000e-01
    endloop
  endfacet
  facet normal 0.000000e+00 1.000000e+00 -0.000000e+00
    outer loop
      vertex   -4.212618e+00 4.000000e+00 5.624461e-01
      vertex   -5.952940e+00 4.000000e+00 7.500000e-01
      vertex   -4.150033e+00 4.000000e+00 9.163646e-01
    endloop
  endfacet
  facet normal 0.000000e+00 1.000000e+00 0.000000e+00
    outer loop
      vertex   -4.150033e+00 4.000000e+00 9.163646e-01
      vertex   -5.952940e+00 4.000000e+00 7.500000e-01
      vertex   -5.883242e+00 4.000000e+00 1.177907e+00
    endloop
  endfacet
  facet normal 0.000000e+00 1.000000e+00 -0.000000e+00
    outer loop
      vertex   -4.150033e+00 4.000000e+00 9.163646e-01
      vertex   -5.883242e+00 4.000000e+00 1.177907e+00
      vertex   -4.057769e+00 4.000000e+00 1.263730e+00
    endloop
  endfacet
  facet normal 0.000000e+00 1.000000e+00 0.000000e+00
    outer loop
      vertex   -4.057769e+00 4.000000e+00 1.263730e+00
      vertex   -5.883242e+00 4.000000e+00 1.177907e+00
      vertex   -5.782826e+00 4.000000e+00 1.599664e+00
    endloop
  endfacet
  facet normal 0.000000e+00 1.000000e+00 0.000000e+00
    outer loop
      vertex   -4.057769e+00 4.000000e+00 1.263730e+00
      vertex   -5.782826e+00 4.000000e+00 1.599664e+00
      vertex   -5.652217e+00 4.000000e+00 2.013069e+00
    endloop
  endfacet
  facet normal 0.000000e+00 1.000000e+00 -0.000000e+00
    outer loop
      vertex   -4.057769e+00 4.000000e+00 1.263730e+00
      vertex   -5.652217e+00 4.000000e+00 2.013069e+00
      vertex   -3.936485e+00 4.000000e+00 1.602057e+00
    endloop
  endfacet
  facet normal 0.000000e+00 1.000000e+00 0.000000e+00
    outer loop
      vertex   -3.936485e+00 4.000000e+00 1.602057e+00
      vertex   -5.652217e+00 4.000000e+00 2.013069e+00
      vertex   -5.492096e+00 4.000000e+00 2.415963e+00
    endloop
  endfacet
  facet normal 0.000000e+00 1.000000e+00 -0.000000e+00
    outer loop
      vertex   -3.936485e+00 4.000000e+00 1.602057e+00
      vertex   -5.492096e+00 4.000000e+00 2.415963e+00
      vertex   -3.787049e+00 4.000000e+00 1.928927e+00
    endloop
  endfacet
  facet normal 0.000000e+00 1.000000e+00 0.000000e+00
    outer loop
      vertex   -3.787049e+00 4.000000e+00 1.928927e+00
      vertex   -5.492096e+00 4.000000e+00 2.415963e+00
      vertex   -5.303301e+00 4.000000e+00 2.806243e+00
    endloop
  endfacet
  facet normal 0.000000e+00 1.000000e+00 -0.000000e+00
    outer loop
      vertex   -3.787049e+00 4.000000e+00 1.928927e+00
      vertex   -5.303301e+00 4.000000e+00 2.806243e+00
      vertex   -3.610530e+00 4.000000e+00 2.242002e+00
    endloop
  endfacet
  facet normal 0.000000e+00 1.000000e+00 0.000000e+00
    outer loop
      vertex   -3.610530e+00 4.000000e+00 2.242002e+00
      vertex   -5.303301e+00 4.000000e+00 2.806243e+00
      vertex   -5.086816e+00 4.000000e+00 3.181871e+00
    endloop
  endfacet
  facet normal 0.000000e+00 1.000000e+00 -0.000000e+00
    outer loop
      vertex   -3.610530e+00 4.000000e+00 2.242002e+00
      vertex   -5.086816e+00 4.000000e+00 3.181871e+00
      vertex   -3.408190e+00 4.000000e+00 2.539044e+00
    endloop
  endfacet
  facet normal 0.000000e+00 1.000000e+00 0.000000e+00
    outer loop
      vertex   -3.408190e+00 4.000000e+00 2.539044e+00
      vertex   -5.086816e+00 4.000000e+00 3.181871e+00
      vertex   -4.843772e+00 4.000000e+00 3.540886e+00
    endloop
  endfacet
  facet normal 0.000000e+00 1.000000e+00 -0.000000e+00
    outer loop
      vertex   -3.408190e+00 4.000000e+00 2.539044e+00
      vertex   -4.843772e+00 4.000000e+00 3.540886e+00
      vertex   -3.181476e+00 4.000000e+00 2.817927e+00
    endloop
  endfacet
  facet normal 0.000000e+00 1.000000e+00 0.000000e+00
    outer loop
      vertex   -3.181476e+00 4.000000e+00 2.817927e+00
      vertex   -4.843772e+00 4.000000e+00 3.540886e+00
      vertex   -4.575437e+00 4.000000e+00 3.881414e+00
    endloop
  endfacet
  facet normal 0.000000e+00 1.000000e+00 -0.000000e+00
    outer loop
      vertex   -3.181476e+00 4.000000e+00 2.817927e+00
      vertex   -4.575437e+00 4.000000e+00 3.881414e+00
      vertex   -2.932009e+00 4.000000e+00 3.076658e+00
    endloop
  endfacet
  facet normal 0.000000e+00 1.000000e+00 0.000000e+00
    outer loop
      vertex   -2.932009e+00 4.000000e+00 3.076658e+00
      vertex   -4.575437e+00 4.000000e+00 3.881414e+00
      vertex   -4.283214e+00 4.000000e+00 4.201676e+00
    endloop
  endfacet
  facet normal 0.000000e+00 1.000000e+00 -0.000000e+00
    outer loop
      vertex   -2.932009e+00 4.000000e+00 3.076658e+00
      vertex   -4.283214e+00 4.000000e+00 4.201676e+00
      vertex   -2.661574e+00 4.000000e+00 3.313386e+00
    endloop
  endfacet
  facet normal 0.000000e+00 1.000000e+00 0.000000e+00
    outer loop
      vertex   -2.661574e+00 4.000000e+00 3.313386e+00
      vertex   -4.283214e+00 4.000000e+00 4.201676e+00
      vertex   -3.968627e+00 4.000000e+00 4.500000e+00
    endloop
  endfacet
  facet normal 0.000000e+00 1.000000e+00 -0.000000e+00
    outer loop
      vertex   -2.661574e+00 4.000000e+00 3.313386e+00
      vertex   -3.968627e+00 4.000000e+00 4.500000e+00
      vertex   -2.372104e+00 4.000000e+00 3.526418e+00
    endloop
  endfacet
  facet normal 0.000000e+00 1.000000e+00 0.000000e+00
    outer loop
      vertex   -2.372104e+00 4.000000e+00 3.526418e+00
      vertex   -3.968627e+00 4.000000e+00 4.500000e+00
      vertex   -3.633319e+00 4.000000e+00 4.774829e+00
    endloop
  endfacet
  facet normal 0.000000e+00 1.000000e+00 -0.000000e+00
    outer loop
      vertex   -2.372104e+00 4.000000e+00 3.526418e+00
      vertex   -3.633319e+00 4.000000e+00 4.774829e+00
      vertex   -2.065671e+00 4.000000e+00 3.714230e+00
    endloop
  endfacet
  facet normal 0.000000e+00 1.000000e+00 0.000000e+00
    outer loop
      vertex   -2.065671e+00 4.000000e+00 3.714230e+00
      vertex   -3.633319e+00 4.000000e+00 4.774829e+00
      vertex   -3.279041e+00 4.000000e+00 5.024728e+00
    endloop
  endfacet
  facet normal 0.000000e+00 1.000000e+00 0.000000e+00
    outer loop
      vertex   -2.065671e+00 4.000000e+00 3.714230e+00
      vertex   -3.279041e+00 4.000000e+00 5.024728e+00
      vertex   -2.907643e+00 4.000000e+00 5.248392e+00
    endloop
  endfacet
  facet normal 0.000000e+00 1.000000e+00 -0.000000e+00
    outer loop
      vertex   -2.065671e+00 4.000000e+00 3.714230e+00
      vertex   -2.907643e+00 4.000000e+00 5.248392e+00
      vertex   -1.744464e+00 4.000000e+00 3.875480e+00
    endloop
  endfacet
  facet normal 0.000000e+00 1.000000e+00 0.000000e+00
    outer loop
      vertex   -1.744464e+00 4.000000e+00 3.875480e+00
      vertex   -2.907643e+00 4.000000e+00 5.248392e+00
      vertex   -2.521063e+00 4.000000e+00 5.444653e+00
    endloop
  endfacet
  facet normal 0.000000e+00 1.000000e+00 -0.000000e+00
    outer loop
      vertex   -1.744464e+00 4.000000e+00 3.875480e+00
      vertex   -2.521063e+00 4.000000e+00 5.444653e+00
      vertex   -1.410782e+00 4.000000e+00 4.009014e+00
    endloop
  endfacet
  facet normal 0.000000e+00 1.000000e+00 0.000000e+00
    outer loop
      vertex   -1.410782e+00 4.000000e+00 4.009014e+00
      vertex   -2.521063e+00 4.000000e+00 5.444653e+00
      vertex   -2.121320e+00 4.000000e+00 5.612486e+00
    endloop
  endfacet
  facet normal 0.000000e+00 1.000000e+00 -0.000000e+00
    outer loop
      vertex   -1.410782e+00 4.000000e+00 4.009014e+00
      vertex   -2.121320e+00 4.000000e+00 5.612486e+00
      vertex   -1.067010e+00 4.000000e+00 4.113878e+00
    endloop
  endfacet
  facet normal 0.000000e+00 1.000000e+00 0.000000e+00
    outer loop
      vertex   -1.067010e+00 4.000000e+00 4.113878e+00
      vertex   -2.121320e+00 4.000000e+00 5.612486e+00
      vertex   -1.710502e+00 4.000000e+00 5.751016e+00
    endloop
  endfacet
  facet normal 0.000000e+00 1.000000e+00 0.000000e+00
    outer loop
      vertex   -1.067010e+00 4.000000e+00 4.113878e+00
      vertex   -1.710502e+00 4.000000e+00 5.751016e+00
      vertex   -1.290753e+00 4.000000e+00 5.859519e+00
    endloop
  endfacet
  facet normal 0.000000e+00 1.000000e+00 -0.000000e+00
    outer loop
      vertex   -1.067010e+00 4.000000e+00 4.113878e+00
      vertex   -1.290753e+00 4.000000e+00 5.859519e+00
      vertex   -7.156081e-01 4.000000e+00 4.189320e+00
    endloop
  endfacet
  facet normal 0.000000e+00 1.000000e+00 0.000000e+00
    outer loop
      vertex   -7.156081e-01 4.000000e+00 4.189320e+00
      vertex   -1.290753e+00 4.000000e+00 5.859519e+00
      vertex   -8.642641e-01 4.000000e+00 5.937428e+00
    endloop
  endfacet
  facet normal 0.000000e+00 1.000000e+00 -0.000000e+00
    outer loop
      vertex   -7.156081e-01 4.000000e+00 4.189320e+00
      vertex   -8.642641e-01 4.000000e+00 5.937428e+00
      vertex   -3.590881e-01 4.000000e+00 4.234803e+00
    endloop
  endfacet
  facet normal 0.000000e+00 1.000000e+00 0.000000e+00
    outer loop
      vertex   -3.590881e-01 4.000000e+00 4.234803e+00
      vertex   -8.642641e-01 4.000000e+00 5.937428e+00
      vertex   -4.332631e-01 4.000000e+00 5.984336e+00
    endloop
  endfacet
  facet normal 0.000000e+00 1.000000e+00 -0.000000e+00
    outer loop
      vertex   -3.590881e-01 4.000000e+00 4.234803e+00
      vertex   -4.332631e-01 4.000000e+00 5.984336e+00
      vertex   7.807123e-16 4.000000e+00 4.250000e+00
    endloop
  endfacet
  facet normal 0.000000e+00 1.000000e+00 0.000000e+00
    outer loop
      vertex   7.807123e-16 4.000000e+00 4.250000e+00
      vertex   -4.332631e-01 4.000000e+00 5.984336e+00
      vertex   -1.102182e-15 4.000000e+00 6.000000e+00
    endloop
  endfacet
  facet normal 0.000000e+00 1.000000e+00 -0.000000e+00
    outer loop
      vertex   7.807123e-16 4.000000e+00 4.250000e+00
      vertex   -1.102182e-15 4.000000e+00 6.000000e+00
      vertex   4.332631e-01 4.000000e+00 5.984336e+00
    endloop
  endfacet
  facet normal -0.000000e+00 1.000000e+00 0.000000e+00
    outer loop
      vertex   7.807123e-16 4.000000e+00 4.250000e+00
      vertex   4.332631e-01 4.000000e+00 5.984336e+00
      vertex   3.590881e-01 4.000000e+00 4.234803e+00
    endloop
  endfacet
  facet normal 0.000000e+00 1.000000e+00 0.000000e+00
    outer loop
      vertex   3.590881e-01 4.000000e+00 4.234803e+00
      vertex   4.332631e-01 4.000000e+00 5.984336e+00
      vertex   8.642641e-01 4.000000e+00 5.937428e+00
    endloop
  endfacet
  facet normal -0.000000e+00 1.000000e+00 0.000000e+00
    outer loop
      vertex   3.590881e-01 4.000000e+00 4.234803e+00
      vertex   8.642641e-01 4.000000e+00 5.937428e+00
      vertex   7.156081e-01 4.000000e+00 4.189320e+00
    endloop
  endfacet
  facet normal 0.000000e+00 1.000000e+00 0.000000e+00
    outer loop
      vertex   7.156081e-01 4.000000e+00 4.189320e+00
      vertex   8.642641e-01 4.000000e+00 5.937428e+00
      vertex   1.290753e+00 4.000000e+00 5.859519e+00
    endloop
  endfacet
  facet normal -0.000000e+00 1.000000e+00 0.000000e+00
    outer loop
      vertex   7.156081e-01 4.000000e+00 4.189320e+00
      vertex   1.290753e+00 4.000000e+00 5.859519e+00
      vertex   1.067010e+00 4.000000e+00 4.113878e+00
    endloop
  endfacet
  facet normal 0.000000e+00 1.000000e+00 0.000000e+00
    outer loop
      vertex   1.067010e+00 4.000000e+00 4.113878e+00
      vertex   1.290753e+00 4.000000e+00 5.859519e+00
      vertex   1.710502e+00 4.000000e+00 5.751016e+00
    endloop
  endfacet
  facet normal 0.000000e+00 1.000000e+00 0.000000e+00
    outer loop
      vertex   1.067010e+00 4.000000e+00 4.113878e+00
      vertex   1.710502e+00 4.000000e+00 5.751016e+00
      vertex   2.121320e+00 4.000000e+00 5.612486e+00
    endloop
  endfacet
  facet normal -0.000000e+00 1.000000e+00 0.000000e+00
    outer loop
      vertex   1.067010e+00 4.000000e+00 4.113878e+00
      vertex   2.121320e+00 4.000000e+00 5.612486e+00
      vertex   1.410782e+00 4.000000e+00 4.009014e+00
    endloop
  endfacet
  facet normal 0.000000e+00 1.000000e+00 0.000000e+00
    outer loop
      vertex   1.410782e+00 4.000000e+00 4.009014e+00
      vertex   2.121320e+00 4.000000e+00 5.612486e+00
      vertex   2.521063e+00 4.000000e+00 5.444653e+00
    endloop
  endfacet
  facet normal -0.000000e+00 1.000000e+00 0.000000e+00
    outer loop
      vertex   1.410782e+00 4.000000e+00 4.009014e+00
      vertex   2.521063e+00 4.000000e+00 5.444653e+00
      vertex   1.744464e+00 4.000000e+00 3.875480e+00
    endloop
  endfacet
  facet normal 0.000000e+00 1.000000e+00 0.000000e+00
    outer loop
      vertex   1.744464e+00 4.000000e+00 3.875480e+00
      vertex   2.521063e+00 4.000000e+00 5.444653e+00
      vertex   2.907643e+00 4.000000e+00 5.248392e+00
    endloop
  endfacet
  facet normal -0.000000e+00 1.000000e+00 0.000000e+00
    outer loop
      vertex   1.744464e+00 4.000000e+00 3.875480e+00
      vertex   2.907643e+00 4.000000e+00 5.248392e+00
      vertex   2.065671e+00 4.000000e+00 3.714230e+00
    endloop
  endfacet
  facet normal 0.000000e+00 1.000000e+00 0.000000e+00
    outer loop
      vertex   2.065671e+00 4.000000e+00 3.714230e+00
      vertex   2.907643e+00 4.000000e+00 5.248392e+00
      vertex   3.279041e+00 4.000000e+00 5.024728e+00
    endloop
  endfacet
  facet normal 0.000000e+00 1.000000e+00 0.000000e+00
    outer loop
      vertex   2.065671e+00 4.000000e+00 3.714230e+00
      vertex   3.279041e+00 4.000000e+00 5.024728e+00
      vertex   3.633319e+00 4.000000e+00 4.774829e+00
    endloop
  endfacet
  facet normal -0.000000e+00 1.000000e+00 0.000000e+00
    outer loop
      vertex   2.065671e+00 4.000000e+00 3.714230e+00
      vertex   3.633319e+00 4.000000e+00 4.774829e+00
      vertex   2.372104e+00 4.000000e+00 3.526418e+00
    endloop
  endfacet
  facet normal 0.000000e+00 1.000000e+00 0.000000e+00
    outer loop
      vertex   2.372104e+00 4.000000e+00 3.526418e+00
      vertex   3.633319e+00 4.000000e+00 4.774829e+00
      vertex   3.968627e+00 4.000000e+00 4.500000e+00
    endloop
  endfacet
  facet normal -0.000000e+00 1.000000e+00 0.000000e+00
    outer loop
      vertex   2.372104e+00 4.000000e+00 3.526418e+00
      vertex   3.968627e+00 4.000000e+00 4.500000e+00
      vertex   2.661574e+00 4.000000e+00 3.313386e+00
    endloop
  endfacet
  facet normal 0.000000e+00 1.000000e+00 0.000000e+00
    outer loop
      vertex   2.661574e+00 4.000000e+00 3.313386e+00
      vertex   3.968627e+00 4.000000e+00 4.500000e+00
      vertex   4.283214e+00 4.000000e+00 4.201676e+00
    endloop
  endfacet
  facet normal -0.000000e+00 1.000000e+00 0.000000e+00
    outer loop
      vertex   2.661574e+00 4.000000e+00 3.313386e+00
      vertex   4.283214e+00 4.000000e+00 4.201676e+00
      vertex   2.932009e+00 4.000000e+00 3.076658e+00
    endloop
  endfacet
  facet normal 0.000000e+00 1.000000e+00 0.000000e+00
    outer loop
      vertex   2.932009e+00 4.000000e+00 3.076658e+00
      vertex   4.283214e+00 4.000000e+00 4.201676e+00
      vertex   4.575437e+00 4.000000e+00 3.881414e+00
    endloop
  endfacet
  facet normal -0.000000e+00 1.000000e+00 0.000000e+00
    outer loop
      vertex   2.932009e+00 4.000000e+00 3.076658e+00
      vertex   4.575437e+00 4.000000e+00 3.881414e+00
      vertex   3.181476e+00 4.000000e+00 2.817927e+00
    endloop
  endfacet
  facet normal 0.000000e+00 1.000000e+00 0.000000e+00
    outer loop
      vertex   3.181476e+00 4.000000e+00 2.817927e+00
      vertex   4.575437e+00 4.000000e+00 3.881414e+00
      vertex   4.843772e+00 4.000000e+00 3.540886e+00
    endloop
  endfacet
  facet normal -0.000000e+00 1.000000e+00 0.000000e+00
    outer loop
      vertex   3.181476e+00 4.000000e+00 2.817927e+00
      vertex   4.843772e+00 4.000000e+00 3.540886e+00
      vertex   3.408190e+00 4.000000e+00 2.539044e+00
    endloop
  endfacet
  facet normal 0.000000e+00 1.000000e+00 0.000000e+00
    outer loop
      vertex   3.408190e+00 4.000000e+00 2.539044e+00
      vertex   4.843772e+00 4.000000e+00 3.540886e+00
      vertex   5.086816e+00 4.000000e+00 3.181871e+00
    endloop
  endfacet
  facet normal -0.000000e+00 1.000000e+00 0.000000e+00
    outer loop
      vertex   3.408190e+00 4.000000e+00 2.539044e+00
      vertex   5.086816e+00 4.000000e+00 3.181871e+00
      vertex   3.610530e+00 4.000000e+00 2.242002e+00
    endloop
  endfacet
  facet normal 0.000000e+00 1.000000e+00 0.000000e+00
    outer loop
      vertex   3.610530e+00 4.000000e+00 2.242002e+00
      vertex   5.086816e+00 4.000000e+00 3.181871e+00
      vertex   5.303301e+00 4.000000e+00 2.806243e+00
    endloop
  endfacet
  facet normal -0.000000e+00 1.000000e+00 0.000000e+00
    outer loop
      vertex   3.610530e+00 4.000000e+00 2.242002e+00
      vertex   5.303301e+00 4.000000e+00 2.806243e+00
      vertex   3.787049e+00 4.000000e+00 1.928927e+00
    endloop
  endfacet
  facet normal 0.000000e+00 1.000000e+00 0.000000e+00
    outer loop
      vertex   3.787049e+00 4.000000e+00 1.928927e+00
      vertex   5.303301e+00 4.000000e+00 2.806243e+00
      vertex   5.492096e+00 4.000000e+00 2.415963e+00
    endloop
  endfacet
  facet normal -0.000000e+00 1.000000e+00 0.000000e+00
    outer loop
      vertex   3.787049e+00 4.000000e+00 1.928927e+00
      vertex   5.492096e+00 4.000000e+00 2.415963e+00
      vertex   3.936485e+00 4.000000e+00 1.602057e+00
    endloop
  endfacet
  facet normal 0.000000e+00 1.000000e+00 0.000000e+00
    outer loop
      vertex   3.936485e+00 4.000000e+00 1.602057e+00
      vertex   5.492096e+00 4.000000e+00 2.415963e+00
      vertex   5.652217e+00 4.000000e+00 2.013069e+00
    endloop
  endfacet
  facet normal -0.000000e+00 1.000000e+00 0.000000e+00
    outer loop
      vertex   3.936485e+00 4.000000e+00 1.602057e+00
      vertex   5.652217e+00 4.000000e+00 2.013069e+00
      vertex   4.057769e+00 4.000000e+00 1.263730e+00
    endloop
  endfacet
  facet normal 0.000000e+00 1.000000e+00 0.000000e+00
    outer loop
      vertex   4.057769e+00 4.000000e+00 1.263730e+00
      vertex   5.652217e+00 4.000000e+00 2.013069e+00
      vertex   5.782826e+00 4.000000e+00 1.599664e+00
    endloop
  endfacet
  facet normal -0.000000e+00 1.000000e+00 0.000000e+00
    outer loop
      vertex   4.057769e+00 4.000000e+00 1.263730e+00
      vertex   5.782826e+00 4.000000e+00 1.599664e+00
      vertex   5.883242e+00 4.000000e+00 1.177907e+00
    endloop
  endfacet
  facet normal 0.000000e+00 1.000000e+00 0.000000e+00
    outer loop
      vertex   4.057769e+00 4.000000e+00 1.263730e+00
      vertex   5.883242e+00 4.000000e+00 1.177907e+00
      vertex   4.150033e+00 4.000000e+00 9.163646e-01
    endloop
  endfacet
  facet normal -0.000000e+00 1.000000e+00 0.000000e+00
    outer loop
      vertex   4.150033e+00 4.000000e+00 9.163646e-01
      vertex   5.883242e+00 4.000000e+00 1.177907e+00
      vertex   5.952940e+00 4.000000e+00 7.500000e-01
    endloop
  endfacet
  facet normal 0.000000e+00 1.000000e+00 0.000000e+00
    outer loop
      vertex   4.150033e+00 4.000000e+00 9.163646e-01
      vertex   5.952940e+00 4.000000e+00 7.500000e-01
      vertex   4.212618e+00 4.000000e+00 5.624461e-01
    endloop
  endfacet
  facet normal -0.000000e+00 1.000000e+00 0.000000e+00
    outer loop
      vertex   4.212618e+00 4.000000e+00 5.624461e-01
      vertex   5.952940e+00 4.000000e+00 7.500000e-01
      vertex   5.991558e+00 4.000000e+00 3.181771e-01
    endloop
  endfacet
  facet normal 0.000000e+00 1.000000e+00 0.000000e+00
    outer loop
      vertex   4.212618e+00 4.000000e+00 5.624461e-01
      vertex   5.991558e+00 4.000000e+00 3.181771e-01
      vertex   4.245077e+00 4.000000e+00 2.045053e-01
    endloop
  endfacet
  facet normal -0.000000e+00 1.000000e+00 0.000000e+00
    outer loop
      vertex   4.245077e+00 4.000000e+00 2.045053e-01
      vertex   5.991558e+00 4.000000e+00 3.181771e-01
      vertex   5.998892e+00 4.000000e+00 -1.153070e-01
    endloop
  endfacet
  facet normal 0.000000e+00 1.000000e+00 0.000000e+00
    outer loop
      vertex   4.245077e+00 4.000000e+00 2.045053e-01
      vertex   5.998892e+00 4.000000e+00 -1.153070e-01
      vertex   4.247176e+00 4.000000e+00 -1.548980e-01
    endloop
  endfacet
  facet normal -0.000000e+00 1.000000e+00 0.000000e+00
    outer loop
      vertex   4.247176e+00 4.000000e+00 -1.548980e-01
      vertex   5.998892e+00 4.000000e+00 -1.153070e-01
      vertex   5.974905e+00 4.000000e+00 -5.481891e-01
    endloop
  endfacet
  facet normal 0.000000e+00 1.000000e+00 0.000000e+00
    outer loop
      vertex   4.247176e+00 4.000000e+00 -1.548980e-01
      vertex   5.974905e+00 4.000000e+00 -5.481891e-01
      vertex   4.218902e+00 4.000000e+00 -5.131936e-01
    endloop
  endfacet
  facet normal 0.000000e+00 1.000000e+00 0.000000e+00
    outer loop
      vertex   4.218902e+00 4.000000e+00 -5.131936e-01
      vertex   5.974905e+00 4.000000e+00 -5.481891e-01
      vertex   5.919722e+00 4.000000e+00 -9.782090e-01
    endloop
  endfacet
  facet normal 0.000000e+00 1.000000e+00 0.000000e+00
    outer loop
      vertex   4.218902e+00 4.000000e+00 -5.131936e-01
      vertex   5.919722e+00 4.000000e+00 -9.782090e-01
      vertex   5.833631e+00 4.000000e+00 -1.403122e+00
    endloop
  endfacet
  facet normal 0.000000e+00 1.000000e+00 0.000000e+00
    outer loop
      vertex   5.833631e+00 4.000000e+00 -1.403122e+00
      vertex   5.717082e+00 4.000000e+00 -1.820708e+00
      vertex   4.218902e+00 4.000000e+00 -5.131936e-01
    endloop
  endfacet
  facet normal 0.000000e+00 1.000000e+00 0.000000e+00
    outer loop
      vertex   4.218902e+00 4.000000e+00 -5.131936e-01
      vertex   5.717082e+00 4.000000e+00 -1.820708e+00
      vertex   2.797296e+00 4.000000e+00 -1.393111e+00
    endloop
  endfacet
  facet normal 0.000000e+00 1.000000e+00 0.000000e+00
    outer loop
      vertex   4.218902e+00 4.000000e+00 -5.131936e-01
      vertex   2.797296e+00 4.000000e+00 -1.393111e+00
      vertex   2.921327e+00 4.000000e+00 -1.109718e+00
    endloop
  endfacet
  facet normal 0.000000e+00 1.000000e+00 0.000000e+00
    outer loop
      vertex   5.717082e+00 4.000000e+00 -1.820708e+00
      vertex   5.570682e+00 4.000000e+00 -2.228788e+00
      vertex   2.797296e+00 4.000000e+00 -1.393111e+00
    endloop
  endfacet
  facet normal 0.000000e+00 1.000000e+00 0.000000e+00
    outer loop
      vertex   2.797296e+00 4.000000e+00 -1.393111e+00
      vertex   5.570682e+00 4.000000e+00 -2.228788e+00
      vertex   5.395198e+00 4.000000e+00 -2.625232e+00
    endloop
  endfacet
  facet normal 0.000000e+00 1.000000e+00 0.000000e+00
    outer loop
      vertex   2.797296e+00 4.000000e+00 -1.393111e+00
      vertex   5.395198e+00 4.000000e+00 -2.625232e+00
      vertex   2.645855e+00 4.000000e+00 -1.662853e+00
    endloop
  endfacet
  facet normal 0.000000e+00 1.000000e+00 0.000000e+00
    outer loop
      vertex   2.645855e+00 4.000000e+00 -1.662853e+00
      vertex   5.395198e+00 4.000000e+00 -2.625232e+00
      vertex   5.191544e+00 4.000000e+00 -3.007968e+00
    endloop
  endfacet
  facet normal 0.000000e+00 1.000000e+00 0.000000e+00
    outer loop
      vertex   2.645855e+00 4.000000e+00 -1.662853e+00
      vertex   5.191544e+00 4.000000e+00 -3.007968e+00
      vertex   2.468486e+00 4.000000e+00 -1.916299e+00
    endloop
  endfacet
  facet normal 0.000000e+00 1.000000e+00 0.000000e+00
    outer loop
      vertex   2.468486e+00 4.000000e+00 -1.916299e+00
      vertex   5.191544e+00 4.000000e+00 -3.007968e+00
      vertex   2.934174e+00 4.000000e+00 -3.375000e+00
    endloop
  endfacet
  facet normal 0.000000e+00 1.000000e+00 0.000000e+00
    outer loop
      vertex   2.468486e+00 4.000000e+00 -1.916299e+00
      vertex   2.934174e+00 4.000000e+00 -3.375000e+00
      vertex   2.500000e+00 4.000000e+00 -3.103114e+00
    endloop
  endfacet
  facet normal 0.000000e+00 1.000000e+00 0.000000e+00
    outer loop
      vertex   2.500000e+00 4.000000e+00 -3.103114e+00
      vertex   2.934174e+00 4.000000e+00 -3.375000e+00
      vertex   2.794022e+00 4.000000e+00 -3.491911e+00
    endloop
  endfacet
  facet normal 0.000000e+00 1.000000e+00 0.000000e+00
    outer loop
      vertex   2.500000e+00 4.000000e+00 -3.103114e+00
      vertex   2.794022e+00 4.000000e+00 -3.491911e+00
      vertex   2.649217e+00 4.000000e+00 -3.603005e+00
    endloop
  endfacet
  facet normal 0.000000e+00 1.000000e+00 0.000000e+00
    outer loop
      vertex   5.191544e+00 4.000000e+00 -3.007968e+00
      vertex   4.960784e+00 4.000000e+00 -3.375000e+00
      vertex   2.934174e+00 4.000000e+00 -3.375000e+00
    endloop
  endfacet
  facet normal 0.000000e+00 1.000000e+00 0.000000e+00
    outer loop
      vertex   2.649217e+00 4.000000e+00 -3.603005e+00
      vertex   2.500000e+00 4.000000e+00 -3.708099e+00
      vertex   2.500000e+00 4.000000e+00 -3.103114e+00
    endloop
  endfacet
  facet normal 0.000000e+00 1.000000e+00 0.000000e+00
    outer loop
      vertex   3.692025e-01 4.000000e+00 -3.103114e+00
      vertex   6.741966e-01 4.000000e+00 -3.051407e+00
      vertex   2.500000e+00 4.000000e+00 -3.103114e+00
    endloop
  endfacet
  facet normal 0.000000e+00 1.000000e+00 0.000000e+00
    outer loop
      vertex   2.500000e+00 4.000000e+00 -3.103114e+00
      vertex   6.741966e-01 4.000000e+00 -3.051407e+00
      vertex   9.725841e-01 4.000000e+00 -2.969799e+00
    endloop
  endfacet
  facet normal 0.000000e+00 1.000000e+00 0.000000e+00
    outer loop
      vertex   2.500000e+00 4.000000e+00 -3.103114e+00
      vertex   9.725841e-01 4.000000e+00 -2.969799e+00
      vertex   1.261441e+00 4.000000e+00 -2.859089e+00
    endloop
  endfacet
  facet normal -0.000000e+00 1.000000e+00 0.000000e+00
    outer loop
      vertex   1.261441e+00 4.000000e+00 -2.859089e+00
      vertex   1.537937e+00 4.000000e+00 -2.720363e+00
      vertex   2.500000e+00 4.000000e+00 -3.103114e+00
    endloop
  endfacet
  facet normal 0.000000e+00 1.000000e+00 0.000000e+00
    outer loop
      vertex   2.500000e+00 4.000000e+00 -3.103114e+00
      vertex   1.537937e+00 4.000000e+00 -2.720363e+00
      vertex   1.799363e+00 4.000000e+00 -2.554979e+00
    endloop
  endfacet
  facet normal 0.000000e+00 1.000000e+00 0.000000e+00
    outer loop
      vertex   2.500000e+00 4.000000e+00 -3.103114e+00
      vertex   1.799363e+00 4.000000e+00 -2.554979e+00
      vertex   2.043156e+00 4.000000e+00 -2.364559e+00
    endloop
  endfacet
  facet normal -0.000000e+00 1.000000e+00 0.000000e+00
    outer loop
      vertex   2.043156e+00 4.000000e+00 -2.364559e+00
      vertex   2.266928e+00 4.000000e+00 -2.150968e+00
      vertex   2.500000e+00 4.000000e+00 -3.103114e+00
    endloop
  endfacet
  facet normal 0.000000e+00 1.000000e+00 0.000000e+00
    outer loop
      vertex   2.500000e+00 4.000000e+00 -3.103114e+00
      vertex   2.266928e+00 4.000000e+00 -2.150968e+00
      vertex   2.468486e+00 4.000000e+00 -1.916299e+00
    endloop
  endfacet
  facet normal 0.000000e+00 1.000000e+00 0.000000e+00
    outer loop
      vertex   2.921327e+00 4.000000e+00 -1.109718e+00
      vertex   3.016731e+00 4.000000e+00 -8.154514e-01
      vertex   4.218902e+00 4.000000e+00 -5.131936e-01
    endloop
  endfacet
  facet normal 0.000000e+00 1.000000e+00 0.000000e+00
    outer loop
      vertex   4.218902e+00 4.000000e+00 -5.131936e-01
      vertex   3.016731e+00 4.000000e+00 -8.154514e-01
      vertex   3.082573e+00 4.000000e+00 -5.131936e-01
    endloop
  endfacet
  facet normal 0.000000e+00 1.000000e+00 0.000000e+00
    outer loop
      vertex   -3.082573e+00 4.000000e+00 -5.131936e-01
      vertex   -3.016731e+00 4.000000e+00 -8.154514e-01
      vertex   -4.218902e+00 4.000000e+00 -5.131936e-01
    endloop
  endfacet
  facet normal 0.000000e+00 1.000000e+00 0.000000e+00
    outer loop
      vertex   -4.218902e+00 4.000000e+00 -5.131936e-01
      vertex   -3.016731e+00 4.000000e+00 -8.154514e-01
      vertex   -2.921327e+00 4.000000e+00 -1.109718e+00
    endloop
  endfacet
  facet normal 0.000000e+00 1.000000e+00 0.000000e+00
    outer loop
      vertex   -4.218902e+00 4.000000e+00 -5.131936e-01
      vertex   -2.921327e+00 4.000000e+00 -1.109718e+00
      vertex   -2.797296e+00 4.000000e+00 -1.393111e+00
    endloop
  endfacet
  facet normal 0.000000e+00 0.000000e+00 -1.000000e+00
    outer loop
      vertex   4.218902e+00 4.000000e+00 -5.131936e-01
      vertex   3.082573e+00 4.000000e+00 -5.131936e-01
      vertex   4.218902e+00 5.000000e+00 -5.131936e-01
    endloop
  endfacet
  facet normal -0.000000e+00 0.000000e+00 -1.000000e+00
    outer loop
      vertex   4.218902e+00 5.000000e+00 -5.131936e-01
      vertex   3.082573e+00 4.000000e+00 -5.131936e-01
      vertex   3.082573e+00 5.000000e+00 -5.131936e-01
    endloop
  endfacet
  facet normal -9.969008e-01 -0.000000e+00 -7.866938e-02
    outer loop
      vertex   -4.218902e+00 5.000000e+00 -5.131936e-01
      vertex   -4.218902e+00 4.000000e+00 -5.131936e-01
      vertex   -4.247176e+00 5.000000e+00 -1.548980e-01
    endloop
  endfacet
  facet normal -9.969008e-01 5.240433e-17 -7.866938e-02
    outer loop
      vertex   -4.247176e+00 5.000000e+00 -1.548980e-01
      vertex   -4.218902e+00 4.000000e+00 -5.131936e-01
      vertex   -4.247176e+00 4.000000e+00 -1.548980e-01
    endloop
  endfacet
  facet normal -9.999829e-01 -3.891136e-18 5.841372e-03
    outer loop
      vertex   -4.247176e+00 5.000000e+00 -1.548980e-01
      vertex   -4.247176e+00 4.000000e+00 -1.548980e-01
      vertex   -4.245077e+00 5.000000e+00 2.045053e-01
    endloop
  endfacet
  facet normal -9.999829e-01 7.133749e-18 5.841372e-03
    outer loop
      vertex   -4.245077e+00 5.000000e+00 2.045053e-01
      vertex   -4.247176e+00 4.000000e+00 -1.548980e-01
      vertex   -4.245077e+00 4.000000e+00 2.045053e-01
    endloop
  endfacet
  facet normal -9.959137e-01 1.102911e-16 9.031035e-02
    outer loop
      vertex   -4.245077e+00 5.000000e+00 2.045053e-01
      vertex   -4.245077e+00 4.000000e+00 2.045053e-01
      vertex   -4.212618e+00 5.000000e+00 5.624461e-01
    endloop
  endfacet
  facet normal -9.959137e-01 -5.937816e-16 9.031035e-02
    outer loop
      vertex   -4.212618e+00 5.000000e+00 5.624461e-01
      vertex   -4.245077e+00 4.000000e+00 2.045053e-01
      vertex   -4.212618e+00 4.000000e+00 5.624461e-01
    endloop
  endfacet
  facet normal -9.847221e-01 -3.139606e-16 1.741335e-01
    outer loop
      vertex   -4.212618e+00 5.000000e+00 5.624461e-01
      vertex   -4.212618e+00 4.000000e+00 5.624461e-01
      vertex   -4.150033e+00 5.000000e+00 9.163646e-01
    endloop
  endfacet
  facet normal -9.847221e-01 2.126597e-16 1.741335e-01
    outer loop
      vertex   -4.150033e+00 5.000000e+00 9.163646e-01
      vertex   -4.212618e+00 4.000000e+00 5.624461e-01
      vertex   -4.150033e+00 4.000000e+00 9.163646e-01
    endloop
  endfacet
  facet normal -9.664881e-01 3.135074e-16 2.567113e-01
    outer loop
      vertex   -4.150033e+00 5.000000e+00 9.163646e-01
      vertex   -4.150033e+00 4.000000e+00 9.163646e-01
      vertex   -4.057769e+00 5.000000e+00 1.263730e+00
    endloop
  endfacet
  facet normal -9.664881e-01 -2.280054e-16 2.567113e-01
    outer loop
      vertex   -4.057769e+00 5.000000e+00 1.263730e+00
      vertex   -4.150033e+00 4.000000e+00 9.163646e-01
      vertex   -4.057769e+00 4.000000e+00 1.263730e+00
    endloop
  endfacet
  facet normal -9.413423e-01 -2.997186e-16 3.374532e-01
    outer loop
      vertex   -4.057769e+00 5.000000e+00 1.263730e+00
      vertex   -4.057769e+00 4.000000e+00 1.263730e+00
      vertex   -3.936485e+00 5.000000e+00 1.602057e+00
    endloop
  endfacet
  facet normal -9.413423e-01 3.153795e-17 3.374532e-01
    outer loop
      vertex   -3.936485e+00 5.000000e+00 1.602057e+00
      vertex   -4.057769e+00 4.000000e+00 1.263730e+00
      vertex   -3.936485e+00 4.000000e+00 1.602057e+00
    endloop
  endfacet
  facet normal -9.094644e-01 1.500492e-16 4.157817e-01
    outer loop
      vertex   -3.936485e+00 5.000000e+00 1.602057e+00
      vertex   -3.936485e+00 4.000000e+00 1.602057e+00
      vertex   -3.787049e+00 5.000000e+00 1.928927e+00
    endloop
  endfacet
  facet normal -9.094644e-01 -5.076682e-16 4.157817e-01
    outer loop
      vertex   -3.787049e+00 5.000000e+00 1.928927e+00
      vertex   -3.936485e+00 4.000000e+00 1.602057e+00
      vertex   -3.787049e+00 4.000000e+00 1.928927e+00
    endloop
  endfacet
  facet normal -8.710824e-01 -2.387018e-16 4.911368e-01
    outer loop
      vertex   -3.787049e+00 5.000000e+00 1.928927e+00
      vertex   -3.787049e+00 4.000000e+00 1.928927e+00
      vertex   -3.610530e+00 5.000000e+00 2.242002e+00
    endloop
  endfacet
  facet normal -8.710824e-01 4.937882e-17 4.911368e-01
    outer loop
      vertex   -3.610530e+00 5.000000e+00 2.242002e+00
      vertex   -3.787049e+00 4.000000e+00 1.928927e+00
      vertex   -3.610530e+00 4.000000e+00 2.242002e+00
    endloop
  endfacet
  facet normal -8.264708e-01 1.329995e-16 5.629795e-01
    outer loop
      vertex   -3.610530e+00 5.000000e+00 2.242002e+00
      vertex   -3.610530e+00 4.000000e+00 2.242002e+00
      vertex   -3.408190e+00 5.000000e+00 2.539044e+00
    endloop
  endfacet
  facet normal -8.264708e-01 -3.830126e-16 5.629795e-01
    outer loop
      vertex   -3.408190e+00 5.000000e+00 2.539044e+00
      vertex   -3.610530e+00 4.000000e+00 2.242002e+00
      vertex   -3.408190e+00 4.000000e+00 2.539044e+00
    endloop
  endfacet
  facet normal -7.759487e-01 -4.957987e-16 6.307960e-01
    outer loop
      vertex   -3.408190e+00 5.000000e+00 2.539044e+00
      vertex   -3.408190e+00 4.000000e+00 2.539044e+00
      vertex   -3.181476e+00 5.000000e+00 2.817927e+00
    endloop
  endfacet
  facet normal -7.759487e-01 -1.289215e-16 6.307960e-01
    outer loop
      vertex   -3.181476e+00 5.000000e+00 2.817927e+00
      vertex   -3.408190e+00 4.000000e+00 2.539044e+00
      vertex   -3.181476e+00 4.000000e+00 2.817927e+00
    endloop
  endfacet
  facet normal -7.198773e-01 -2.289362e-17 6.941014e-01
    outer loop
      vertex   -3.181476e+00 5.000000e+00 2.817927e+00
      vertex   -3.181476e+00 4.000000e+00 2.817927e+00
      vertex   -2.932009e+00 5.000000e+00 3.076658e+00
    endloop
  endfacet
  facet normal -7.198773e-01 -3.769238e-16 6.941014e-01
    outer loop
      vertex   -2.932009e+00 5.000000e+00 3.076658e+00
      vertex   -3.181476e+00 4.000000e+00 2.817927e+00
      vertex   -2.932009e+00 4.000000e+00 3.076658e+00
    endloop
  endfacet
  facet normal -6.586576e-01 -8.425787e-17 7.524428e-01
    outer loop
      vertex   -2.932009e+00 5.000000e+00 3.076658e+00
      vertex   -2.932009e+00 4.000000e+00 3.076658e+00
      vertex   -2.661574e+00 5.000000e+00 3.313386e+00
    endloop
  endfacet
  facet normal -6.586576e-01 -2.092048e-16 7.524428e-01
    outer loop
      vertex   -2.661574e+00 5.000000e+00 3.313386e+00
      vertex   -2.932009e+00 4.000000e+00 3.076658e+00
      vertex   -2.661574e+00 4.000000e+00 3.313386e+00
    endloop
  endfacet
  facet normal -5.927275e-01 -7.433010e-17 8.054030e-01
    outer loop
      vertex   -2.661574e+00 5.000000e+00 3.313386e+00
      vertex   -2.661574e+00 4.000000e+00 3.313386e+00
      vertex   -2.372104e+00 5.000000e+00 3.526418e+00
    endloop
  endfacet
  facet normal -5.927275e-01 -1.888938e-16 8.054030e-01
    outer loop
      vertex   -2.372104e+00 5.000000e+00 3.526418e+00
      vertex   -2.661574e+00 4.000000e+00 3.313386e+00
      vertex   -2.372104e+00 4.000000e+00 3.526418e+00
    endloop
  endfacet
  facet normal -5.225585e-01 -2.931388e-16 8.526034e-01
    outer loop
      vertex   -2.372104e+00 5.000000e+00 3.526418e+00
      vertex   -2.372104e+00 4.000000e+00 3.526418e+00
      vertex   -2.065671e+00 5.000000e+00 3.714230e+00
    endloop
  endfacet
  facet normal -5.225585e-01 6.717707e-16 8.526034e-01
    outer loop
      vertex   -2.065671e+00 5.000000e+00 3.714230e+00
      vertex   -2.372104e+00 4.000000e+00 3.526418e+00
      vertex   -2.065671e+00 4.000000e+00 3.714230e+00
    endloop
  endfacet
  facet normal -4.486524e-01 7.921727e-16 8.937064e-01
    outer loop
      vertex   -2.065671e+00 5.000000e+00 3.714230e+00
      vertex   -2.065671e+00 4.000000e+00 3.714230e+00
      vertex   -1.744464e+00 5.000000e+00 3.875480e+00
    endloop
  endfacet
  facet normal -4.486524e-01 -3.020586e-16 8.937064e-01
    outer loop
      vertex   -1.744464e+00 5.000000e+00 3.875480e+00
      vertex   -2.065671e+00 4.000000e+00 3.714230e+00
      vertex   -1.744464e+00 4.000000e+00 3.875480e+00
    endloop
  endfacet
  facet normal -3.715377e-01 -8.287659e-17 9.284179e-01
    outer loop
      vertex   -1.744464e+00 5.000000e+00 3.875480e+00
      vertex   -1.744464e+00 4.000000e+00 3.875480e+00
      vertex   -1.410782e+00 5.000000e+00 4.009014e+00
    endloop
  endfacet
  facet normal -3.715377e-01 4.121110e-16 9.284179e-01
    outer loop
      vertex   -1.410782e+00 5.000000e+00 4.009014e+00
      vertex   -1.744464e+00 4.000000e+00 3.875480e+00
      vertex   -1.410782e+00 4.000000e+00 4.009014e+00
    endloop
  endfacet
  facet normal -2.917659e-01 5.256083e-16 9.564898e-01
    outer loop
      vertex   -1.410782e+00 5.000000e+00 4.009014e+00
      vertex   -1.410782e+00 4.000000e+00 4.009014e+00
      vertex   -1.067010e+00 5.000000e+00 4.113878e+00
    endloop
  endfacet
  facet normal -2.917659e-01 1.943551e-16 9.564898e-01
    outer loop
      vertex   -1.067010e+00 5.000000e+00 4.113878e+00
      vertex   -1.410782e+00 4.000000e+00 4.009014e+00
      vertex   -1.067010e+00 4.000000e+00 4.113878e+00
    endloop
  endfacet
  facet normal -2.099075e-01 1.398265e-16 9.777212e-01
    outer loop
      vertex   -1.067010e+00 5.000000e+00 4.113878e+00
      vertex   -1.067010e+00 4.000000e+00 4.113878e+00
      vertex   -7.156081e-01 5.000000e+00 4.189320e+00
    endloop
  endfacet
  facet normal -2.099075e-01 -2.330442e-16 9.777212e-01
    outer loop
      vertex   -7.156081e-01 5.000000e+00 4.189320e+00
      vertex   -1.067010e+00 4.000000e+00 4.113878e+00
      vertex   -7.156081e-01 4.000000e+00 4.189320e+00
    endloop
  endfacet
  facet normal -1.265480e-01 -1.404965e-16 9.919605e-01
    outer loop
      vertex   -7.156081e-01 5.000000e+00 4.189320e+00
      vertex   -7.156081e-01 4.000000e+00 4.189320e+00
      vertex   -3.590881e-01 5.000000e+00 4.234803e+00
    endloop
  endfacet
  facet normal -1.265480e-01 5.087221e-16 9.919605e-01
    outer loop
      vertex   -3.590881e-01 5.000000e+00 4.234803e+00
      vertex   -7.156081e-01 4.000000e+00 4.189320e+00
      vertex   -3.590881e-01 4.000000e+00 4.234803e+00
    endloop
  endfacet
  facet normal -4.228347e-02 7.629823e-16 9.991057e-01
    outer loop
      vertex   -3.590881e-01 5.000000e+00 4.234803e+00
      vertex   -3.590881e-01 4.000000e+00 4.234803e+00
      vertex   -2.602374e-16 5.000000e+00 4.250000e+00
    endloop
  endfacet
  facet normal -4.228347e-02 -4.401497e-17 9.991057e-01
    outer loop
      vertex   -2.602374e-16 5.000000e+00 4.250000e+00
      vertex   -3.590881e-01 4.000000e+00 4.234803e+00
      vertex   7.807123e-16 4.000000e+00 4.250000e+00
    endloop
  endfacet
  facet normal 4.228347e-02 4.401497e-17 9.991057e-01
    outer loop
      vertex   -2.602374e-16 5.000000e+00 4.250000e+00
      vertex   7.807123e-16 4.000000e+00 4.250000e+00
      vertex   3.590881e-01 5.000000e+00 4.234803e+00
    endloop
  endfacet
  facet normal 4.228347e-02 -3.286086e-17 9.991057e-01
    outer loop
      vertex   3.590881e-01 5.000000e+00 4.234803e+00
      vertex   7.807123e-16 4.000000e+00 4.250000e+00
      vertex   3.590881e-01 4.000000e+00 4.234803e+00
    endloop
  endfacet
  facet normal 1.265480e-01 -9.834756e-17 9.919605e-01
    outer loop
      vertex   3.590881e-01 5.000000e+00 4.234803e+00
      vertex   3.590881e-01 4.000000e+00 4.234803e+00
      vertex   7.156081e-01 5.000000e+00 4.189320e+00
    endloop
  endfacet
  facet normal 1.265480e-01 1.123972e-16 9.919605e-01
    outer loop
      vertex   7.156081e-01 5.000000e+00 4.189320e+00
      vertex   3.590881e-01 4.000000e+00 4.234803e+00
      vertex   7.156081e-01 4.000000e+00 4.189320e+00
    endloop
  endfacet
  facet normal 2.099075e-01 1.864353e-16 9.777212e-01
    outer loop
      vertex   7.156081e-01 5.000000e+00 4.189320e+00
      vertex   7.156081e-01 4.000000e+00 4.189320e+00
      vertex   1.067010e+00 5.000000e+00 4.113878e+00
    endloop
  endfacet
  facet normal 2.099075e-01 -1.130867e-15 9.777212e-01
    outer loop
      vertex   1.067010e+00 5.000000e+00 4.113878e+00
      vertex   7.156081e-01 4.000000e+00 4.189320e+00
      vertex   1.067010e+00 4.000000e+00 4.113878e+00
    endloop
  endfacet
  facet normal 2.917659e-01 -8.568615e-16 9.564898e-01
    outer loop
      vertex   1.067010e+00 5.000000e+00 4.113878e+00
      vertex   1.067010e+00 4.000000e+00 4.113878e+00
      vertex   1.410782e+00 5.000000e+00 4.009014e+00
    endloop
  endfacet
  facet normal 2.917659e-01 -6.551784e-16 9.564898e-01
    outer loop
      vertex   1.410782e+00 5.000000e+00 4.009014e+00
      vertex   1.067010e+00 4.000000e+00 4.113878e+00
      vertex   1.410782e+00 4.000000e+00 4.009014e+00
    endloop
  endfacet
  facet normal 3.715377e-01 -5.771069e-16 9.284179e-01
    outer loop
      vertex   1.410782e+00 5.000000e+00 4.009014e+00
      vertex   1.410782e+00 4.000000e+00 4.009014e+00
      vertex   1.744464e+00 5.000000e+00 3.875480e+00
    endloop
  endfacet
  facet normal 3.715377e-01 -1.649959e-16 9.284179e-01
    outer loop
      vertex   1.744464e+00 5.000000e+00 3.875480e+00
      vertex   1.410782e+00 4.000000e+00 4.009014e+00
      vertex   1.744464e+00 4.000000e+00 3.875480e+00
    endloop
  endfacet
  facet normal 4.486524e-01 -1.992417e-16 8.937064e-01
    outer loop
      vertex   1.744464e+00 5.000000e+00 3.875480e+00
      vertex   1.744464e+00 4.000000e+00 3.875480e+00
      vertex   2.065671e+00 5.000000e+00 3.714230e+00
    endloop
  endfacet
  facet normal 4.486524e-01 1.598016e-18 8.937064e-01
    outer loop
      vertex   2.065671e+00 5.000000e+00 3.714230e+00
      vertex   1.744464e+00 4.000000e+00 3.875480e+00
      vertex   2.065671e+00 4.000000e+00 3.714230e+00
    endloop
  endfacet
  facet normal 5.225585e-01 8.549321e-17 8.526034e-01
    outer loop
      vertex   2.065671e+00 5.000000e+00 3.714230e+00
      vertex   2.065671e+00 4.000000e+00 3.714230e+00
      vertex   2.372104e+00 5.000000e+00 3.526418e+00
    endloop
  endfacet
  facet normal 5.225585e-01 -1.221523e-16 8.526034e-01
    outer loop
      vertex   2.372104e+00 5.000000e+00 3.526418e+00
      vertex   2.065671e+00 4.000000e+00 3.714230e+00
      vertex   2.372104e+00 4.000000e+00 3.526418e+00
    endloop
  endfacet
  facet normal 5.927275e-01 1.486602e-16 8.054030e-01
    outer loop
      vertex   2.372104e+00 5.000000e+00 3.526418e+00
      vertex   2.372104e+00 4.000000e+00 3.526418e+00
      vertex   2.661574e+00 5.000000e+00 3.313386e+00
    endloop
  endfacet
  facet normal 5.927275e-01 1.687770e-16 8.054030e-01
    outer loop
      vertex   2.661574e+00 5.000000e+00 3.313386e+00
      vertex   2.372104e+00 4.000000e+00 3.526418e+00
      vertex   2.661574e+00 4.000000e+00 3.313386e+00
    endloop
  endfacet
  facet normal 6.586576e-01 2.508538e-16 7.524428e-01
    outer loop
      vertex   2.661574e+00 5.000000e+00 3.313386e+00
      vertex   2.661574e+00 4.000000e+00 3.313386e+00
      vertex   2.932009e+00 5.000000e+00 3.076658e+00
    endloop
  endfacet
  facet normal 6.586576e-01 2.092048e-16 7.524428e-01
    outer loop
      vertex   2.932009e+00 5.000000e+00 3.076658e+00
      vertex   2.661574e+00 4.000000e+00 3.313386e+00
      vertex   2.932009e+00 4.000000e+00 3.076658e+00
    endloop
  endfacet
  facet normal 7.198773e-01 3.425833e-16 6.941014e-01
    outer loop
      vertex   2.932009e+00 5.000000e+00 3.076658e+00
      vertex   2.932009e+00 4.000000e+00 3.076658e+00
      vertex   3.181476e+00 5.000000e+00 2.817927e+00
    endloop
  endfacet
  facet normal 7.198773e-01 1.144681e-17 6.941014e-01
    outer loop
      vertex   3.181476e+00 5.000000e+00 2.817927e+00
      vertex   2.932009e+00 4.000000e+00 3.076658e+00
      vertex   3.181476e+00 4.000000e+00 2.817927e+00
    endloop
  endfacet
  facet normal 7.759487e-01 6.446073e-17 6.307960e-01
    outer loop
      vertex   3.181476e+00 5.000000e+00 2.817927e+00
      vertex   3.181476e+00 4.000000e+00 2.817927e+00
      vertex   3.408190e+00 5.000000e+00 2.539044e+00
    endloop
  endfacet
  facet normal 7.759487e-01 -1.512083e-16 6.307960e-01
    outer loop
      vertex   3.408190e+00 5.000000e+00 2.539044e+00
      vertex   3.181476e+00 4.000000e+00 2.817927e+00
      vertex   3.408190e+00 4.000000e+00 2.539044e+00
    endloop
  endfacet
  facet normal 8.264708e-01 -1.598583e-17 5.629795e-01
    outer loop
      vertex   3.408190e+00 5.000000e+00 2.539044e+00
      vertex   3.408190e+00 4.000000e+00 2.539044e+00
      vertex   3.610530e+00 5.000000e+00 2.242002e+00
    endloop
  endfacet
  facet normal 8.264708e-01 -1.598583e-17 5.629795e-01
    outer loop
      vertex   3.610530e+00 5.000000e+00 2.242002e+00
      vertex   3.408190e+00 4.000000e+00 2.539044e+00
      vertex   3.610530e+00 4.000000e+00 2.242002e+00
    endloop
  endfacet
  facet normal 8.710824e-01 1.193509e-16 4.911368e-01
    outer loop
      vertex   3.610530e+00 5.000000e+00 2.242002e+00
      vertex   3.610530e+00 4.000000e+00 2.242002e+00
      vertex   3.787049e+00 5.000000e+00 1.928927e+00
    endloop
  endfacet
  facet normal 8.710824e-01 5.967546e-17 4.911368e-01
    outer loop
      vertex   3.787049e+00 5.000000e+00 1.928927e+00
      vertex   3.610530e+00 4.000000e+00 2.242002e+00
      vertex   3.787049e+00 4.000000e+00 1.928927e+00
    endloop
  endfacet
  facet normal 9.094644e-01 1.269171e-16 4.157817e-01
    outer loop
      vertex   3.787049e+00 5.000000e+00 1.928927e+00
      vertex   3.787049e+00 4.000000e+00 1.928927e+00
      vertex   3.936485e+00 5.000000e+00 1.602057e+00
    endloop
  endfacet
  facet normal 9.094644e-01 -5.772712e-17 4.157817e-01
    outer loop
      vertex   3.936485e+00 5.000000e+00 1.602057e+00
      vertex   3.787049e+00 4.000000e+00 1.928927e+00
      vertex   3.936485e+00 4.000000e+00 1.602057e+00
    endloop
  endfacet
  facet normal 9.413423e-01 4.339170e-17 3.374532e-01
    outer loop
      vertex   3.936485e+00 5.000000e+00 1.602057e+00
      vertex   3.936485e+00 4.000000e+00 1.602057e+00
      vertex   4.057769e+00 5.000000e+00 1.263730e+00
    endloop
  endfacet
  facet normal 9.413423e-01 -2.997186e-16 3.374532e-01
    outer loop
      vertex   4.057769e+00 5.000000e+00 1.263730e+00
      vertex   3.936485e+00 4.000000e+00 1.602057e+00
      vertex   4.057769e+00 4.000000e+00 1.263730e+00
    endloop
  endfacet
  facet normal 9.664881e-01 -2.280054e-16 2.567113e-01
    outer loop
      vertex   4.057769e+00 5.000000e+00 1.263730e+00
      vertex   4.057769e+00 4.000000e+00 1.263730e+00
      vertex   4.150033e+00 5.000000e+00 9.163646e-01
    endloop
  endfacet
  facet normal 9.664881e-01 -2.850067e-16 2.567113e-01
    outer loop
      vertex   4.150033e+00 5.000000e+00 9.163646e-01
      vertex   4.057769e+00 4.000000e+00 1.263730e+00
      vertex   4.150033e+00 4.000000e+00 9.163646e-01
    endloop
  endfacet
  facet normal 9.847221e-01 -1.933270e-16 1.741335e-01
    outer loop
      vertex   4.150033e+00 5.000000e+00 9.163646e-01
      vertex   4.150033e+00 4.000000e+00 9.163646e-01
      vertex   4.212618e+00 5.000000e+00 5.624461e-01
    endloop
  endfacet
  facet normal 9.847221e-01 -1.739943e-16 1.741335e-01
    outer loop
      vertex   4.212618e+00 5.000000e+00 5.624461e-01
      vertex   4.150033e+00 4.000000e+00 9.163646e-01
      vertex   4.212618e+00 4.000000e+00 5.624461e-01
    endloop
  endfacet
  facet normal 9.959137e-01 -9.023817e-17 9.031035e-02
    outer loop
      vertex   4.212618e+00 5.000000e+00 5.624461e-01
      vertex   4.212618e+00 4.000000e+00 5.624461e-01
      vertex   4.245077e+00 5.000000e+00 2.045053e-01
    endloop
  endfacet
  facet normal 9.959137e-01 -9.525140e-17 9.031035e-02
    outer loop
      vertex   4.245077e+00 5.000000e+00 2.045053e-01
      vertex   4.212618e+00 4.000000e+00 5.624461e-01
      vertex   4.245077e+00 4.000000e+00 2.045053e-01
    endloop
  endfacet
  facet normal 9.999829e-01 -6.160965e-18 5.841372e-03
    outer loop
      vertex   4.245077e+00 5.000000e+00 2.045053e-01
      vertex   4.245077e+00 4.000000e+00 2.045053e-01
      vertex   4.247176e+00 5.000000e+00 -1.548980e-01
    endloop
  endfacet
  facet normal 9.999829e-01 -5.998834e-18 5.841372e-03
    outer loop
      vertex   4.247176e+00 5.000000e+00 -1.548980e-01
      vertex   4.245077e+00 4.000000e+00 2.045053e-01
      vertex   4.247176e+00 4.000000e+00 -1.548980e-01
    endloop
  endfacet
  facet normal 9.969008e-01 8.079002e-17 -7.866938e-02
    outer loop
      vertex   4.247176e+00 5.000000e+00 -1.548980e-01
      vertex   4.247176e+00 4.000000e+00 -1.548980e-01
      vertex   4.218902e+00 5.000000e+00 -5.131936e-01
    endloop
  endfacet
  facet normal 9.969008e-01 8.854257e-16 -7.866938e-02
    outer loop
      vertex   4.218902e+00 5.000000e+00 -5.131936e-01
      vertex   4.247176e+00 4.000000e+00 -1.548980e-01
      vertex   4.218902e+00 4.000000e+00 -5.131936e-01
    endloop
  endfacet
  facet normal 0.000000e+00 0.000000e+00 -1.000000e+00
    outer loop
      vertex   -3.082573e+00 4.000000e+00 -5.131936e-01
      vertex   -4.218902e+00 4.000000e+00 -5.131936e-01
      vertex   -3.082573e+00 5.000000e+00 -5.131936e-01
    endloop
  endfacet
  facet normal -0.000000e+00 0.000000e+00 -1.000000e+00
    outer loop
      vertex   -3.082573e+00 5.000000e+00 -5.131936e-01
      vertex   -4.218902e+00 4.000000e+00 -5.131936e-01
      vertex   -4.218902e+00 5.000000e+00 -5.131936e-01
    endloop
  endfacet
  facet normal -2.789133e-03 -9.978963e-01 -6.477001e-02
    outer loop
      vertex   -3.653504e-01 -4.000000e+00 -4.234267e+00
      vertex   -3.231528e-01 -3.985029e+00 -4.466747e+00
      vertex   -7.807123e-16 -4.000000e+00 -4.250000e+00
    endloop
  endfacet
  facet normal -2.362744e-03 -9.978561e-01 -6.540295e-02
    outer loop
      vertex   -7.807123e-16 -4.000000e+00 -4.250000e+00
      vertex   -3.231528e-01 -3.985029e+00 -4.466747e+00
      vertex   5.484484e-16 -3.985029e+00 -4.478421e+00
    endloop
  endfacet
  facet normal 2.362744e-03 -9.978561e-01 -6.540295e-02
    outer loop
      vertex   -7.807123e-16 -4.000000e+00 -4.250000e+00
      vertex   5.484484e-16 -3.985029e+00 -4.478421e+00
      vertex   3.231528e-01 -3.985029e+00 -4.466747e+00
    endloop
  endfacet
  facet normal 4.798071e-03 -9.911292e-01 -1.328150e-01
    outer loop
      vertex   3.231528e-01 -3.985029e+00 -4.466747e+00
      vertex   5.484484e-16 -3.985029e+00 -4.478421e+00
      vertex   -5.494299e-16 -3.983954e+00 -4.486436e+00
    endloop
  endfacet
  facet normal 6.265693e-03 -9.876246e-01 -1.567114e-01
    outer loop
      vertex   3.231528e-01 -3.985029e+00 -4.466747e+00
      vertex   -5.494299e-16 -3.983954e+00 -4.486436e+00
      vertex   3.581840e-01 -3.983954e+00 -4.472115e+00
    endloop
  endfacet
  facet normal -7.129332e-03 -9.978236e-01 -6.555312e-02
    outer loop
      vertex   -3.231528e-01 -3.985029e+00 -4.466747e+00
      vertex   -3.653504e-01 -4.000000e+00 -4.234267e+00
      vertex   -6.446208e-01 -3.985029e+00 -4.431785e+00
    endloop
  endfacet
  facet normal -8.297249e-03 -9.979212e-01 -6.390920e-02
    outer loop
      vertex   -6.446208e-01 -3.985029e+00 -4.431785e+00
      vertex   -3.653504e-01 -4.000000e+00 -4.234267e+00
      vertex   -7.279959e-01 -4.000000e+00 -4.187185e+00
    endloop
  endfacet
  facet normal -1.188807e-02 -9.978062e-01 -6.512614e-02
    outer loop
      vertex   -6.446208e-01 -3.985029e+00 -4.431785e+00
      vertex   -7.279959e-01 -4.000000e+00 -4.187185e+00
      vertex   -9.627281e-01 -3.985029e+00 -4.373718e+00
    endloop
  endfacet
  facet normal -1.372971e-02 -9.979305e-01 -6.281860e-02
    outer loop
      vertex   -9.627281e-01 -3.985029e+00 -4.373718e+00
      vertex   -7.279959e-01 -4.000000e+00 -4.187185e+00
      vertex   -1.085252e+00 -4.000000e+00 -4.109103e+00
    endloop
  endfacet
  facet normal -1.656282e-02 -9.978045e-01 -6.412327e-02
    outer loop
      vertex   -9.627281e-01 -3.985029e+00 -4.373718e+00
      vertex   -1.085252e+00 -4.000000e+00 -4.109103e+00
      vertex   -1.275816e+00 -3.985029e+00 -4.292848e+00
    endloop
  endfacet
  facet normal -1.910671e-02 -9.979245e-01 -6.149474e-02
    outer loop
      vertex   -1.275816e+00 -3.985029e+00 -4.292848e+00
      vertex   -1.085252e+00 -4.000000e+00 -4.109103e+00
      vertex   -1.434472e+00 -4.000000e+00 -4.000599e+00
    endloop
  endfacet
  facet normal -2.107891e-02 -9.978186e-01 -6.255998e-02
    outer loop
      vertex   -1.275816e+00 -3.985029e+00 -4.292848e+00
      vertex   -1.434472e+00 -4.000000e+00 -4.000599e+00
      vertex   -1.582253e+00 -3.985029e+00 -4.189598e+00
    endloop
  endfacet
  facet normal -2.444793e-02 -9.979030e-01 -5.993239e-02
    outer loop
      vertex   -1.582253e+00 -3.985029e+00 -4.189598e+00
      vertex   -1.434472e+00 -4.000000e+00 -4.000599e+00
      vertex   -1.773073e+00 -4.000000e+00 -3.862475e+00
    endloop
  endfacet
  facet normal -2.536593e-02 -9.978479e-01 -6.046537e-02
    outer loop
      vertex   -1.582253e+00 -3.985029e+00 -4.189598e+00
      vertex   -1.773073e+00 -4.000000e+00 -3.862475e+00
      vertex   -1.880440e+00 -3.985029e+00 -4.064505e+00
    endloop
  endfacet
  facet normal -2.954525e-02 -9.978650e-01 -5.824556e-02
    outer loop
      vertex   -1.880440e+00 -3.985029e+00 -4.064505e+00
      vertex   -1.773073e+00 -4.000000e+00 -3.862475e+00
      vertex   -2.168824e+00 -3.985029e+00 -3.918221e+00
    endloop
  endfacet
  facet normal -4.515812e-02 -9.950052e-01 -8.902479e-02
    outer loop
      vertex   -1.880440e+00 -3.985029e+00 -4.064505e+00
      vertex   -2.168824e+00 -3.985029e+00 -3.918221e+00
      vertex   -2.069884e+00 -3.983954e+00 -3.980413e+00
    endloop
  endfacet
  facet normal -1.069358e-01 -9.765248e-01 -1.869866e-01
    outer loop
      vertex   -2.069884e+00 -3.983954e+00 -3.980413e+00
      vertex   -2.168824e+00 -3.985029e+00 -3.918221e+00
      vertex   -2.381061e+00 -3.983954e+00 -3.802454e+00
    endloop
  endfacet
  facet normal -5.386467e-02 -9.945271e-01 -8.952377e-02
    outer loop
      vertex   -2.381061e+00 -3.983954e+00 -3.802454e+00
      vertex   -2.168824e+00 -3.985029e+00 -3.918221e+00
      vertex   -2.445900e+00 -3.985029e+00 -3.751510e+00
    endloop
  endfacet
  facet normal -1.084490e-01 -9.813498e-01 -1.587182e-01
    outer loop
      vertex   -2.381061e+00 -3.983954e+00 -3.802454e+00
      vertex   -2.445900e+00 -3.985029e+00 -3.751510e+00
      vertex   -2.677037e+00 -3.983954e+00 -3.600219e+00
    endloop
  endfacet
  facet normal -6.487738e-02 -9.936374e-01 -9.206362e-02
    outer loop
      vertex   -2.677037e+00 -3.983954e+00 -3.600219e+00
      vertex   -2.445900e+00 -3.985029e+00 -3.751510e+00
      vertex   -2.710225e+00 -3.985029e+00 -3.565240e+00
    endloop
  endfacet
  facet normal -1.045778e-01 -9.860497e-01 -1.294973e-01
    outer loop
      vertex   -2.677037e+00 -3.983954e+00 -3.600219e+00
      vertex   -2.710225e+00 -3.985029e+00 -3.565240e+00
      vertex   -2.955923e+00 -3.983954e+00 -3.375000e+00
    endloop
  endfacet
  facet normal -7.977428e-02 -9.920401e-01 -9.742923e-02
    outer loop
      vertex   -2.955923e+00 -3.983954e+00 -3.375000e+00
      vertex   -2.710225e+00 -3.985029e+00 -3.565240e+00
      vertex   -2.960420e+00 -3.985029e+00 -3.360382e+00
    endloop
  endfacet
  facet normal -1.166372e-01 -9.872395e-01 -1.084155e-01
    outer loop
      vertex   -2.955923e+00 -3.983954e+00 -3.375000e+00
      vertex   -2.960420e+00 -3.985029e+00 -3.360382e+00
      vertex   -3.141596e+00 -3.962018e+00 -3.375000e+00
    endloop
  endfacet
  facet normal -1.153776e-01 -9.858256e-01 -1.218026e-01
    outer loop
      vertex   -3.141596e+00 -3.962018e+00 -3.375000e+00
      vertex   -2.960420e+00 -3.985029e+00 -3.360382e+00
      vertex   -3.195180e+00 -3.985029e+00 -3.138005e+00
    endloop
  endfacet
  facet normal -1.472176e-01 -9.807208e-01 -1.285059e-01
    outer loop
      vertex   -3.141596e+00 -3.962018e+00 -3.375000e+00
      vertex   -3.195180e+00 -3.985029e+00 -3.138005e+00
      vertex   -3.355361e+00 -3.940370e+00 -3.295320e+00
    endloop
  endfacet
  facet normal -1.441242e-01 -9.807609e-01 -1.316671e-01
    outer loop
      vertex   -3.355361e+00 -3.940370e+00 -3.295320e+00
      vertex   -3.195180e+00 -3.985029e+00 -3.138005e+00
      vertex   -3.584397e+00 -3.940370e+00 -3.044615e+00
    endloop
  endfacet
  facet normal -2.259336e-01 -9.520246e-01 -2.064055e-01
    outer loop
      vertex   -3.355361e+00 -3.940370e+00 -3.295320e+00
      vertex   -3.584397e+00 -3.940370e+00 -3.044615e+00
      vertex   -3.504863e+00 -3.887615e+00 -3.375000e+00
    endloop
  endfacet
  facet normal -2.435188e-01 -9.469277e-01 -2.098250e-01
    outer loop
      vertex   -3.504863e+00 -3.887615e+00 -3.375000e+00
      vertex   -3.584397e+00 -3.940370e+00 -3.044615e+00
      vertex   -3.749606e+00 -3.866789e+00 -3.184944e+00
    endloop
  endfacet
  facet normal -2.803664e-01 -9.240721e-01 -2.597794e-01
    outer loop
      vertex   -3.504863e+00 -3.887615e+00 -3.375000e+00
      vertex   -3.749606e+00 -3.866789e+00 -3.184944e+00
      vertex   -3.674961e+00 -3.836007e+00 -3.375000e+00
    endloop
  endfacet
  facet normal -3.426099e-01 -8.968401e-01 -2.798148e-01
    outer loop
      vertex   -3.674961e+00 -3.836007e+00 -3.375000e+00
      vertex   -3.749606e+00 -3.866789e+00 -3.184944e+00
      vertex   -3.906081e+00 -3.765544e+00 -3.317855e+00
    endloop
  endfacet
  facet normal -3.450585e-01 -8.899426e-01 -2.982227e-01
    outer loop
      vertex   -3.674961e+00 -3.836007e+00 -3.375000e+00
      vertex   -3.906081e+00 -3.765544e+00 -3.317855e+00
      vertex   -3.838730e+00 -3.772509e+00 -3.375000e+00
    endloop
  endfacet
  facet normal -4.026839e-01 -8.360218e-01 -3.727107e-01
    outer loop
      vertex   -3.838730e+00 -3.772509e+00 -3.375000e+00
      vertex   -3.906081e+00 -3.765544e+00 -3.317855e+00
      vertex   -4.004650e+00 -3.692591e+00 -3.375000e+00
    endloop
  endfacet
  facet normal -4.263861e-01 -8.396414e-01 -3.364479e-01
    outer loop
      vertex   -4.004650e+00 -3.692591e+00 -3.375000e+00
      vertex   -3.906081e+00 -3.765544e+00 -3.317855e+00
      vertex   -4.135307e+00 -3.765544e+00 -3.027352e+00
    endloop
  endfacet
  facet normal -4.397494e-01 -8.313838e-01 -3.397374e-01
    outer loop
      vertex   -4.004650e+00 -3.692591e+00 -3.375000e+00
      vertex   -4.135307e+00 -3.765544e+00 -3.027352e+00
      vertex   -4.288884e+00 -3.638368e+00 -3.139782e+00
    endloop
  endfacet
  facet normal -4.600467e-01 -8.313022e-01 -3.119194e-01
    outer loop
      vertex   -4.288884e+00 -3.638368e+00 -3.139782e+00
      vertex   -4.135307e+00 -3.765544e+00 -3.027352e+00
      vertex   -4.504264e+00 -3.638368e+00 -2.822121e+00
    endloop
  endfacet
  facet normal -5.459344e-01 -7.516266e-01 -3.701527e-01
    outer loop
      vertex   -4.288884e+00 -3.638368e+00 -3.139782e+00
      vertex   -4.504264e+00 -3.638368e+00 -2.822121e+00
      vertex   -4.650107e+00 -3.487437e+00 -2.913498e+00
    endloop
  endfacet
  facet normal -5.712207e-01 -7.516266e-01 -3.297944e-01
    outer loop
      vertex   -4.650107e+00 -3.487437e+00 -2.913498e+00
      vertex   -4.504264e+00 -3.638368e+00 -2.822121e+00
      vertex   -4.848217e+00 -3.487437e+00 -2.570362e+00
    endloop
  endfacet
  facet normal -6.512969e-01 -6.591027e-01 -3.760265e-01
    outer loop
      vertex   -4.650107e+00 -3.487437e+00 -2.913498e+00
      vertex   -4.848217e+00 -3.487437e+00 -2.570362e+00
      vertex   -4.981566e+00 -3.315333e+00 -2.641059e+00
    endloop
  endfacet
  facet normal -6.767324e-01 -6.591027e-01 -3.280501e-01
    outer loop
      vertex   -4.981566e+00 -3.315333e+00 -2.641059e+00
      vertex   -4.848217e+00 -3.487437e+00 -2.570362e+00
      vertex   -5.159153e+00 -3.315333e+00 -2.274716e+00
    endloop
  endfacet
  facet normal -7.483458e-01 -5.553198e-01 -3.627651e-01
    outer loop
      vertex   -4.981566e+00 -3.315333e+00 -2.641059e+00
      vertex   -5.159153e+00 -3.315333e+00 -2.274716e+00
      vertex   -5.275521e+00 -3.125000e+00 -2.326023e+00
    endloop
  endfacet
  facet normal -7.725713e-01 -5.553198e-01 -3.078206e-01
    outer loop
      vertex   -5.275521e+00 -3.125000e+00 -2.326023e+00
      vertex   -5.159153e+00 -3.315333e+00 -2.274716e+00
      vertex   -5.429609e+00 -3.125000e+00 -1.939290e+00
    endloop
  endfacet
  facet normal -8.332801e-01 -4.420567e-01 -3.320092e-01
    outer loop
      vertex   -5.275521e+00 -3.125000e+00 -2.326023e+00
      vertex   -5.429609e+00 -3.125000e+00 -1.939290e+00
      vertex   -5.524955e+00 -2.919696e+00 -1.973345e+00
    endloop
  endfacet
  facet normal -8.550650e-01 -4.420567e-01 -2.710161e-01
    outer loop
      vertex   -5.524955e+00 -2.919696e+00 -1.973345e+00
      vertex   -5.429609e+00 -3.125000e+00 -1.939290e+00
      vertex   -5.652945e+00 -2.919696e+00 -1.569532e+00
    endloop
  endfacet
  facet normal -9.027347e-01 -3.212515e-01 -2.861251e-01
    outer loop
      vertex   -5.524955e+00 -2.919696e+00 -1.973345e+00
      vertex   -5.652945e+00 -2.919696e+00 -1.569532e+00
      vertex   -5.723844e+00 -2.702933e+00 -1.589217e+00
    endloop
  endfacet
  facet normal -9.210276e-01 -3.212515e-01 -2.202400e-01
    outer loop
      vertex   -5.723844e+00 -2.702933e+00 -1.589217e+00
      vertex   -5.652945e+00 -2.919696e+00 -1.569532e+00
      vertex   -5.823597e+00 -2.702933e+00 -1.172055e+00
    endloop
  endfacet
  facet normal -9.539161e-01 -1.949680e-01 -2.281044e-01
    outer loop
      vertex   -5.723844e+00 -2.702933e+00 -1.589217e+00
      vertex   -5.823597e+00 -2.702933e+00 -1.172055e+00
      vertex   -5.867378e+00 -2.478421e+00 -1.180866e+00
    endloop
  endfacet
  facet normal -9.678889e-01 -1.949680e-01 -1.586773e-01
    outer loop
      vertex   -5.867378e+00 -2.478421e+00 -1.180866e+00
      vertex   -5.823597e+00 -2.702933e+00 -1.172055e+00
      vertex   -5.937291e+00 -2.478421e+00 -7.544111e-01
    endloop
  endfacet
  facet normal -9.834769e-01 -8.232296e-02 -1.612329e-01
    outer loop
      vertex   -5.867378e+00 -2.478421e+00 -1.180866e+00
      vertex   -5.937291e+00 -2.478421e+00 -7.544111e-01
      vertex   -5.919722e+00 -2.250000e+00 -9.782090e-01
    endloop
  endfacet
  facet normal -9.907060e-01 -4.835820e-02 -1.271340e-01
    outer loop
      vertex   -5.919722e+00 -2.250000e+00 -9.782090e-01
      vertex   -5.937291e+00 -2.478421e+00 -7.544111e-01
      vertex   -5.974905e+00 -2.250000e+00 -5.481891e-01
    endloop
  endfacet
  facet normal -9.925473e-01 -8.232467e-02 -8.984706e-02
    outer loop
      vertex   -5.974905e+00 -2.250000e+00 -5.481891e-01
      vertex   -5.937291e+00 -2.478421e+00 -7.544111e-01
      vertex   -5.976251e+00 -2.478421e+00 -3.240229e-01
    endloop
  endfacet
  facet normal -9.973002e-01 -4.835652e-02 -5.526274e-02
    outer loop
      vertex   -5.974905e+00 -2.250000e+00 -5.481891e-01
      vertex   -5.976251e+00 -2.478421e+00 -3.240229e-01
      vertex   -5.998892e+00 -2.250000e+00 -1.153070e-01
    endloop
  endfacet
  facet normal -9.964430e-01 -8.232631e-02 -1.799286e-02
    outer loop
      vertex   -5.998892e+00 -2.250000e+00 -1.153070e-01
      vertex   -5.976251e+00 -2.478421e+00 -3.240229e-01
      vertex   -5.984053e+00 -2.478421e+00 1.080546e-01
    endloop
  endfacet
  facet normal -9.986873e-01 -4.835491e-02 1.689710e-02
    outer loop
      vertex   -5.998892e+00 -2.250000e+00 -1.153070e-01
      vertex   -5.984053e+00 -2.478421e+00 1.080546e-01
      vertex   -5.991558e+00 -2.250000e+00 3.181771e-01
    endloop
  endfacet
  facet normal -9.951437e-01 -8.232787e-02 5.395512e-02
    outer loop
      vertex   -5.991558e+00 -2.250000e+00 3.181771e-01
      vertex   -5.984053e+00 -2.478421e+00 1.080546e-01
      vertex   -5.960657e+00 -2.478421e+00 5.395688e-01
    endloop
  endfacet
  facet normal -9.948600e-01 -4.835337e-02 8.896872e-02
    outer loop
      vertex   -5.991558e+00 -2.250000e+00 3.181771e-01
      vertex   -5.960657e+00 -2.478421e+00 5.395688e-01
      vertex   -5.952940e+00 -2.250000e+00 7.500000e-01
    endloop
  endfacet
  facet normal -9.886562e-01 -8.232936e-02 1.256218e-01
    outer loop
      vertex   -5.952940e+00 -2.250000e+00 7.500000e-01
      vertex   -5.960657e+00 -2.478421e+00 5.395688e-01
      vertex   -5.906185e+00 -2.478421e+00 9.682699e-01
    endloop
  endfacet
  facet normal -9.858385e-01 -4.835191e-02 1.605758e-01
    outer loop
      vertex   -5.952940e+00 -2.250000e+00 7.500000e-01
      vertex   -5.906185e+00 -2.478421e+00 9.682699e-01
      vertex   -5.883242e+00 -2.250000e+00 1.177907e+00
    endloop
  endfacet
  facet normal -9.770143e-01 -8.233078e-02 1.966335e-01
    outer loop
      vertex   -5.883242e+00 -2.250000e+00 1.177907e+00
      vertex   -5.906185e+00 -2.478421e+00 9.682699e-01
      vertex   -5.820921e+00 -2.478421e+00 1.391923e+00
    endloop
  endfacet
  facet normal -9.716697e-01 -4.835052e-02 2.313446e-01
    outer loop
      vertex   -5.883242e+00 -2.250000e+00 1.177907e+00
      vertex   -5.820921e+00 -2.478421e+00 1.391923e+00
      vertex   -5.782826e+00 -2.250000e+00 1.599664e+00
    endloop
  endfacet
  facet normal -9.602787e-01 -8.233213e-02 2.666201e-01
    outer loop
      vertex   -5.782826e+00 -2.250000e+00 1.599664e+00
      vertex   -5.820921e+00 -2.478421e+00 1.391923e+00
      vertex   -5.705309e+00 -2.478421e+00 1.808319e+00
    endloop
  endfacet
  facet normal -9.524276e-01 -4.834921e-02 3.009054e-01
    outer loop
      vertex   -5.782826e+00 -2.250000e+00 1.599664e+00
      vertex   -5.705309e+00 -2.478421e+00 1.808319e+00
      vertex   -5.652217e+00 -2.250000e+00 2.013069e+00
    endloop
  endfacet
  facet normal -9.385367e-01 -8.233340e-02 3.352166e-01
    outer loop
      vertex   -5.652217e+00 -2.250000e+00 2.013069e+00
      vertex   -5.705309e+00 -2.478421e+00 1.808319e+00
      vertex   -5.559952e+00 -2.478421e+00 2.215287e+00
    endloop
  endfacet
  facet normal -9.282127e-01 -4.834797e-02 3.688952e-01
    outer loop
      vertex   -5.652217e+00 -2.250000e+00 2.013069e+00
      vertex   -5.559952e+00 -2.478421e+00 2.215287e+00
      vertex   -5.492096e+00 -2.250000e+00 2.415963e+00
    endloop
  endfacet
  facet normal -9.119015e-01 -8.233460e-02 4.020654e-01
    outer loop
      vertex   -5.492096e+00 -2.250000e+00 2.415963e+00
      vertex   -5.559952e+00 -2.478421e+00 2.215287e+00
      vertex   -5.385608e+00 -2.478421e+00 2.610706e+00
    endloop
  endfacet
  facet normal -8.991515e-01 -4.834680e-02 4.349589e-01
    outer loop
      vertex   -5.492096e+00 -2.250000e+00 2.415963e+00
      vertex   -5.385608e+00 -2.478421e+00 2.610706e+00
      vertex   -5.303301e+00 -2.250000e+00 2.806243e+00
    endloop
  endfacet
  facet normal -8.805122e-01 -8.233573e-02 4.668180e-01
    outer loop
      vertex   -5.303301e+00 -2.250000e+00 2.806243e+00
      vertex   -5.385608e+00 -2.478421e+00 2.610706e+00
      vertex   -5.183187e+00 -2.478421e+00 2.992514e+00
    endloop
  endfacet
  facet normal -8.653956e-01 -4.834570e-02 4.987516e-01
    outer loop
      vertex   -5.303301e+00 -2.250000e+00 2.806243e+00
      vertex   -5.183187e+00 -2.478421e+00 2.992514e+00
      vertex   -5.086816e+00 -2.250000e+00 3.181871e+00
    endloop
  endfacet
  facet normal -8.445323e-01 -8.233679e-02 5.291369e-01
    outer loop
      vertex   -5.086816e+00 -2.250000e+00 3.181871e+00
      vertex   -5.183187e+00 -2.478421e+00 2.992514e+00
      vertex   -4.953742e+00 -2.478421e+00 3.358721e+00
    endloop
  endfacet
  facet normal -8.271213e-01 -4.834468e-02 5.599403e-01
    outer loop
      vertex   -5.086816e+00 -2.250000e+00 3.181871e+00
      vertex   -4.953742e+00 -2.478421e+00 3.358721e+00
      vertex   -4.843772e+00 -2.250000e+00 3.540886e+00
    endloop
  endfacet
  facet normal -8.041494e-01 -8.233777e-02 5.886971e-01
    outer loop
      vertex   -4.843772e+00 -2.250000e+00 3.540886e+00
      vertex   -4.953742e+00 -2.478421e+00 3.358721e+00
      vertex   -4.698471e+00 -2.478421e+00 3.707416e+00
    endloop
  endfacet
  facet normal -7.845285e-01 -4.834373e-02 6.182054e-01
    outer loop
      vertex   -4.843772e+00 -2.250000e+00 3.540886e+00
      vertex   -4.698471e+00 -2.478421e+00 3.707416e+00
      vertex   -4.575437e+00 -2.250000e+00 3.881414e+00
    endloop
  endfacet
  facet normal -7.595741e-01 -8.233868e-02 6.451880e-01
    outer loop
      vertex   -4.575437e+00 -2.250000e+00 3.881414e+00
      vertex   -4.698471e+00 -2.478421e+00 3.707416e+00
      vertex   -4.418705e+00 -2.478421e+00 4.036783e+00
    endloop
  endfacet
  facet normal -7.378395e-01 -4.834285e-02 6.732428e-01
    outer loop
      vertex   -4.575437e+00 -2.250000e+00 3.881414e+00
      vertex   -4.418705e+00 -2.478421e+00 4.036783e+00
      vertex   -4.283214e+00 -2.250000e+00 4.201676e+00
    endloop
  endfacet
  facet normal -7.110387e-01 -8.233951e-02 6.983153e-01
    outer loop
      vertex   -4.283214e+00 -2.250000e+00 4.201676e+00
      vertex   -4.418705e+00 -2.478421e+00 4.036783e+00
      vertex   -4.115901e+00 -2.478421e+00 4.345104e+00
    endloop
  endfacet
  facet normal -6.872981e-01 -4.834205e-02 7.247650e-01
    outer loop
      vertex   -4.283214e+00 -2.250000e+00 4.201676e+00
      vertex   -4.115901e+00 -2.478421e+00 4.345104e+00
      vertex   -3.968627e+00 -2.250000e+00 4.500000e+00
    endloop
  endfacet
  facet normal -6.587962e-01 -8.234028e-02 7.478018e-01
    outer loop
      vertex   -3.968627e+00 -2.250000e+00 4.500000e+00
      vertex   -4.115901e+00 -2.478421e+00 4.345104e+00
      vertex   -3.791639e+00 -2.478421e+00 4.630771e+00
    endloop
  endfacet
  facet normal -6.331682e-01 -4.834132e-02 7.725031e-01
    outer loop
      vertex   -3.968627e+00 -2.250000e+00 4.500000e+00
      vertex   -3.791639e+00 -2.478421e+00 4.630771e+00
      vertex   -3.633319e+00 -2.250000e+00 4.774829e+00
    endloop
  endfacet
  facet normal -6.031192e-01 -8.234097e-02 7.933897e-01
    outer loop
      vertex   -3.633319e+00 -2.250000e+00 4.774829e+00
      vertex   -3.791639e+00 -2.478421e+00 4.630771e+00
      vertex   -3.447609e+00 -2.478421e+00 4.892296e+00
    endloop
  endfacet
  facet normal -5.757325e-01 -4.834066e-02 8.162079e-01
    outer loop
      vertex   -3.633319e+00 -2.250000e+00 4.774829e+00
      vertex   -3.447609e+00 -2.478421e+00 4.892296e+00
      vertex   -3.279041e+00 -2.250000e+00 5.024728e+00
    endloop
  endfacet
  facet normal -5.442977e-01 -8.234159e-02 8.348412e-01
    outer loop
      vertex   -3.279041e+00 -2.250000e+00 5.024728e+00
      vertex   -3.447609e+00 -2.478421e+00 4.892296e+00
      vertex   -3.085605e+00 -2.478421e+00 5.128315e+00
    endloop
  endfacet
  facet normal -5.152907e-01 -4.834007e-02 8.556511e-01
    outer loop
      vertex   -3.279041e+00 -2.250000e+00 5.024728e+00
      vertex   -3.085605e+00 -2.478421e+00 5.128315e+00
      vertex   -2.907643e+00 -2.250000e+00 5.248392e+00
    endloop
  endfacet
  facet normal -4.826386e-01 -8.234213e-02 8.719402e-01
    outer loop
      vertex   -2.907643e+00 -2.250000e+00 5.248392e+00
      vertex   -3.085605e+00 -2.478421e+00 5.128315e+00
      vertex   -2.707513e+00 -2.478421e+00 5.337597e+00
    endloop
  endfacet
  facet normal -4.521585e-01 -4.833956e-02 8.906267e-01
    outer loop
      vertex   -2.907643e+00 -2.250000e+00 5.248392e+00
      vertex   -2.707513e+00 -2.478421e+00 5.337597e+00
      vertex   -2.521063e+00 -2.250000e+00 5.444653e+00
    endloop
  endfacet
  facet normal -4.184632e-01 -8.234261e-02 9.044934e-01
    outer loop
      vertex   -2.521063e+00 -2.250000e+00 5.444653e+00
      vertex   -2.707513e+00 -2.478421e+00 5.337597e+00
      vertex   -2.315307e+00 -2.478421e+00 5.519051e+00
    endloop
  endfacet
  facet normal -3.866655e-01 -4.833912e-02 9.209523e-01
    outer loop
      vertex   -2.521063e+00 -2.250000e+00 5.444653e+00
      vertex   -2.315307e+00 -2.478421e+00 5.519051e+00
      vertex   -2.121320e+00 -2.250000e+00 5.612486e+00
    endloop
  endfacet
  facet normal -3.521061e-01 -8.234301e-02 9.323309e-01
    outer loop
      vertex   -2.121320e+00 -2.250000e+00 5.612486e+00
      vertex   -2.315307e+00 -2.478421e+00 5.519051e+00
      vertex   -1.911029e+00 -2.478421e+00 5.671731e+00
    endloop
  endfacet
  facet normal -3.191536e-01 -4.833876e-02 9.464694e-01
    outer loop
      vertex   -2.121320e+00 -2.250000e+00 5.612486e+00
      vertex   -1.911029e+00 -2.478421e+00 5.671731e+00
      vertex   -1.710502e+00 -2.250000e+00 5.751016e+00
    endloop
  endfacet
  facet normal -2.839134e-01 -8.234334e-02 9.553077e-01
    outer loop
      vertex   -1.710502e+00 -2.250000e+00 5.751016e+00
      vertex   -1.911029e+00 -2.478421e+00 5.671731e+00
      vertex   -1.496788e+00 -2.478421e+00 5.794842e+00
    endloop
  endfacet
  facet normal -2.499754e-01 -4.833847e-02 9.670448e-01
    outer loop
      vertex   -1.710502e+00 -2.250000e+00 5.751016e+00
      vertex   -1.496788e+00 -2.478421e+00 5.794842e+00
      vertex   -1.290753e+00 -2.250000e+00 5.859519e+00
    endloop
  endfacet
  facet normal -2.142404e-01 -8.234359e-02 9.733040e-01
    outer loop
      vertex   -1.290753e+00 -2.250000e+00 5.859519e+00
      vertex   -1.496788e+00 -2.478421e+00 5.794842e+00
      vertex   -1.074743e+00 -2.478421e+00 5.887741e+00
    endloop
  endfacet
  facet normal -1.794920e-01 -4.833825e-02 9.825711e-01
    outer loop
      vertex   -1.290753e+00 -2.250000e+00 5.859519e+00
      vertex   -1.074743e+00 -2.478421e+00 5.887741e+00
      vertex   -8.642641e-01 -2.250000e+00 5.937428e+00
    endloop
  endfacet
  facet normal -1.434505e-01 -8.234377e-02 9.862259e-01
    outer loop
      vertex   -8.642641e-01 -2.250000e+00 5.937428e+00
      vertex   -1.074743e+00 -2.478421e+00 5.887741e+00
      vertex   -6.470954e-01 -2.478421e+00 5.949944e+00
    endloop
  endfacet
  facet normal -1.080714e-01 -4.833810e-02 9.929673e-01
    outer loop
      vertex   -8.642641e-01 -2.250000e+00 5.937428e+00
      vertex   -6.470954e-01 -2.478421e+00 5.949944e+00
      vertex   -4.332631e-01 -2.250000e+00 5.984336e+00
    endloop
  endfacet
  facet normal -7.191271e-02 -8.234388e-02 9.940061e-01
    outer loop
      vertex   -4.332631e-01 -2.250000e+00 5.984336e+00
      vertex   -6.470954e-01 -2.478421e+00 5.949944e+00
      vertex   -2.160740e-01 -2.478421e+00 5.981127e+00
    endloop
  endfacet
  facet normal -3.608661e-02 -4.833803e-02 9.981789e-01
    outer loop
      vertex   -4.332631e-01 -2.250000e+00 5.984336e+00
      vertex   -2.160740e-01 -2.478421e+00 5.981127e+00
      vertex   -2.297141e-15 -2.250000e+00 6.000000e+00
    endloop
  endfacet
  facet normal 0.000000e+00 -8.234392e-02 9.966040e-01
    outer loop
      vertex   -2.297141e-15 -2.250000e+00 6.000000e+00
      vertex   -2.160740e-01 -2.478421e+00 5.981127e+00
      vertex   2.160740e-01 -2.478421e+00 5.981127e+00
    endloop
  endfacet
  facet normal 3.608661e-02 -4.833803e-02 9.981789e-01
    outer loop
      vertex   -2.297141e-15 -2.250000e+00 6.000000e+00
      vertex   2.160740e-01 -2.478421e+00 5.981127e+00
      vertex   4.332631e-01 -2.250000e+00 5.984336e+00
    endloop
  endfacet
  facet normal 7.191271e-02 -8.234388e-02 9.940061e-01
    outer loop
      vertex   4.332631e-01 -2.250000e+00 5.984336e+00
      vertex   2.160740e-01 -2.478421e+00 5.981127e+00
      vertex   6.470954e-01 -2.478421e+00 5.949944e+00
    endloop
  endfacet
  facet normal 1.080714e-01 -4.833810e-02 9.929673e-01
    outer loop
      vertex   4.332631e-01 -2.250000e+00 5.984336e+00
      vertex   6.470954e-01 -2.478421e+00 5.949944e+00
      vertex   8.642641e-01 -2.250000e+00 5.937428e+00
    endloop
  endfacet
  facet normal 1.434505e-01 -8.234377e-02 9.862259e-01
    outer loop
      vertex   8.642641e-01 -2.250000e+00 5.937428e+00
      vertex   6.470954e-01 -2.478421e+00 5.949944e+00
      vertex   1.074743e+00 -2.478421e+00 5.887741e+00
    endloop
  endfacet
  facet normal 1.794920e-01 -4.833825e-02 9.825711e-01
    outer loop
      vertex   8.642641e-01 -2.250000e+00 5.937428e+00
      vertex   1.074743e+00 -2.478421e+00 5.887741e+00
      vertex   1.290753e+00 -2.250000e+00 5.859519e+00
    endloop
  endfacet
  facet normal 2.142404e-01 -8.234359e-02 9.733040e-01
    outer loop
      vertex   1.290753e+00 -2.250000e+00 5.859519e+00
      vertex   1.074743e+00 -2.478421e+00 5.887741e+00
      vertex   1.496788e+00 -2.478421e+00 5.794842e+00
    endloop
  endfacet
  facet normal 2.499754e-01 -4.833847e-02 9.670448e-01
    outer loop
      vertex   1.290753e+00 -2.250000e+00 5.859519e+00
      vertex   1.496788e+00 -2.478421e+00 5.794842e+00
      vertex   1.710502e+00 -2.250000e+00 5.751016e+00
    endloop
  endfacet
  facet normal 2.839134e-01 -8.234334e-02 9.553077e-01
    outer loop
      vertex   1.710502e+00 -2.250000e+00 5.751016e+00
      vertex   1.496788e+00 -2.478421e+00 5.794842e+00
      vertex   1.911029e+00 -2.478421e+00 5.671731e+00
    endloop
  endfacet
  facet normal 3.191536e-01 -4.833876e-02 9.464694e-01
    outer loop
      vertex   1.710502e+00 -2.250000e+00 5.751016e+00
      vertex   1.911029e+00 -2.478421e+00 5.671731e+00
      vertex   2.121320e+00 -2.250000e+00 5.612486e+00
    endloop
  endfacet
  facet normal 3.521061e-01 -8.234301e-02 9.323309e-01
    outer loop
      vertex   2.121320e+00 -2.250000e+00 5.612486e+00
      vertex   1.911029e+00 -2.478421e+00 5.671731e+00
      vertex   2.315307e+00 -2.478421e+00 5.519051e+00
    endloop
  endfacet
  facet normal 3.866655e-01 -4.833912e-02 9.209523e-01
    outer loop
      vertex   2.121320e+00 -2.250000e+00 5.612486e+00
      vertex   2.315307e+00 -2.478421e+00 5.519051e+00
      vertex   2.521063e+00 -2.250000e+00 5.444653e+00
    endloop
  endfacet
  facet normal 4.184632e-01 -8.234261e-02 9.044934e-01
    outer loop
      vertex   2.521063e+00 -2.250000e+00 5.444653e+00
      vertex   2.315307e+00 -2.478421e+00 5.519051e+00
      vertex   2.707513e+00 -2.478421e+00 5.337597e+00
    endloop
  endfacet
  facet normal 4.521585e-01 -4.833956e-02 8.906267e-01
    outer loop
      vertex   2.521063e+00 -2.250000e+00 5.444653e+00
      vertex   2.707513e+00 -2.478421e+00 5.337597e+00
      vertex   2.907643e+00 -2.250000e+00 5.248392e+00
    endloop
  endfacet
  facet normal 4.826386e-01 -8.234213e-02 8.719402e-01
    outer loop
      vertex   2.907643e+00 -2.250000e+00 5.248392e+00
      vertex   2.707513e+00 -2.478421e+00 5.337597e+00
      vertex   3.085605e+00 -2.478421e+00 5.128315e+00
    endloop
  endfacet
  facet normal 5.152907e-01 -4.834007e-02 8.556511e-01
    outer loop
      vertex   2.907643e+00 -2.250000e+00 5.248392e+00
      vertex   3.085605e+00 -2.478421e+00 5.128315e+00
      vertex   3.279041e+00 -2.250000e+00 5.024728e+00
    endloop
  endfacet
  facet normal 5.442977e-01 -8.234159e-02 8.348412e-01
    outer loop
      vertex   3.279041e+00 -2.250000e+00 5.024728e+00
      vertex   3.085605e+00 -2.478421e+00 5.128315e+00
      vertex   3.447609e+00 -2.478421e+00 4.892296e+00
    endloop
  endfacet
  facet normal 5.757325e-01 -4.834066e-02 8.162079e-01
    outer loop
      vertex   3.279041e+00 -2.250000e+00 5.024728e+00
      vertex   3.447609e+00 -2.478421e+00 4.892296e+00
      vertex   3.633319e+00 -2.250000e+00 4.774829e+00
    endloop
  endfacet
  facet normal 6.031192e-01 -8.234097e-02 7.933897e-01
    outer loop
      vertex   3.633319e+00 -2.250000e+00 4.774829e+00
      vertex   3.447609e+00 -2.478421e+00 4.892296e+00
      vertex   3.791639e+00 -2.478421e+00 4.630771e+00
    endloop
  endfacet
  facet normal 6.331682e-01 -4.834132e-02 7.725031e-01
    outer loop
      vertex   3.633319e+00 -2.250000e+00 4.774829e+00
      vertex   3.791639e+00 -2.478421e+00 4.630771e+00
      vertex   3.968627e+00 -2.250000e+00 4.500000e+00
    endloop
  endfacet
  facet normal 6.587962e-01 -8.234028e-02 7.478018e-01
    outer loop
      vertex   3.968627e+00 -2.250000e+00 4.500000e+00
      vertex   3.791639e+00 -2.478421e+00 4.630771e+00
      vertex   4.115901e+00 -2.478421e+00 4.345104e+00
    endloop
  endfacet
  facet normal 6.872981e-01 -4.834205e-02 7.247650e-01
    outer loop
      vertex   3.968627e+00 -2.250000e+00 4.500000e+00
      vertex   4.115901e+00 -2.478421e+00 4.345104e+00
      vertex   4.283214e+00 -2.250000e+00 4.201676e+00
    endloop
  endfacet
  facet normal 7.110387e-01 -8.233951e-02 6.983153e-01
    outer loop
      vertex   4.283214e+00 -2.250000e+00 4.201676e+00
      vertex   4.115901e+00 -2.478421e+00 4.345104e+00
      vertex   4.418705e+00 -2.478421e+00 4.036783e+00
    endloop
  endfacet
  facet normal 7.378395e-01 -4.834285e-02 6.732428e-01
    outer loop
      vertex   4.283214e+00 -2.250000e+00 4.201676e+00
      vertex   4.418705e+00 -2.478421e+00 4.036783e+00
      vertex   4.575437e+00 -2.250000e+00 3.881414e+00
    endloop
  endfacet
  facet normal 7.595741e-01 -8.233868e-02 6.451880e-01
    outer loop
      vertex   4.575437e+00 -2.250000e+00 3.881414e+00
      vertex   4.418705e+00 -2.478421e+00 4.036783e+00
      vertex   4.698471e+00 -2.478421e+00 3.707416e+00
    endloop
  endfacet
  facet normal 7.845285e-01 -4.834373e-02 6.182054e-01
    outer loop
      vertex   4.575437e+00 -2.250000e+00 3.881414e+00
      vertex   4.698471e+00 -2.478421e+00 3.707416e+00
      vertex   4.843772e+00 -2.250000e+00 3.540886e+00
    endloop
  endfacet
  facet normal 8.041494e-01 -8.233777e-02 5.886971e-01
    outer loop
      vertex   4.843772e+00 -2.250000e+00 3.540886e+00
      vertex   4.698471e+00 -2.478421e+00 3.707416e+00
      vertex   4.953742e+00 -2.478421e+00 3.358721e+00
    endloop
  endfacet
  facet normal 8.271213e-01 -4.834468e-02 5.599403e-01
    outer loop
      vertex   4.843772e+00 -2.250000e+00 3.540886e+00
      vertex   4.953742e+00 -2.478421e+00 3.358721e+00
      vertex   5.086816e+00 -2.250000e+00 3.181871e+00
    endloop
  endfacet
  facet normal 8.445323e-01 -8.233679e-02 5.291369e-01
    outer loop
      vertex   5.086816e+00 -2.250000e+00 3.181871e+00
      vertex   4.953742e+00 -2.478421e+00 3.358721e+00
      vertex   5.183187e+00 -2.478421e+00 2.992514e+00
    endloop
  endfacet
  facet normal 8.653956e-01 -4.834570e-02 4.987516e-01
    outer loop
      vertex   5.086816e+00 -2.250000e+00 3.181871e+00
      vertex   5.183187e+00 -2.478421e+00 2.992514e+00
      vertex   5.303301e+00 -2.250000e+00 2.806243e+00
    endloop
  endfacet
  facet normal 8.805122e-01 -8.233573e-02 4.668180e-01
    outer loop
      vertex   5.303301e+00 -2.250000e+00 2.806243e+00
      vertex   5.183187e+00 -2.478421e+00 2.992514e+00
      vertex   5.385608e+00 -2.478421e+00 2.610706e+00
    endloop
  endfacet
  facet normal 8.991515e-01 -4.834680e-02 4.349589e-01
    outer loop
      vertex   5.303301e+00 -2.250000e+00 2.806243e+00
      vertex   5.385608e+00 -2.478421e+00 2.610706e+00
      vertex   5.492096e+00 -2.250000e+00 2.415963e+00
    endloop
  endfacet
  facet normal 9.119015e-01 -8.233460e-02 4.020654e-01
    outer loop
      vertex   5.492096e+00 -2.250000e+00 2.415963e+00
      vertex   5.385608e+00 -2.478421e+00 2.610706e+00
      vertex   5.559952e+00 -2.478421e+00 2.215287e+00
    endloop
  endfacet
  facet normal 9.282127e-01 -4.834797e-02 3.688952e-01
    outer loop
      vertex   5.492096e+00 -2.250000e+00 2.415963e+00
      vertex   5.559952e+00 -2.478421e+00 2.215287e+00
      vertex   5.652217e+00 -2.250000e+00 2.013069e+00
    endloop
  endfacet
  facet normal 9.385367e-01 -8.233340e-02 3.352166e-01
    outer loop
      vertex   5.652217e+00 -2.250000e+00 2.013069e+00
      vertex   5.559952e+00 -2.478421e+00 2.215287e+00
      vertex   5.705309e+00 -2.478421e+00 1.808319e+00
    endloop
  endfacet
  facet normal 9.524276e-01 -4.834921e-02 3.009054e-01
    outer loop
      vertex   5.652217e+00 -2.250000e+00 2.013069e+00
      vertex   5.705309e+00 -2.478421e+00 1.808319e+00
      vertex   5.782826e+00 -2.250000e+00 1.599664e+00
    endloop
  endfacet
  facet normal 9.602787e-01 -8.233213e-02 2.666201e-01
    outer loop
      vertex   5.782826e+00 -2.250000e+00 1.599664e+00
      vertex   5.705309e+00 -2.478421e+00 1.808319e+00
      vertex   5.820921e+00 -2.478421e+00 1.391923e+00
    endloop
  endfacet
  facet normal 9.716697e-01 -4.835052e-02 2.313446e-01
    outer loop
      vertex   5.782826e+00 -2.250000e+00 1.599664e+00
      vertex   5.820921e+00 -2.478421e+00 1.391923e+00
      vertex   5.883242e+00 -2.250000e+00 1.177907e+00
    endloop
  endfacet
  facet normal 9.770143e-01 -8.233078e-02 1.966335e-01
    outer loop
      vertex   5.883242e+00 -2.250000e+00 1.177907e+00
      vertex   5.820921e+00 -2.478421e+00 1.391923e+00
      vertex   5.906185e+00 -2.478421e+00 9.682699e-01
    endloop
  endfacet
  facet normal 9.858385e-01 -4.835191e-02 1.605758e-01
    outer loop
      vertex   5.883242e+00 -2.250000e+00 1.177907e+00
      vertex   5.906185e+00 -2.478421e+00 9.682699e-01
      vertex   5.952940e+00 -2.250000e+00 7.500000e-01
    endloop
  endfacet
  facet normal 9.886562e-01 -8.232936e-02 1.256218e-01
    outer loop
      vertex   5.952940e+00 -2.250000e+00 7.500000e-01
      vertex   5.906185e+00 -2.478421e+00 9.682699e-01
      vertex   5.960657e+00 -2.478421e+00 5.395688e-01
    endloop
  endfacet
  facet normal 9.948600e-01 -4.835337e-02 8.896872e-02
    outer loop
      vertex   5.952940e+00 -2.250000e+00 7.500000e-01
      vertex   5.960657e+00 -2.478421e+00 5.395688e-01
      vertex   5.991558e+00 -2.250000e+00 3.181771e-01
    endloop
  endfacet
  facet normal 9.951437e-01 -8.232787e-02 5.395512e-02
    outer loop
      vertex   5.991558e+00 -2.250000e+00 3.181771e-01
      vertex   5.960657e+00 -2.478421e+00 5.395688e-01
      vertex   5.984053e+00 -2.478421e+00 1.080546e-01
    endloop
  endfacet
  facet normal 9.986873e-01 -4.835491e-02 1.689710e-02
    outer loop
      vertex   5.991558e+00 -2.250000e+00 3.181771e-01
      vertex   5.984053e+00 -2.478421e+00 1.080546e-01
      vertex   5.998892e+00 -2.250000e+00 -1.153070e-01
    endloop
  endfacet
  facet normal 9.964430e-01 -8.232631e-02 -1.799286e-02
    outer loop
      vertex   5.998892e+00 -2.250000e+00 -1.153070e-01
      vertex   5.984053e+00 -2.478421e+00 1.080546e-01
      vertex   5.976251e+00 -2.478421e+00 -3.240229e-01
    endloop
  endfacet
  facet normal 9.973002e-01 -4.835652e-02 -5.526274e-02
    outer loop
      vertex   5.998892e+00 -2.250000e+00 -1.153070e-01
      vertex   5.976251e+00 -2.478421e+00 -3.240229e-01
      vertex   5.974905e+00 -2.250000e+00 -5.481891e-01
    endloop
  endfacet
  facet normal 9.925473e-01 -8.232467e-02 -8.984706e-02
    outer loop
      vertex   5.974905e+00 -2.250000e+00 -5.481891e-01
      vertex   5.976251e+00 -2.478421e+00 -3.240229e-01
      vertex   5.937291e+00 -2.478421e+00 -7.544111e-01
    endloop
  endfacet
  facet normal 9.907060e-01 -4.835820e-02 -1.271340e-01
    outer loop
      vertex   5.974905e+00 -2.250000e+00 -5.481891e-01
      vertex   5.937291e+00 -2.478421e+00 -7.544111e-01
      vertex   5.919722e+00 -2.250000e+00 -9.782090e-01
    endloop
  endfacet
  facet normal 9.834769e-01 -8.232296e-02 -1.612329e-01
    outer loop
      vertex   5.919722e+00 -2.250000e+00 -9.782090e-01
      vertex   5.937291e+00 -2.478421e+00 -7.544111e-01
      vertex   5.867378e+00 -2.478421e+00 -1.180866e+00
    endloop
  endfacet
  facet normal 9.789392e-01 -4.835995e-02 -1.983415e-01
    outer loop
      vertex   5.919722e+00 -2.250000e+00 -9.782090e-01
      vertex   5.867378e+00 -2.478421e+00 -1.180866e+00
      vertex   5.833631e+00 -2.250000e+00 -1.403122e+00
    endloop
  endfacet
  facet normal 9.692792e-01 -8.232118e-02 -2.317781e-01
    outer loop
      vertex   5.833631e+00 -2.250000e+00 -1.403122e+00
      vertex   5.867378e+00 -2.478421e+00 -1.180866e+00
      vertex   5.766874e+00 -2.478421e+00 -1.601165e+00
    endloop
  endfacet
  facet normal 9.620612e-01 -4.836178e-02 -2.685134e-01
    outer loop
      vertex   5.833631e+00 -2.250000e+00 -1.403122e+00
      vertex   5.766874e+00 -2.478421e+00 -1.601165e+00
      vertex   5.717082e+00 -2.250000e+00 -1.820708e+00
    endloop
  endfacet
  facet normal 9.500281e-01 -8.231932e-02 -3.011150e-01
    outer loop
      vertex   5.717082e+00 -2.250000e+00 -1.820708e+00
      vertex   5.766874e+00 -2.478421e+00 -1.601165e+00
      vertex   5.636305e+00 -2.478421e+00 -2.013116e+00
    endloop
  endfacet
  facet normal 9.401600e-01 -4.836368e-02 -3.372833e-01
    outer loop
      vertex   5.717082e+00 -2.250000e+00 -1.820708e+00
      vertex   5.636305e+00 -2.478421e+00 -2.013116e+00
      vertex   5.570682e+00 -2.250000e+00 -2.228788e+00
    endloop
  endfacet
  facet normal 9.258239e-01 -8.231739e-02 -3.688820e-01
    outer loop
      vertex   5.570682e+00 -2.250000e+00 -2.228788e+00
      vertex   5.636305e+00 -2.478421e+00 -2.013116e+00
      vertex   5.476350e+00 -2.478421e+00 -2.414571e+00
    endloop
  endfacet
  facet normal 9.133502e-01 -4.836565e-02 -4.042922e-01
    outer loop
      vertex   5.570682e+00 -2.250000e+00 -2.228788e+00
      vertex   5.476350e+00 -2.478421e+00 -2.414571e+00
      vertex   5.395198e+00 -2.250000e+00 -2.625232e+00
    endloop
  endfacet
  facet normal 8.967930e-01 -8.231539e-02 -4.347258e-01
    outer loop
      vertex   5.395198e+00 -2.250000e+00 -2.625232e+00
      vertex   5.476350e+00 -2.478421e+00 -2.414571e+00
      vertex   5.287845e+00 -2.478421e+00 -2.803438e+00
    endloop
  endfacet
  facet normal 8.817716e-01 -4.836770e-02 -4.691903e-01
    outer loop
      vertex   5.395198e+00 -2.250000e+00 -2.625232e+00
      vertex   5.287845e+00 -2.478421e+00 -2.803438e+00
      vertex   5.191544e+00 -2.250000e+00 -3.007968e+00
    endloop
  endfacet
  facet normal 8.630865e-01 -8.231332e-02 -4.983033e-01
    outer loop
      vertex   5.191544e+00 -2.250000e+00 -3.007968e+00
      vertex   5.287845e+00 -2.478421e+00 -2.803438e+00
      vertex   5.071771e+00 -2.478421e+00 -3.177689e+00
    endloop
  endfacet
  facet normal 8.455891e-01 -4.836982e-02 -5.316385e-01
    outer loop
      vertex   5.191544e+00 -2.250000e+00 -3.007968e+00
      vertex   5.071771e+00 -2.478421e+00 -3.177689e+00
      vertex   4.960784e+00 -2.250000e+00 -3.375000e+00
    endloop
  endfacet
  facet normal 8.396187e-01 -5.850730e-02 -5.400161e-01
    outer loop
      vertex   4.960784e+00 -2.250000e+00 -3.375000e+00
      vertex   5.071771e+00 -2.478421e+00 -3.177689e+00
      vertex   4.948371e+00 -2.428138e+00 -3.375000e+00
    endloop
  endfacet
  facet normal 8.186933e-01 -1.575973e-01 -5.521815e-01
    outer loop
      vertex   4.948371e+00 -2.428138e+00 -3.375000e+00
      vertex   5.071771e+00 -2.478421e+00 -3.177689e+00
      vertex   4.913192e+00 -2.610885e+00 -3.375000e+00
    endloop
  endfacet
  facet normal 8.242817e-01 -1.950744e-01 -5.315126e-01
    outer loop
      vertex   4.913192e+00 -2.610885e+00 -3.375000e+00
      vertex   5.071771e+00 -2.478421e+00 -3.177689e+00
      vertex   5.033927e+00 -2.702933e+00 -3.153978e+00
    endloop
  endfacet
  facet normal 8.015524e-01 -2.513440e-01 -5.425310e-01
    outer loop
      vertex   4.913192e+00 -2.610885e+00 -3.375000e+00
      vertex   5.033927e+00 -2.702933e+00 -3.153978e+00
      vertex   4.858339e+00 -2.785815e+00 -3.375000e+00
    endloop
  endfacet
  facet normal 7.964535e-01 -3.214194e-01 -5.122025e-01
    outer loop
      vertex   4.858339e+00 -2.785815e+00 -3.375000e+00
      vertex   5.033927e+00 -2.702933e+00 -3.153978e+00
      vertex   4.971574e+00 -2.919696e+00 -3.114911e+00
    endloop
  endfacet
  facet normal 7.753187e-01 -3.567290e-01 -5.211768e-01
    outer loop
      vertex   4.858339e+00 -2.785815e+00 -3.375000e+00
      vertex   4.971574e+00 -2.919696e+00 -3.114911e+00
      vertex   4.785069e+00 -2.945061e+00 -3.375000e+00
    endloop
  endfacet
  facet normal 7.487549e-01 -4.421921e-01 -4.937937e-01
    outer loop
      vertex   4.785069e+00 -2.945061e+00 -3.375000e+00
      vertex   4.971574e+00 -2.919696e+00 -3.114911e+00
      vertex   4.885778e+00 -3.125000e+00 -3.061156e+00
    endloop
  endfacet
  facet normal 7.378369e-01 -4.556295e-01 -4.979944e-01
    outer loop
      vertex   4.785069e+00 -2.945061e+00 -3.375000e+00
      vertex   4.885778e+00 -3.125000e+00 -3.061156e+00
      vertex   4.688767e+00 -3.101010e+00 -3.375000e+00
    endloop
  endfacet
  facet normal 6.960469e-01 -5.358511e-01 -4.778935e-01
    outer loop
      vertex   4.688767e+00 -3.101010e+00 -3.375000e+00
      vertex   4.885778e+00 -3.125000e+00 -3.061156e+00
      vertex   4.574991e+00 -3.248800e+00 -3.375000e+00
    endloop
  endfacet
  facet normal 6.899908e-01 -5.553674e-01 -4.641980e-01
    outer loop
      vertex   4.574991e+00 -3.248800e+00 -3.375000e+00
      vertex   4.885778e+00 -3.125000e+00 -3.061156e+00
      vertex   4.778008e+00 -3.315333e+00 -2.993633e+00
    endloop
  endfacet
  facet normal 6.808909e-01 -5.685611e-01 -4.616555e-01
    outer loop
      vertex   4.574991e+00 -3.248800e+00 -3.375000e+00
      vertex   4.778008e+00 -3.315333e+00 -2.993633e+00
      vertex   4.549539e+00 -3.315333e+00 -3.330600e+00
    endloop
  endfacet
  facet normal 6.224659e-01 -6.591027e-01 -4.220424e-01
    outer loop
      vertex   4.549539e+00 -3.315333e+00 -3.330600e+00
      vertex   4.778008e+00 -3.315333e+00 -2.993633e+00
      vertex   4.650107e+00 -3.487437e+00 -2.913498e+00
    endloop
  endfacet
  facet normal 6.224659e-01 -6.591027e-01 -4.220424e-01
    outer loop
      vertex   4.549539e+00 -3.315333e+00 -3.330600e+00
      vertex   4.650107e+00 -3.487437e+00 -2.913498e+00
      vertex   4.427754e+00 -3.487437e+00 -3.241444e+00
    endloop
  endfacet
  facet normal 5.459344e-01 -7.516266e-01 -3.701527e-01
    outer loop
      vertex   4.427754e+00 -3.487437e+00 -3.241444e+00
      vertex   4.650107e+00 -3.487437e+00 -2.913498e+00
      vertex   4.504264e+00 -3.638368e+00 -2.822121e+00
    endloop
  endfacet
  facet normal 5.459344e-01 -7.516266e-01 -3.701527e-01
    outer loop
      vertex   4.427754e+00 -3.487437e+00 -3.241444e+00
      vertex   4.504264e+00 -3.638368e+00 -2.822121e+00
      vertex   4.288884e+00 -3.638368e+00 -3.139782e+00
    endloop
  endfacet
  facet normal 4.600467e-01 -8.313022e-01 -3.119194e-01
    outer loop
      vertex   4.288884e+00 -3.638368e+00 -3.139782e+00
      vertex   4.504264e+00 -3.638368e+00 -2.822121e+00
      vertex   4.342974e+00 -3.765544e+00 -2.721066e+00
    endloop
  endfacet
  facet normal 4.600467e-01 -8.313022e-01 -3.119194e-01
    outer loop
      vertex   4.288884e+00 -3.638368e+00 -3.139782e+00
      vertex   4.342974e+00 -3.765544e+00 -2.721066e+00
      vertex   4.135307e+00 -3.765544e+00 -3.027352e+00
    endloop
  endfacet
  facet normal 3.662695e-01 -8.967583e-01 -2.483369e-01
    outer loop
      vertex   4.135307e+00 -3.765544e+00 -3.027352e+00
      vertex   4.342974e+00 -3.765544e+00 -2.721066e+00
      vertex   4.168998e+00 -3.866789e+00 -2.612062e+00
    endloop
  endfacet
  facet normal 3.662695e-01 -8.967583e-01 -2.483369e-01
    outer loop
      vertex   4.135307e+00 -3.765544e+00 -3.027352e+00
      vertex   4.168998e+00 -3.866789e+00 -2.612062e+00
      vertex   3.969650e+00 -3.866789e+00 -2.906078e+00
    endloop
  endfacet
  facet normal 2.662075e-01 -9.468663e-01 -1.804932e-01
    outer loop
      vertex   3.969650e+00 -3.866789e+00 -2.906078e+00
      vertex   4.168998e+00 -3.866789e+00 -2.612062e+00
      vertex   3.985311e+00 -3.940370e+00 -2.496974e+00
    endloop
  endfacet
  facet normal 2.662075e-01 -9.468663e-01 -1.804932e-01
    outer loop
      vertex   3.969650e+00 -3.866789e+00 -2.906078e+00
      vertex   3.985311e+00 -3.940370e+00 -2.496974e+00
      vertex   3.794746e+00 -3.940370e+00 -2.778036e+00
    endloop
  endfacet
  facet normal 1.615754e-01 -9.807609e-01 -1.095509e-01
    outer loop
      vertex   3.794746e+00 -3.940370e+00 -2.778036e+00
      vertex   3.985311e+00 -3.940370e+00 -2.496974e+00
      vertex   3.795057e+00 -3.985029e+00 -2.377771e+00
    endloop
  endfacet
  facet normal 1.615754e-01 -9.807609e-01 -1.095509e-01
    outer loop
      vertex   3.794746e+00 -3.940370e+00 -2.778036e+00
      vertex   3.795057e+00 -3.985029e+00 -2.377771e+00
      vertex   3.613589e+00 -3.985029e+00 -2.645416e+00
    endloop
  endfacet
  facet normal 5.442532e-02 -9.978357e-01 -3.690128e-02
    outer loop
      vertex   3.613589e+00 -3.985029e+00 -2.645416e+00
      vertex   3.795057e+00 -3.985029e+00 -2.377771e+00
      vertex   3.449041e+00 -4.000000e+00 -2.483267e+00
    endloop
  endfacet
  facet normal 5.112249e-02 -9.978807e-01 -4.025715e-02
    outer loop
      vertex   3.613589e+00 -3.985029e+00 -2.645416e+00
      vertex   3.449041e+00 -4.000000e+00 -2.483267e+00
      vertex   3.222800e+00 -4.000000e+00 -2.770571e+00
    endloop
  endfacet
  facet normal -2.960859e-02 -9.978889e-01 -5.780232e-02
    outer loop
      vertex   -1.773073e+00 -4.000000e+00 -3.862475e+00
      vertex   -2.098546e+00 -4.000000e+00 -3.695755e+00
      vertex   -2.168824e+00 -3.985029e+00 -3.918221e+00
    endloop
  endfacet
  facet normal -3.395076e-02 -9.978293e-01 -5.642661e-02
    outer loop
      vertex   -2.168824e+00 -3.985029e+00 -3.918221e+00
      vertex   -2.098546e+00 -4.000000e+00 -3.695755e+00
      vertex   -2.445900e+00 -3.985029e+00 -3.751510e+00
    endloop
  endfacet
  facet normal -3.423607e-02 -9.979172e-01 -5.467275e-02
    outer loop
      vertex   -2.098546e+00 -4.000000e+00 -3.695755e+00
      vertex   -2.408482e+00 -4.000000e+00 -3.501673e+00
      vertex   -2.445900e+00 -3.985029e+00 -3.751510e+00
    endloop
  endfacet
  facet normal -3.811409e-02 -9.978086e-01 -5.408544e-02
    outer loop
      vertex   -2.445900e+00 -3.985029e+00 -3.751510e+00
      vertex   -2.408482e+00 -4.000000e+00 -3.501673e+00
      vertex   -2.710225e+00 -3.985029e+00 -3.565240e+00
    endloop
  endfacet
  facet normal -3.869186e-02 -9.979298e-01 -5.137139e-02
    outer loop
      vertex   -2.408482e+00 -4.000000e+00 -3.501673e+00
      vertex   -2.700587e+00 -4.000000e+00 -3.281665e+00
      vertex   -2.710225e+00 -3.985029e+00 -3.565240e+00
    endloop
  endfacet
  facet normal -4.196592e-02 -9.978036e-01 -5.125345e-02
    outer loop
      vertex   -2.710225e+00 -3.985029e+00 -3.565240e+00
      vertex   -2.700587e+00 -4.000000e+00 -3.281665e+00
      vertex   -2.960420e+00 -3.985029e+00 -3.360382e+00
    endloop
  endfacet
  facet normal -4.299304e-02 -9.979271e-01 -4.788657e-02
    outer loop
      vertex   -2.700587e+00 -4.000000e+00 -3.281665e+00
      vertex   -2.972698e+00 -4.000000e+00 -3.037362e+00
      vertex   -2.960420e+00 -3.985029e+00 -3.360382e+00
    endloop
  endfacet
  facet normal -4.544386e-02 -9.978143e-01 -4.797450e-02
    outer loop
      vertex   -2.960420e+00 -3.985029e+00 -3.360382e+00
      vertex   -2.972698e+00 -4.000000e+00 -3.037362e+00
      vertex   -3.195180e+00 -3.985029e+00 -3.138005e+00
    endloop
  endfacet
  facet normal -4.715525e-02 -9.979089e-01 -4.420541e-02
    outer loop
      vertex   -2.972698e+00 -4.000000e+00 -3.037362e+00
      vertex   -3.222800e+00 -4.000000e+00 -2.770571e+00
      vertex   -3.195180e+00 -3.985029e+00 -3.138005e+00
    endloop
  endfacet
  facet normal -4.849487e-02 -9.978404e-01 -4.430331e-02
    outer loop
      vertex   -3.195180e+00 -3.985029e+00 -3.138005e+00
      vertex   -3.222800e+00 -4.000000e+00 -2.770571e+00
      vertex   -3.413282e+00 -3.985029e+00 -2.899268e+00
    endloop
  endfacet
  facet normal -1.441242e-01 -9.807609e-01 -1.316671e-01
    outer loop
      vertex   -3.195180e+00 -3.985029e+00 -3.138005e+00
      vertex   -3.413282e+00 -3.985029e+00 -2.899268e+00
      vertex   -3.584397e+00 -3.940370e+00 -3.044615e+00
    endloop
  endfacet
  facet normal -1.532493e-01 -9.807609e-01 -1.209242e-01
    outer loop
      vertex   -3.584397e+00 -3.940370e+00 -3.044615e+00
      vertex   -3.413282e+00 -3.985029e+00 -2.899268e+00
      vertex   -3.794746e+00 -3.940370e+00 -2.778036e+00
    endloop
  endfacet
  facet normal -2.524896e-01 -9.468663e-01 -1.992316e-01
    outer loop
      vertex   -3.584397e+00 -3.940370e+00 -3.044615e+00
      vertex   -3.794746e+00 -3.940370e+00 -2.778036e+00
      vertex   -3.969650e+00 -3.866789e+00 -2.906078e+00
    endloop
  endfacet
  facet normal -2.662075e-01 -9.468663e-01 -1.804932e-01
    outer loop
      vertex   -3.969650e+00 -3.866789e+00 -2.906078e+00
      vertex   -3.794746e+00 -3.940370e+00 -2.778036e+00
      vertex   -4.168998e+00 -3.866789e+00 -2.612062e+00
    endloop
  endfacet
  facet normal -3.662695e-01 -8.967583e-01 -2.483369e-01
    outer loop
      vertex   -3.969650e+00 -3.866789e+00 -2.906078e+00
      vertex   -4.168998e+00 -3.866789e+00 -2.612062e+00
      vertex   -4.342974e+00 -3.765544e+00 -2.721066e+00
    endloop
  endfacet
  facet normal -3.832342e-01 -8.967583e-01 -2.212604e-01
    outer loop
      vertex   -4.342974e+00 -3.765544e+00 -2.721066e+00
      vertex   -4.168998e+00 -3.866789e+00 -2.612062e+00
      vertex   -4.527999e+00 -3.765544e+00 -2.400593e+00
    endloop
  endfacet
  facet normal -4.813549e-01 -8.313022e-01 -2.779104e-01
    outer loop
      vertex   -4.342974e+00 -3.765544e+00 -2.721066e+00
      vertex   -4.527999e+00 -3.765544e+00 -2.400593e+00
      vertex   -4.696160e+00 -3.638368e+00 -2.489747e+00
    endloop
  endfacet
  facet normal -5.001535e-01 -8.313022e-01 -2.424524e-01
    outer loop
      vertex   -4.696160e+00 -3.638368e+00 -2.489747e+00
      vertex   -4.527999e+00 -3.765544e+00 -2.400593e+00
      vertex   -4.863573e+00 -3.638368e+00 -2.144392e+00
    endloop
  endfacet
  facet normal -5.935289e-01 -7.516266e-01 -2.877167e-01
    outer loop
      vertex   -4.696160e+00 -3.638368e+00 -2.489747e+00
      vertex   -4.863573e+00 -3.638368e+00 -2.144392e+00
      vertex   -5.021050e+00 -3.487437e+00 -2.213825e+00
    endloop
  endfacet
  facet normal -6.127427e-01 -7.516266e-01 -2.441390e-01
    outer loop
      vertex   -5.021050e+00 -3.487437e+00 -2.213825e+00
      vertex   -4.863573e+00 -3.638368e+00 -2.144392e+00
      vertex   -5.167706e+00 -3.487437e+00 -1.845746e+00
    endloop
  endfacet
  facet normal -6.986396e-01 -6.591027e-01 -2.783635e-01
    outer loop
      vertex   -5.021050e+00 -3.487437e+00 -2.213825e+00
      vertex   -5.167706e+00 -3.487437e+00 -1.845746e+00
      vertex   -5.309843e+00 -3.315333e+00 -1.896513e+00
    endloop
  endfacet
  facet normal -7.169045e-01 -6.591027e-01 -2.272256e-01
    outer loop
      vertex   -5.309843e+00 -3.315333e+00 -1.896513e+00
      vertex   -5.167706e+00 -3.487437e+00 -1.845746e+00
      vertex   -5.432850e+00 -3.315333e+00 -1.508423e+00
    endloop
  endfacet
  facet normal -7.927691e-01 -5.553198e-01 -2.512711e-01
    outer loop
      vertex   -5.309843e+00 -3.315333e+00 -1.896513e+00
      vertex   -5.432850e+00 -3.315333e+00 -1.508423e+00
      vertex   -5.555390e+00 -3.125000e+00 -1.542447e+00
    endloop
  endfacet
  facet normal -8.088337e-01 -5.553198e-01 -1.934117e-01
    outer loop
      vertex   -5.555390e+00 -3.125000e+00 -1.542447e+00
      vertex   -5.432850e+00 -3.315333e+00 -1.508423e+00
      vertex   -5.652208e+00 -3.125000e+00 -1.137561e+00
    endloop
  endfacet
  facet normal -8.723920e-01 -4.420567e-01 -2.086100e-01
    outer loop
      vertex   -5.555390e+00 -3.125000e+00 -1.542447e+00
      vertex   -5.652208e+00 -3.125000e+00 -1.137561e+00
      vertex   -5.751463e+00 -2.919696e+00 -1.157537e+00
    endloop
  endfacet
  facet normal -8.851707e-01 -4.420567e-01 -1.451164e-01
    outer loop
      vertex   -5.751463e+00 -2.919696e+00 -1.157537e+00
      vertex   -5.652208e+00 -3.125000e+00 -1.137561e+00
      vertex   -5.819995e+00 -2.919696e+00 -7.395071e-01
    endloop
  endfacet
  facet normal -9.345187e-01 -3.212515e-01 -1.532066e-01
    outer loop
      vertex   -5.751463e+00 -2.919696e+00 -1.157537e+00
      vertex   -5.819995e+00 -2.919696e+00 -7.395071e-01
      vertex   -5.892989e+00 -2.702933e+00 -7.487819e-01
    endloop
  endfacet
  facet normal -9.431377e-01 -3.212515e-01 -8.537442e-02
    outer loop
      vertex   -5.892989e+00 -2.702933e+00 -7.487819e-01
      vertex   -5.819995e+00 -2.919696e+00 -7.395071e-01
      vertex   -5.931658e+00 -2.702933e+00 -3.216052e-01
    endloop
  endfacet
  facet normal -9.768157e-01 -1.949680e-01 -8.842301e-02
    outer loop
      vertex   -5.892989e+00 -2.702933e+00 -7.487819e-01
      vertex   -5.931658e+00 -2.702933e+00 -3.216052e-01
      vertex   -5.976251e+00 -2.478421e+00 -3.240229e-01
    endloop
  endfacet
  facet normal -9.806497e-01 -1.949680e-01 -1.770768e-02
    outer loop
      vertex   -5.976251e+00 -2.478421e+00 -3.240229e-01
      vertex   -5.931658e+00 -2.702933e+00 -3.216052e-01
      vertex   -5.984053e+00 -2.478421e+00 1.080546e-01
    endloop
  endfacet
  facet normal -5.115732e-02 -9.978745e-01 -4.036663e-02
    outer loop
      vertex   -3.413282e+00 -3.985029e+00 -2.899268e+00
      vertex   -3.222800e+00 -4.000000e+00 -2.770571e+00
      vertex   -3.613589e+00 -3.985029e+00 -2.645416e+00
    endloop
  endfacet
  facet normal -5.112249e-02 -9.978807e-01 -4.025715e-02
    outer loop
      vertex   -3.613589e+00 -3.985029e+00 -2.645416e+00
      vertex   -3.222800e+00 -4.000000e+00 -2.770571e+00
      vertex   -3.449041e+00 -4.000000e+00 -2.483267e+00
    endloop
  endfacet
  facet normal -5.442532e-02 -9.978357e-01 -3.690128e-02
    outer loop
      vertex   -3.613589e+00 -3.985029e+00 -2.645416e+00
      vertex   -3.449041e+00 -4.000000e+00 -2.483267e+00
      vertex   -3.795057e+00 -3.985029e+00 -2.377771e+00
    endloop
  endfacet
  facet normal -5.398451e-02 -9.979125e-01 -3.544457e-02
    outer loop
      vertex   -3.795057e+00 -3.985029e+00 -2.377771e+00
      vertex   -3.449041e+00 -4.000000e+00 -2.483267e+00
      vertex   -3.649747e+00 -4.000000e+00 -2.177579e+00
    endloop
  endfacet
  facet normal -5.726034e-02 -9.978118e-01 -3.305927e-02
    outer loop
      vertex   -3.795057e+00 -3.985029e+00 -2.377771e+00
      vertex   -3.649747e+00 -4.000000e+00 -2.177579e+00
      vertex   -3.956739e+00 -3.985029e+00 -2.097730e+00
    endloop
  endfacet
  facet normal -5.661481e-02 -9.979284e-01 -3.055556e-02
    outer loop
      vertex   -3.956739e+00 -3.985029e+00 -2.097730e+00
      vertex   -3.649747e+00 -4.000000e+00 -2.177579e+00
      vertex   -3.823431e+00 -4.000000e+00 -1.855768e+00
    endloop
  endfacet
  facet normal -5.961128e-02 -9.978033e-01 -2.889693e-02
    outer loop
      vertex   -3.956739e+00 -3.985029e+00 -2.097730e+00
      vertex   -3.823431e+00 -4.000000e+00 -1.855768e+00
      vertex   -4.097792e+00 -3.985029e+00 -1.806752e+00
    endloop
  endfacet
  facet normal -5.902417e-02 -9.979290e-01 -2.557220e-02
    outer loop
      vertex   -4.097792e+00 -3.985029e+00 -1.806752e+00
      vertex   -3.823431e+00 -4.000000e+00 -1.855768e+00
      vertex   -3.968808e+00 -4.000000e+00 -1.520218e+00
    endloop
  endfacet
  facet normal -6.143835e-02 -9.978107e-01 -2.447928e-02
    outer loop
      vertex   -4.097792e+00 -3.985029e+00 -1.806752e+00
      vertex   -3.968808e+00 -4.000000e+00 -1.520218e+00
      vertex   -4.217481e+00 -3.985029e+00 -1.506355e+00
    endloop
  endfacet
  facet normal -6.122143e-02 -9.979142e-01 -2.047627e-02
    outer loop
      vertex   -4.217481e+00 -3.985029e+00 -1.506355e+00
      vertex   -3.968808e+00 -4.000000e+00 -1.520218e+00
      vertex   -4.084802e+00 -4.000000e+00 -1.173412e+00
    endloop
  endfacet
  facet normal -6.271457e-02 -9.978335e-01 -1.987762e-02
    outer loop
      vertex   -4.217481e+00 -3.985029e+00 -1.506355e+00
      vertex   -4.084802e+00 -4.000000e+00 -1.173412e+00
      vertex   -4.315182e+00 -3.985029e+00 -1.198104e+00
    endloop
  endfacet
  facet normal -6.321399e-02 -9.978835e-01 -1.524829e-02
    outer loop
      vertex   -4.315182e+00 -3.985029e+00 -1.198104e+00
      vertex   -4.084802e+00 -4.000000e+00 -1.173412e+00
      vertex   -4.170552e+00 -4.000000e+00 -8.179192e-01
    endloop
  endfacet
  facet normal -6.342675e-02 -9.978712e-01 -1.516687e-02
    outer loop
      vertex   -4.315182e+00 -3.985029e+00 -1.198104e+00
      vertex   -4.170552e+00 -4.000000e+00 -8.179192e-01
      vertex   -4.390386e+00 -3.985029e+00 -8.836074e-01
    endloop
  endfacet
  facet normal -6.478325e-02 -9.978428e-01 -1.062068e-02
    outer loop
      vertex   -4.390386e+00 -3.985029e+00 -8.836074e-01
      vertex   -4.170552e+00 -4.000000e+00 -8.179192e-01
      vertex   -4.442701e+00 -3.985029e+00 -5.645037e-01
    endloop
  endfacet
  facet normal -1.926411e-01 -9.807609e-01 -3.158191e-02
    outer loop
      vertex   -4.390386e+00 -3.985029e+00 -8.836074e-01
      vertex   -4.442701e+00 -3.985029e+00 -5.645037e-01
      vertex   -4.665422e+00 -3.940370e+00 -5.928034e-01
    endloop
  endfacet
  facet normal -1.944178e-01 -9.807609e-01 -1.759903e-02
    outer loop
      vertex   -4.665422e+00 -3.940370e+00 -5.928034e-01
      vertex   -4.442701e+00 -3.985029e+00 -5.645037e-01
      vertex   -4.696036e+00 -3.940370e+00 -2.546117e-01
    endloop
  endfacet
  facet normal -3.203178e-01 -9.468663e-01 -2.899571e-02
    outer loop
      vertex   -4.665422e+00 -3.940370e+00 -5.928034e-01
      vertex   -4.696036e+00 -3.940370e+00 -2.546117e-01
      vertex   -4.912481e+00 -3.866789e+00 -2.663470e-01
    endloop
  endfacet
  facet normal -3.215750e-01 -9.468663e-01 -5.806710e-03
    outer loop
      vertex   -4.912481e+00 -3.866789e+00 -2.663470e-01
      vertex   -4.696036e+00 -3.940370e+00 -2.546117e-01
      vertex   -4.918894e+00 -3.866789e+00 8.882093e-02
    endloop
  endfacet
  facet normal -4.424486e-01 -8.967583e-01 -7.989335e-03
    outer loop
      vertex   -4.912481e+00 -3.866789e+00 -2.663470e-01
      vertex   -4.918894e+00 -3.866789e+00 8.882093e-02
      vertex   -5.124165e+00 -3.765544e+00 9.252751e-02
    endloop
  endfacet
  facet normal -4.418717e-01 -8.967583e-01 2.395759e-02
    outer loop
      vertex   -5.124165e+00 -3.765544e+00 9.252751e-02
      vertex   -4.918894e+00 -3.866789e+00 8.882093e-02
      vertex   -5.104131e+00 -3.765544e+00 4.620345e-01
    endloop
  endfacet
  facet normal -5.550056e-01 -8.313022e-01 3.009153e-02
    outer loop
      vertex   -5.124165e+00 -3.765544e+00 9.252751e-02
      vertex   -5.104131e+00 -3.765544e+00 4.620345e-01
      vertex   -5.293688e+00 -3.638368e+00 4.791936e-01
    endloop
  endfacet
  facet normal -5.513874e-01 -8.313022e-01 7.006104e-02
    outer loop
      vertex   -5.293688e+00 -3.638368e+00 4.791936e-01
      vertex   -5.104131e+00 -3.765544e+00 4.620345e-01
      vertex   -5.245311e+00 -3.638368e+00 8.599251e-01
    endloop
  endfacet
  facet normal -6.543279e-01 -7.516266e-01 8.314098e-02
    outer loop
      vertex   -5.293688e+00 -3.638368e+00 4.791936e-01
      vertex   -5.245311e+00 -3.638368e+00 8.599251e-01
      vertex   -5.415148e+00 -3.487437e+00 8.877685e-01
    endloop
  endfacet
  facet normal -6.466230e-01 -7.516266e-01 1.301391e-01
    outer loop
      vertex   -5.415148e+00 -3.487437e+00 8.877685e-01
      vertex   -5.245311e+00 -3.638368e+00 8.599251e-01
      vertex   -5.336973e+00 -3.487437e+00 1.276199e+00
    endloop
  endfacet
  facet normal -7.372694e-01 -6.591027e-01 1.483826e-01
    outer loop
      vertex   -5.415148e+00 -3.487437e+00 8.877685e-01
      vertex   -5.336973e+00 -3.487437e+00 1.276199e+00
      vertex   -5.483766e+00 -3.315333e+00 1.311301e+00
    endloop
  endfacet
  facet normal -7.246406e-01 -6.591027e-01 2.011955e-01
    outer loop
      vertex   -5.483766e+00 -3.315333e+00 1.311301e+00
      vertex   -5.336973e+00 -3.487437e+00 1.276199e+00
      vertex   -5.374850e+00 -3.315333e+00 1.703579e+00
    endloop
  endfacet
  facet normal -8.013237e-01 -5.553198e-01 2.224864e-01
    outer loop
      vertex   -5.483766e+00 -3.315333e+00 1.311301e+00
      vertex   -5.374850e+00 -3.315333e+00 1.703579e+00
      vertex   -5.496083e+00 -3.125000e+00 1.742004e+00
    endloop
  endfacet
  facet normal -7.831808e-01 -5.553198e-01 2.797282e-01
    outer loop
      vertex   -5.496083e+00 -3.125000e+00 1.742004e+00
      vertex   -5.374850e+00 -3.315333e+00 1.703579e+00
      vertex   -5.356057e+00 -3.125000e+00 2.134048e+00
    endloop
  endfacet
  facet normal -8.447232e-01 -4.420567e-01 3.017093e-01
    outer loop
      vertex   -5.496083e+00 -3.125000e+00 1.742004e+00
      vertex   -5.356057e+00 -3.125000e+00 2.134048e+00
      vertex   -5.450111e+00 -2.919696e+00 2.171523e+00
    endloop
  endfacet
  facet normal -8.207506e-01 -4.420567e-01 3.618761e-01
    outer loop
      vertex   -5.450111e+00 -2.919696e+00 2.171523e+00
      vertex   -5.356057e+00 -3.125000e+00 2.134048e+00
      vertex   -5.279211e+00 -2.919696e+00 2.559130e+00
    endloop
  endfacet
  facet normal -8.665072e-01 -3.212515e-01 3.820506e-01
    outer loop
      vertex   -5.450111e+00 -2.919696e+00 2.171523e+00
      vertex   -5.279211e+00 -2.919696e+00 2.559130e+00
      vertex   -5.345423e+00 -2.702933e+00 2.591226e+00
    endloop
  endfacet
  facet normal -8.366805e-01 -3.212515e-01 4.435799e-01
    outer loop
      vertex   -5.345423e+00 -2.702933e+00 2.591226e+00
      vertex   -5.279211e+00 -2.919696e+00 2.559130e+00
      vertex   -5.144511e+00 -2.702933e+00 2.970185e+00
    endloop
  endfacet
  facet normal -8.665571e-01 -1.949680e-01 4.594195e-01
    outer loop
      vertex   -5.345423e+00 -2.702933e+00 2.591226e+00
      vertex   -5.144511e+00 -2.702933e+00 2.970185e+00
      vertex   -5.183187e+00 -2.478421e+00 2.992514e+00
    endloop
  endfacet
  facet normal -8.311475e-01 -1.949680e-01 5.207507e-01
    outer loop
      vertex   -5.183187e+00 -2.478421e+00 2.992514e+00
      vertex   -5.144511e+00 -2.702933e+00 2.970185e+00
      vertex   -4.953742e+00 -2.478421e+00 3.358721e+00
    endloop
  endfacet
  facet normal -6.393255e-02 -9.979070e-01 -9.703288e-03
    outer loop
      vertex   -4.170552e+00 -4.000000e+00 -8.179192e-01
      vertex   -4.225426e+00 -4.000000e+00 -4.563707e-01
      vertex   -4.442701e+00 -3.985029e+00 -5.645037e-01
    endloop
  endfacet
  facet normal -6.579142e-02 -9.978156e-01 -5.955550e-03
    outer loop
      vertex   -4.442701e+00 -3.985029e+00 -5.645037e-01
      vertex   -4.225426e+00 -4.000000e+00 -4.563707e-01
      vertex   -4.471853e+00 -3.985029e+00 -2.424568e-01
    endloop
  endfacet
  facet normal -1.944178e-01 -9.807609e-01 -1.759903e-02
    outer loop
      vertex   -4.442701e+00 -3.985029e+00 -5.645037e-01
      vertex   -4.471853e+00 -3.985029e+00 -2.424568e-01
      vertex   -4.696036e+00 -3.940370e+00 -2.546117e-01
    endloop
  endfacet
  facet normal -1.951809e-01 -9.807609e-01 -3.524400e-03
    outer loop
      vertex   -4.696036e+00 -3.940370e+00 -2.546117e-01
      vertex   -4.471853e+00 -3.985029e+00 -2.424568e-01
      vertex   -4.702167e+00 -3.940370e+00 8.490746e-02
    endloop
  endfacet
  facet normal -3.215750e-01 -9.468663e-01 -5.806710e-03
    outer loop
      vertex   -4.696036e+00 -3.940370e+00 -2.546117e-01
      vertex   -4.702167e+00 -3.940370e+00 8.490746e-02
      vertex   -4.918894e+00 -3.866789e+00 8.882093e-02
    endloop
  endfacet
  facet normal -3.211558e-01 -9.468663e-01 1.741256e-02
    outer loop
      vertex   -4.918894e+00 -3.866789e+00 8.882093e-02
      vertex   -4.702167e+00 -3.940370e+00 8.490746e-02
      vertex   -4.899663e+00 -3.866789e+00 4.435258e-01
    endloop
  endfacet
  facet normal -4.418717e-01 -8.967583e-01 2.395759e-02
    outer loop
      vertex   -4.918894e+00 -3.866789e+00 8.882093e-02
      vertex   -4.899663e+00 -3.866789e+00 4.435258e-01
      vertex   -5.104131e+00 -3.765544e+00 4.620345e-01
    endloop
  endfacet
  facet normal -4.389911e-01 -8.967583e-01 5.577961e-02
    outer loop
      vertex   -5.104131e+00 -3.765544e+00 4.620345e-01
      vertex   -4.899663e+00 -3.866789e+00 4.435258e-01
      vertex   -5.057486e+00 -3.765544e+00 8.291327e-01
    endloop
  endfacet
  facet normal -5.513874e-01 -8.313022e-01 7.006104e-02
    outer loop
      vertex   -5.104131e+00 -3.765544e+00 4.620345e-01
      vertex   -5.057486e+00 -3.765544e+00 8.291327e-01
      vertex   -5.245311e+00 -3.638368e+00 8.599251e-01
    endloop
  endfacet
  facet normal -5.448947e-01 -8.313022e-01 1.096653e-01
    outer loop
      vertex   -5.245311e+00 -3.638368e+00 8.599251e-01
      vertex   -5.057486e+00 -3.765544e+00 8.291327e-01
      vertex   -5.169588e+00 -3.638368e+00 1.236173e+00
    endloop
  endfacet
  facet normal -6.466230e-01 -7.516266e-01 1.301391e-01
    outer loop
      vertex   -5.245311e+00 -3.638368e+00 8.599251e-01
      vertex   -5.169588e+00 -3.638368e+00 1.236173e+00
      vertex   -5.336973e+00 -3.487437e+00 1.276199e+00
    endloop
  endfacet
  facet normal -6.355468e-01 -7.516266e-01 1.764587e-01
    outer loop
      vertex   -5.336973e+00 -3.487437e+00 1.276199e+00
      vertex   -5.169588e+00 -3.638368e+00 1.236173e+00
      vertex   -5.230973e+00 -3.487437e+00 1.657976e+00
    endloop
  endfacet
  facet normal -7.246406e-01 -6.591027e-01 2.011955e-01
    outer loop
      vertex   -5.336973e+00 -3.487437e+00 1.276199e+00
      vertex   -5.230973e+00 -3.487437e+00 1.657976e+00
      vertex   -5.374850e+00 -3.315333e+00 1.703579e+00
    endloop
  endfacet
  facet normal -7.082338e-01 -6.591027e-01 2.529594e-01
    outer loop
      vertex   -5.374850e+00 -3.315333e+00 1.703579e+00
      vertex   -5.230973e+00 -3.487437e+00 1.657976e+00
      vertex   -5.237913e+00 -3.315333e+00 2.086975e+00
    endloop
  endfacet
  facet normal -7.831808e-01 -5.553198e-01 2.797282e-01
    outer loop
      vertex   -5.374850e+00 -3.315333e+00 1.703579e+00
      vertex   -5.237913e+00 -3.315333e+00 2.086975e+00
      vertex   -5.356057e+00 -3.125000e+00 2.134048e+00
    endloop
  endfacet
  facet normal -7.609546e-01 -5.553198e-01 3.355116e-01
    outer loop
      vertex   -5.356057e+00 -3.125000e+00 2.134048e+00
      vertex   -5.237913e+00 -3.315333e+00 2.086975e+00
      vertex   -5.188106e+00 -3.125000e+00 2.514966e+00
    endloop
  endfacet
  facet normal -8.207506e-01 -4.420567e-01 3.618761e-01
    outer loop
      vertex   -5.356057e+00 -3.125000e+00 2.134048e+00
      vertex   -5.188106e+00 -3.125000e+00 2.514966e+00
      vertex   -5.279211e+00 -2.919696e+00 2.559130e+00
    endloop
  endfacet
  facet normal -7.924989e-01 -4.420567e-01 4.201563e-01
    outer loop
      vertex   -5.279211e+00 -2.919696e+00 2.559130e+00
      vertex   -5.188106e+00 -3.125000e+00 2.514966e+00
      vertex   -5.080788e+00 -2.919696e+00 2.933395e+00
    endloop
  endfacet
  facet normal -8.366805e-01 -3.212515e-01 4.435799e-01
    outer loop
      vertex   -5.279211e+00 -2.919696e+00 2.559130e+00
      vertex   -5.080788e+00 -2.919696e+00 2.933395e+00
      vertex   -5.144511e+00 -2.702933e+00 2.970185e+00
    endloop
  endfacet
  facet normal -8.024917e-01 -3.212515e-01 5.027966e-01
    outer loop
      vertex   -5.144511e+00 -2.702933e+00 2.970185e+00
      vertex   -5.080788e+00 -2.919696e+00 2.933395e+00
      vertex   -4.916779e+00 -2.702933e+00 3.333659e+00
    endloop
  endfacet
  facet normal -8.311475e-01 -1.949680e-01 5.207507e-01
    outer loop
      vertex   -5.144511e+00 -2.702933e+00 2.970185e+00
      vertex   -4.916779e+00 -2.702933e+00 3.333659e+00
      vertex   -4.953742e+00 -2.478421e+00 3.358721e+00
    endloop
  endfacet
  facet normal -7.914047e-01 -1.949680e-01 5.793670e-01
    outer loop
      vertex   -4.953742e+00 -2.478421e+00 3.358721e+00
      vertex   -4.916779e+00 -2.702933e+00 3.333659e+00
      vertex   -4.698471e+00 -2.478421e+00 3.707416e+00
    endloop
  endfacet
  facet normal -6.423272e-02 -9.979263e-01 -4.152202e-03
    outer loop
      vertex   -4.225426e+00 -4.000000e+00 -4.563707e-01
      vertex   -4.249016e+00 -4.000000e+00 -9.144341e-02
      vertex   -4.471853e+00 -3.985029e+00 -2.424568e-01
    endloop
  endfacet
  facet normal -6.622795e-02 -9.978038e-01 -1.195884e-03
    outer loop
      vertex   -4.471853e+00 -3.985029e+00 -2.424568e-01
      vertex   -4.249016e+00 -4.000000e+00 -9.144341e-02
      vertex   -4.477691e+00 -3.985029e+00 8.085408e-02
    endloop
  endfacet
  facet normal -1.951809e-01 -9.807609e-01 -3.524400e-03
    outer loop
      vertex   -4.471853e+00 -3.985029e+00 -2.424568e-01
      vertex   -4.477691e+00 -3.985029e+00 8.085408e-02
      vertex   -4.702167e+00 -3.940370e+00 8.490746e-02
    endloop
  endfacet
  facet normal -1.949264e-01 -9.807609e-01 1.056860e-02
    outer loop
      vertex   -4.702167e+00 -3.940370e+00 8.490746e-02
      vertex   -4.477691e+00 -3.985029e+00 8.085408e-02
      vertex   -4.683783e+00 -3.940370e+00 4.239839e-01
    endloop
  endfacet
  facet normal -3.211558e-01 -9.468663e-01 1.741256e-02
    outer loop
      vertex   -4.702167e+00 -3.940370e+00 8.490746e-02
      vertex   -4.683783e+00 -3.940370e+00 4.239839e-01
      vertex   -4.899663e+00 -3.866789e+00 4.435258e-01
    endloop
  endfacet
  facet normal -3.190621e-01 -9.468663e-01 4.054105e-02
    outer loop
      vertex   -4.899663e+00 -3.866789e+00 4.435258e-01
      vertex   -4.683783e+00 -3.940370e+00 4.239839e-01
      vertex   -4.854887e+00 -3.866789e+00 7.959182e-01
    endloop
  endfacet
  facet normal -4.389911e-01 -8.967583e-01 5.577961e-02
    outer loop
      vertex   -4.899663e+00 -3.866789e+00 4.435258e-01
      vertex   -4.854887e+00 -3.866789e+00 7.959182e-01
      vertex   -5.057486e+00 -3.765544e+00 8.291327e-01
    endloop
  endfacet
  facet normal -4.338219e-01 -8.967583e-01 8.731082e-02
    outer loop
      vertex   -5.057486e+00 -3.765544e+00 8.291327e-01
      vertex   -4.854887e+00 -3.866789e+00 7.959182e-01
      vertex   -4.984474e+00 -3.765544e+00 1.191908e+00
    endloop
  endfacet
  facet normal -5.448947e-01 -8.313022e-01 1.096653e-01
    outer loop
      vertex   -5.057486e+00 -3.765544e+00 8.291327e-01
      vertex   -4.984474e+00 -3.765544e+00 1.191908e+00
      vertex   -5.169588e+00 -3.638368e+00 1.236173e+00
    endloop
  endfacet
  facet normal -5.355610e-01 -8.313022e-01 1.486978e-01
    outer loop
      vertex   -5.169588e+00 -3.638368e+00 1.236173e+00
      vertex   -4.984474e+00 -3.765544e+00 1.191908e+00
      vertex   -5.066912e+00 -3.638368e+00 1.605977e+00
    endloop
  endfacet
  facet normal -6.355468e-01 -7.516266e-01 1.764587e-01
    outer loop
      vertex   -5.169588e+00 -3.638368e+00 1.236173e+00
      vertex   -5.066912e+00 -3.638368e+00 1.605977e+00
      vertex   -5.230973e+00 -3.487437e+00 1.657976e+00
    endloop
  endfacet
  facet normal -6.211572e-01 -7.516266e-01 2.218584e-01
    outer loop
      vertex   -5.230973e+00 -3.487437e+00 1.657976e+00
      vertex   -5.066912e+00 -3.638368e+00 1.605977e+00
      vertex   -5.097701e+00 -3.487437e+00 2.031110e+00
    endloop
  endfacet
  facet normal -7.082338e-01 -6.591027e-01 2.529594e-01
    outer loop
      vertex   -5.230973e+00 -3.487437e+00 1.657976e+00
      vertex   -5.097701e+00 -3.487437e+00 2.031110e+00
      vertex   -5.237913e+00 -3.315333e+00 2.086975e+00
    endloop
  endfacet
  facet normal -6.881346e-01 -6.591027e-01 3.034046e-01
    outer loop
      vertex   -5.237913e+00 -3.315333e+00 2.086975e+00
      vertex   -5.097701e+00 -3.487437e+00 2.031110e+00
      vertex   -5.073667e+00 -3.315333e+00 2.459491e+00
    endloop
  endfacet
  facet normal -7.609546e-01 -5.553198e-01 3.355116e-01
    outer loop
      vertex   -5.237913e+00 -3.315333e+00 2.086975e+00
      vertex   -5.073667e+00 -3.315333e+00 2.459491e+00
      vertex   -5.188106e+00 -3.125000e+00 2.514966e+00
    endloop
  endfacet
  facet normal -7.347612e-01 -5.553198e-01 3.895457e-01
    outer loop
      vertex   -5.188106e+00 -3.125000e+00 2.514966e+00
      vertex   -5.073667e+00 -3.315333e+00 2.459491e+00
      vertex   -4.993108e+00 -3.125000e+00 2.882772e+00
    endloop
  endfacet
  facet normal -7.924989e-01 -4.420567e-01 4.201563e-01
    outer loop
      vertex   -5.188106e+00 -3.125000e+00 2.514966e+00
      vertex   -4.993108e+00 -3.125000e+00 2.882772e+00
      vertex   -5.080788e+00 -2.919696e+00 2.933395e+00
    endloop
  endfacet
  facet normal -7.601155e-01 -4.420567e-01 4.762460e-01
    outer loop
      vertex   -5.080788e+00 -2.919696e+00 2.933395e+00
      vertex   -4.993108e+00 -3.125000e+00 2.882772e+00
      vertex   -4.855877e+00 -2.919696e+00 3.292366e+00
    endloop
  endfacet
  facet normal -8.024917e-01 -3.212515e-01 5.027966e-01
    outer loop
      vertex   -5.080788e+00 -2.919696e+00 2.933395e+00
      vertex   -4.855877e+00 -2.919696e+00 3.292366e+00
      vertex   -4.916779e+00 -2.702933e+00 3.333659e+00
    endloop
  endfacet
  facet normal -7.641192e-01 -3.212515e-01 5.593919e-01
    outer loop
      vertex   -4.916779e+00 -2.702933e+00 3.333659e+00
      vertex   -4.855877e+00 -2.919696e+00 3.292366e+00
      vertex   -4.663413e+00 -2.702933e+00 3.679753e+00
    endloop
  endfacet
  facet normal -7.914047e-01 -1.949680e-01 5.793670e-01
    outer loop
      vertex   -4.916779e+00 -2.702933e+00 3.333659e+00
      vertex   -4.663413e+00 -2.702933e+00 3.679753e+00
      vertex   -4.698471e+00 -2.478421e+00 3.707416e+00
    endloop
  endfacet
  facet normal -7.475359e-01 -1.949680e-01 6.349627e-01
    outer loop
      vertex   -4.698471e+00 -2.478421e+00 3.707416e+00
      vertex   -4.663413e+00 -2.702933e+00 3.679753e+00
      vertex   -4.418705e+00 -2.478421e+00 4.036783e+00
    endloop
  endfacet
  facet normal -6.429264e-02 -9.979301e-01 1.383647e-03
    outer loop
      vertex   -4.249016e+00 -4.000000e+00 -9.144341e-02
      vertex   -4.241148e+00 -4.000000e+00 2.741609e-01
      vertex   -4.477691e+00 -3.985029e+00 8.085408e-02
    endloop
  endfacet
  facet normal -6.608214e-02 -9.978078e-01 3.582869e-03
    outer loop
      vertex   -4.477691e+00 -3.985029e+00 8.085408e-02
      vertex   -4.241148e+00 -4.000000e+00 2.741609e-01
      vertex   -4.460184e+00 -3.985029e+00 4.037434e-01
    endloop
  endfacet
  facet normal -1.949264e-01 -9.807609e-01 1.056860e-02
    outer loop
      vertex   -4.477691e+00 -3.985029e+00 8.085408e-02
      vertex   -4.460184e+00 -3.985029e+00 4.037434e-01
      vertex   -4.683783e+00 -3.940370e+00 4.239839e-01
    endloop
  endfacet
  facet normal -1.936557e-01 -9.807609e-01 2.460651e-02
    outer loop
      vertex   -4.683783e+00 -3.940370e+00 4.239839e-01
      vertex   -4.460184e+00 -3.985029e+00 4.037434e-01
      vertex   -4.640979e+00 -3.940370e+00 7.608499e-01
    endloop
  endfacet
  facet normal -3.190621e-01 -9.468663e-01 4.054105e-02
    outer loop
      vertex   -4.683783e+00 -3.940370e+00 4.239839e-01
      vertex   -4.640979e+00 -3.940370e+00 7.608499e-01
      vertex   -4.854887e+00 -3.866789e+00 7.959182e-01
    endloop
  endfacet
  facet normal -3.153051e-01 -9.468663e-01 6.345818e-02
    outer loop
      vertex   -4.854887e+00 -3.866789e+00 7.959182e-01
      vertex   -4.640979e+00 -3.940370e+00 7.608499e-01
      vertex   -4.784799e+00 -3.866789e+00 1.144161e+00
    endloop
  endfacet
  facet normal -4.338219e-01 -8.967583e-01 8.731082e-02
    outer loop
      vertex   -4.854887e+00 -3.866789e+00 7.959182e-01
      vertex   -4.784799e+00 -3.866789e+00 1.144161e+00
      vertex   -4.984474e+00 -3.765544e+00 1.191908e+00
    endloop
  endfacet
  facet normal -4.263908e-01 -8.967583e-01 1.183868e-01
    outer loop
      vertex   -4.984474e+00 -3.765544e+00 1.191908e+00
      vertex   -4.784799e+00 -3.866789e+00 1.144161e+00
      vertex   -4.885475e+00 -3.765544e+00 1.548470e+00
    endloop
  endfacet
  facet normal -5.355610e-01 -8.313022e-01 1.486978e-01
    outer loop
      vertex   -4.984474e+00 -3.765544e+00 1.191908e+00
      vertex   -4.885475e+00 -3.765544e+00 1.548470e+00
      vertex   -5.066912e+00 -3.638368e+00 1.605977e+00
    endloop
  endfacet
  facet normal -5.234353e-01 -8.313022e-01 1.869551e-01
    outer loop
      vertex   -5.066912e+00 -3.638368e+00 1.605977e+00
      vertex   -4.885475e+00 -3.765544e+00 1.548470e+00
      vertex   -4.937820e+00 -3.638368e+00 1.967407e+00
    endloop
  endfacet
  facet normal -6.211572e-01 -7.516266e-01 2.218584e-01
    outer loop
      vertex   -5.066912e+00 -3.638368e+00 1.605977e+00
      vertex   -4.937820e+00 -3.638368e+00 1.967407e+00
      vertex   -5.097701e+00 -3.487437e+00 2.031110e+00
    endloop
  endfacet
  facet normal -6.035292e-01 -7.516266e-01 2.661013e-01
    outer loop
      vertex   -5.097701e+00 -3.487437e+00 2.031110e+00
      vertex   -4.937820e+00 -3.638368e+00 1.967407e+00
      vertex   -4.937852e+00 -3.487437e+00 2.393654e+00
    endloop
  endfacet
  facet normal -6.881346e-01 -6.591027e-01 3.034046e-01
    outer loop
      vertex   -5.097701e+00 -3.487437e+00 2.031110e+00
      vertex   -4.937852e+00 -3.487437e+00 2.393654e+00
      vertex   -5.073667e+00 -3.315333e+00 2.459491e+00
    endloop
  endfacet
  facet normal -6.644478e-01 -6.591027e-01 3.522679e-01
    outer loop
      vertex   -5.073667e+00 -3.315333e+00 2.459491e+00
      vertex   -4.937852e+00 -3.487437e+00 2.393654e+00
      vertex   -4.882970e+00 -3.315333e+00 2.819184e+00
    endloop
  endfacet
  facet normal -7.347612e-01 -5.553198e-01 3.895457e-01
    outer loop
      vertex   -5.073667e+00 -3.315333e+00 2.459491e+00
      vertex   -4.882970e+00 -3.315333e+00 2.819184e+00
      vertex   -4.993108e+00 -3.125000e+00 2.882772e+00
    endloop
  endfacet
  facet normal -7.047371e-01 -5.553198e-01 4.415490e-01
    outer loop
      vertex   -4.993108e+00 -3.125000e+00 2.882772e+00
      vertex   -4.882970e+00 -3.315333e+00 2.819184e+00
      vertex   -4.772078e+00 -3.125000e+00 3.235549e+00
    endloop
  endfacet
  facet normal -7.601155e-01 -4.420567e-01 4.762460e-01
    outer loop
      vertex   -4.993108e+00 -3.125000e+00 2.882772e+00
      vertex   -4.772078e+00 -3.125000e+00 3.235549e+00
      vertex   -4.855877e+00 -2.919696e+00 3.292366e+00
    endloop
  endfacet
  facet normal -7.237692e-01 -4.420567e-01 5.298528e-01
    outer loop
      vertex   -4.855877e+00 -2.919696e+00 3.292366e+00
      vertex   -4.772078e+00 -3.125000e+00 3.235549e+00
      vertex   -4.605649e+00 -2.919696e+00 3.634173e+00
    endloop
  endfacet
  facet normal -7.641192e-01 -3.212515e-01 5.593919e-01
    outer loop
      vertex   -4.855877e+00 -2.919696e+00 3.292366e+00
      vertex   -4.605649e+00 -2.919696e+00 3.634173e+00
      vertex   -4.663413e+00 -2.702933e+00 3.679753e+00
    endloop
  endfacet
  facet normal -7.217628e-01 -3.212515e-01 6.130709e-01
    outer loop
      vertex   -4.663413e+00 -2.702933e+00 3.679753e+00
      vertex   -4.605649e+00 -2.919696e+00 3.634173e+00
      vertex   -4.385734e+00 -2.702933e+00 4.006662e+00
    endloop
  endfacet
  facet normal -7.475359e-01 -1.949680e-01 6.349627e-01
    outer loop
      vertex   -4.663413e+00 -2.702933e+00 3.679753e+00
      vertex   -4.385734e+00 -2.702933e+00 4.006662e+00
      vertex   -4.418705e+00 -2.478421e+00 4.036783e+00
    endloop
  endfacet
  facet normal -6.997697e-01 -1.949680e-01 6.872480e-01
    outer loop
      vertex   -4.418705e+00 -2.478421e+00 4.036783e+00
      vertex   -4.385734e+00 -2.702933e+00 4.006662e+00
      vertex   -4.115901e+00 -2.478421e+00 4.345104e+00
    endloop
  endfacet
  facet normal -6.411277e-02 -9.979186e-01 6.924554e-03
    outer loop
      vertex   -4.241148e+00 -4.000000e+00 2.741609e-01
      vertex   -4.201880e+00 -4.000000e+00 6.377354e-01
      vertex   -4.460184e+00 -3.985029e+00 4.037434e-01
    endloop
  endfacet
  facet normal -6.535757e-02 -9.978274e-01 8.304541e-03
    outer loop
      vertex   -4.460184e+00 -3.985029e+00 4.037434e-01
      vertex   -4.201880e+00 -4.000000e+00 6.377354e-01
      vertex   -4.419424e+00 -3.985029e+00 7.245279e-01
    endloop
  endfacet
  facet normal -1.936557e-01 -9.807609e-01 2.460651e-02
    outer loop
      vertex   -4.460184e+00 -3.985029e+00 4.037434e-01
      vertex   -4.419424e+00 -3.985029e+00 7.245279e-01
      vertex   -4.640979e+00 -3.940370e+00 7.608499e-01
    endloop
  endfacet
  facet normal -1.913753e-01 -9.807609e-01 3.851613e-02
    outer loop
      vertex   -4.640979e+00 -3.940370e+00 7.608499e-01
      vertex   -4.419424e+00 -3.985029e+00 7.245279e-01
      vertex   -4.573980e+00 -3.940370e+00 1.093749e+00
    endloop
  endfacet
  facet normal -3.153051e-01 -9.468663e-01 6.345818e-02
    outer loop
      vertex   -4.640979e+00 -3.940370e+00 7.608499e-01
      vertex   -4.573980e+00 -3.940370e+00 1.093749e+00
      vertex   -4.784799e+00 -3.866789e+00 1.144161e+00
    endloop
  endfacet
  facet normal -3.099041e-01 -9.468663e-01 8.604446e-02
    outer loop
      vertex   -4.784799e+00 -3.866789e+00 1.144161e+00
      vertex   -4.573980e+00 -3.940370e+00 1.093749e+00
      vertex   -4.689766e+00 -3.866789e+00 1.486439e+00
    endloop
  endfacet
  facet normal -4.263908e-01 -8.967583e-01 1.183868e-01
    outer loop
      vertex   -4.784799e+00 -3.866789e+00 1.144161e+00
      vertex   -4.689766e+00 -3.866789e+00 1.486439e+00
      vertex   -4.885475e+00 -3.765544e+00 1.548470e+00
    endloop
  endfacet
  facet normal -4.167368e-01 -8.967583e-01 1.488456e-01
    outer loop
      vertex   -4.885475e+00 -3.765544e+00 1.548470e+00
      vertex   -4.689766e+00 -3.866789e+00 1.486439e+00
      vertex   -4.761006e+00 -3.765544e+00 1.896958e+00
    endloop
  endfacet
  facet normal -5.234353e-01 -8.313022e-01 1.869551e-01
    outer loop
      vertex   -4.885475e+00 -3.765544e+00 1.548470e+00
      vertex   -4.761006e+00 -3.765544e+00 1.896958e+00
      vertex   -4.937820e+00 -3.638368e+00 1.967407e+00
    endloop
  endfacet
  facet normal -5.085805e-01 -8.313022e-01 2.242376e-01
    outer loop
      vertex   -4.937820e+00 -3.638368e+00 1.967407e+00
      vertex   -4.761006e+00 -3.765544e+00 1.896958e+00
      vertex   -4.782985e+00 -3.638368e+00 2.318581e+00
    endloop
  endfacet
  facet normal -6.035292e-01 -7.516266e-01 2.661013e-01
    outer loop
      vertex   -4.937820e+00 -3.638368e+00 1.967407e+00
      vertex   -4.782985e+00 -3.638368e+00 2.318581e+00
      vertex   -4.937852e+00 -3.487437e+00 2.393654e+00
    endloop
  endfacet
  facet normal -5.827547e-01 -7.516266e-01 3.089570e-01
    outer loop
      vertex   -4.937852e+00 -3.487437e+00 2.393654e+00
      vertex   -4.782985e+00 -3.638368e+00 2.318581e+00
      vertex   -4.752260e+00 -3.487437e+00 2.743718e+00
    endloop
  endfacet
  facet normal -6.644478e-01 -6.591027e-01 3.522679e-01
    outer loop
      vertex   -4.937852e+00 -3.487437e+00 2.393654e+00
      vertex   -4.752260e+00 -3.487437e+00 2.743718e+00
      vertex   -4.882970e+00 -3.315333e+00 2.819184e+00
    endloop
  endfacet
  facet normal -6.372969e-01 -6.591027e-01 3.992947e-01
    outer loop
      vertex   -4.882970e+00 -3.315333e+00 2.819184e+00
      vertex   -4.752260e+00 -3.487437e+00 2.743718e+00
      vertex   -4.666815e+00 -3.315333e+00 3.164179e+00
    endloop
  endfacet
  facet normal -7.047371e-01 -5.553198e-01 4.415490e-01
    outer loop
      vertex   -4.882970e+00 -3.315333e+00 2.819184e+00
      vertex   -4.666815e+00 -3.315333e+00 3.164179e+00
      vertex   -4.772078e+00 -3.125000e+00 3.235549e+00
    endloop
  endfacet
  facet normal -6.710389e-01 -5.553198e-01 4.912502e-01
    outer loop
      vertex   -4.772078e+00 -3.125000e+00 3.235549e+00
      vertex   -4.666815e+00 -3.315333e+00 3.164179e+00
      vertex   -4.526168e+00 -3.125000e+00 3.571457e+00
    endloop
  endfacet
  facet normal -7.237692e-01 -4.420567e-01 5.298528e-01
    outer loop
      vertex   -4.772078e+00 -3.125000e+00 3.235549e+00
      vertex   -4.526168e+00 -3.125000e+00 3.571457e+00
      vertex   -4.605649e+00 -2.919696e+00 3.634173e+00
    endloop
  endfacet
  facet normal -6.836495e-01 -4.420567e-01 5.806971e-01
    outer loop
      vertex   -4.605649e+00 -2.919696e+00 3.634173e+00
      vertex   -4.526168e+00 -3.125000e+00 3.571457e+00
      vertex   -4.331409e+00 -2.919696e+00 3.957033e+00
    endloop
  endfacet
  facet normal -7.217628e-01 -3.212515e-01 6.130709e-01
    outer loop
      vertex   -4.605649e+00 -2.919696e+00 3.634173e+00
      vertex   -4.331409e+00 -2.919696e+00 3.957033e+00
      vertex   -4.385734e+00 -2.702933e+00 4.006662e+00
    endloop
  endfacet
  facet normal -6.756435e-01 -3.212515e-01 6.635535e-01
    outer loop
      vertex   -4.385734e+00 -2.702933e+00 4.006662e+00
      vertex   -4.331409e+00 -2.919696e+00 3.957033e+00
      vertex   -4.085189e+00 -2.702933e+00 4.312682e+00
    endloop
  endfacet
  facet normal -6.997697e-01 -1.949680e-01 6.872480e-01
    outer loop
      vertex   -4.385734e+00 -2.702933e+00 4.006662e+00
      vertex   -4.085189e+00 -2.702933e+00 4.312682e+00
      vertex   -4.115901e+00 -2.478421e+00 4.345104e+00
    endloop
  endfacet
  facet normal -6.483553e-01 -1.949680e-01 7.359503e-01
    outer loop
      vertex   -4.115901e+00 -2.478421e+00 4.345104e+00
      vertex   -4.085189e+00 -2.702933e+00 4.312682e+00
      vertex   -3.791639e+00 -2.478421e+00 4.630771e+00
    endloop
  endfacet
  facet normal -6.369171e-02 -9.978914e-01 1.249107e-02
    outer loop
      vertex   -4.201880e+00 -4.000000e+00 6.377354e-01
      vertex   -4.131502e+00 -4.000000e+00 9.965884e-01
      vertex   -4.419424e+00 -3.985029e+00 7.245279e-01
    endloop
  endfacet
  facet normal -6.407194e-02 -9.978620e-01 1.289509e-02
    outer loop
      vertex   -4.419424e+00 -3.985029e+00 7.245279e-01
      vertex   -4.131502e+00 -4.000000e+00 9.965884e-01
      vertex   -4.355624e+00 -3.985029e+00 1.041535e+00
    endloop
  endfacet
  facet normal -1.913753e-01 -9.807609e-01 3.851613e-02
    outer loop
      vertex   -4.419424e+00 -3.985029e+00 7.245279e-01
      vertex   -4.355624e+00 -3.985029e+00 1.041535e+00
      vertex   -4.573980e+00 -3.940370e+00 1.093749e+00
    endloop
  endfacet
  facet normal -1.880972e-01 -9.807609e-01 5.222494e-02
    outer loop
      vertex   -4.573980e+00 -3.940370e+00 1.093749e+00
      vertex   -4.355624e+00 -3.985029e+00 1.041535e+00
      vertex   -4.483134e+00 -3.940370e+00 1.420946e+00
    endloop
  endfacet
  facet normal -3.099041e-01 -9.468663e-01 8.604446e-02
    outer loop
      vertex   -4.573980e+00 -3.940370e+00 1.093749e+00
      vertex   -4.483134e+00 -3.940370e+00 1.420946e+00
      vertex   -4.689766e+00 -3.866789e+00 1.486439e+00
    endloop
  endfacet
  facet normal -3.028875e-01 -9.468663e-01 1.081822e-01
    outer loop
      vertex   -4.689766e+00 -3.866789e+00 1.486439e+00
      vertex   -4.483134e+00 -3.940370e+00 1.420946e+00
      vertex   -4.570283e+00 -3.866789e+00 1.820967e+00
    endloop
  endfacet
  facet normal -4.167368e-01 -8.967583e-01 1.488456e-01
    outer loop
      vertex   -4.689766e+00 -3.866789e+00 1.486439e+00
      vertex   -4.570283e+00 -3.866789e+00 1.820967e+00
      vertex   -4.761006e+00 -3.765544e+00 1.896958e+00
    endloop
  endfacet
  facet normal -4.049101e-01 -8.967583e-01 1.785284e-01
    outer loop
      vertex   -4.761006e+00 -3.765544e+00 1.896958e+00
      vertex   -4.570283e+00 -3.866789e+00 1.820967e+00
      vertex   -4.611715e+00 -3.765544e+00 2.235557e+00
    endloop
  endfacet
  facet normal -5.085805e-01 -8.313022e-01 2.242376e-01
    outer loop
      vertex   -4.761006e+00 -3.765544e+00 1.896958e+00
      vertex   -4.611715e+00 -3.765544e+00 2.235557e+00
      vertex   -4.782985e+00 -3.638368e+00 2.318581e+00
    endloop
  endfacet
  facet normal -4.910743e-01 -8.313022e-01 2.603511e-01
    outer loop
      vertex   -4.782985e+00 -3.638368e+00 2.318581e+00
      vertex   -4.611715e+00 -3.765544e+00 2.235557e+00
      vertex   -4.603213e+00 -3.638368e+00 2.657666e+00
    endloop
  endfacet
  facet normal -5.827547e-01 -7.516266e-01 3.089570e-01
    outer loop
      vertex   -4.782985e+00 -3.638368e+00 2.318581e+00
      vertex   -4.603213e+00 -3.638368e+00 2.657666e+00
      vertex   -4.752260e+00 -3.487437e+00 2.743718e+00
    endloop
  endfacet
  facet normal -5.589419e-01 -7.516266e-01 3.502019e-01
    outer loop
      vertex   -4.752260e+00 -3.487437e+00 2.743718e+00
      vertex   -4.603213e+00 -3.638368e+00 2.657666e+00
      vertex   -4.541891e+00 -3.487437e+00 3.079479e+00
    endloop
  endfacet
  facet normal -6.372969e-01 -6.591027e-01 3.992947e-01
    outer loop
      vertex   -4.752260e+00 -3.487437e+00 2.743718e+00
      vertex   -4.541891e+00 -3.487437e+00 3.079479e+00
      vertex   -4.666815e+00 -3.315333e+00 3.164179e+00
    endloop
  endfacet
  facet normal -6.068234e-01 -6.591027e-01 4.442398e-01
    outer loop
      vertex   -4.666815e+00 -3.315333e+00 3.164179e+00
      vertex   -4.541891e+00 -3.487437e+00 3.079479e+00
      vertex   -4.426330e+00 -3.315333e+00 3.492678e+00
    endloop
  endfacet
  facet normal -6.710389e-01 -5.553198e-01 4.912502e-01
    outer loop
      vertex   -4.666815e+00 -3.315333e+00 3.164179e+00
      vertex   -4.426330e+00 -3.315333e+00 3.492678e+00
      vertex   -4.526168e+00 -3.125000e+00 3.571457e+00
    endloop
  endfacet
  facet normal -6.338421e-01 -5.553198e-01 5.383903e-01
    outer loop
      vertex   -4.526168e+00 -3.125000e+00 3.571457e+00
      vertex   -4.426330e+00 -3.315333e+00 3.492678e+00
      vertex   -4.256661e+00 -3.125000e+00 3.888745e+00
    endloop
  endfacet
  facet normal -6.836495e-01 -4.420567e-01 5.806971e-01
    outer loop
      vertex   -4.526168e+00 -3.125000e+00 3.571457e+00
      vertex   -4.256661e+00 -3.125000e+00 3.888745e+00
      vertex   -4.331409e+00 -2.919696e+00 3.957033e+00
    endloop
  endfacet
  facet normal -6.399656e-01 -4.420567e-01 6.285140e-01
    outer loop
      vertex   -4.331409e+00 -2.919696e+00 3.957033e+00
      vertex   -4.256661e+00 -3.125000e+00 3.888745e+00
      vertex   -4.034588e+00 -2.919696e+00 4.259262e+00
    endloop
  endfacet
  facet normal -6.756435e-01 -3.212515e-01 6.635535e-01
    outer loop
      vertex   -4.331409e+00 -2.919696e+00 3.957033e+00
      vertex   -4.034588e+00 -2.919696e+00 4.259262e+00
      vertex   -4.085189e+00 -2.702933e+00 4.312682e+00
    endloop
  endfacet
  facet normal -6.260018e-01 -3.212515e-01 7.105767e-01
    outer loop
      vertex   -4.085189e+00 -2.702933e+00 4.312682e+00
      vertex   -4.034588e+00 -2.919696e+00 4.259262e+00
      vertex   -3.763347e+00 -2.702933e+00 4.596218e+00
    endloop
  endfacet
  facet normal -6.483553e-01 -1.949680e-01 7.359503e-01
    outer loop
      vertex   -4.085189e+00 -2.702933e+00 4.312682e+00
      vertex   -3.763347e+00 -2.702933e+00 4.596218e+00
      vertex   -3.791639e+00 -2.478421e+00 4.630771e+00
    endloop
  endfacet
  facet normal -5.935607e-01 -1.949680e-01 7.808157e-01
    outer loop
      vertex   -3.791639e+00 -2.478421e+00 4.630771e+00
      vertex   -3.763347e+00 -2.702933e+00 4.596218e+00
      vertex   -3.447609e+00 -2.478421e+00 4.892296e+00
    endloop
  endfacet
  facet normal -6.314144e-02 -9.978506e-01 1.753114e-02
    outer loop
      vertex   -4.355624e+00 -3.985029e+00 1.041535e+00
      vertex   -4.131502e+00 -4.000000e+00 9.965884e-01
      vertex   -4.269115e+00 -3.985029e+00 1.353112e+00
    endloop
  endfacet
  facet normal -6.224289e-02 -9.979009e-01 1.788008e-02
    outer loop
      vertex   -4.269115e+00 -3.985029e+00 1.353112e+00
      vertex   -4.131502e+00 -4.000000e+00 9.965884e-01
      vertex   -4.030537e+00 -4.000000e+00 1.348063e+00
    endloop
  endfacet
  facet normal -6.214647e-02 -9.978202e-01 2.219682e-02
    outer loop
      vertex   -4.269115e+00 -3.985029e+00 1.353112e+00
      vertex   -4.030537e+00 -4.000000e+00 1.348063e+00
      vertex   -4.160349e+00 -3.985029e+00 1.657634e+00
    endloop
  endfacet
  facet normal -6.014882e-02 -9.979235e-01 2.303948e-02
    outer loop
      vertex   -4.160349e+00 -3.985029e+00 1.657634e+00
      vertex   -4.030537e+00 -4.000000e+00 1.348063e+00
      vertex   -3.899730e+00 -4.000000e+00 1.689557e+00
    endloop
  endfacet
  facet normal -6.059230e-02 -9.978050e-01 2.671568e-02
    outer loop
      vertex   -4.160349e+00 -3.985029e+00 1.657634e+00
      vertex   -3.899730e+00 -4.000000e+00 1.689557e+00
      vertex   -4.029892e+00 -3.985029e+00 1.953515e+00
    endloop
  endfacet
  facet normal -5.784652e-02 -9.979306e-01 2.807680e-02
    outer loop
      vertex   -4.029892e+00 -3.985029e+00 1.953515e+00
      vertex   -3.899730e+00 -4.000000e+00 1.689557e+00
      vertex   -3.740052e+00 -4.000000e+00 2.018542e+00
    endloop
  endfacet
  facet normal -5.849909e-02 -9.978056e-01 3.101426e-02
    outer loop
      vertex   -4.029892e+00 -3.985029e+00 1.953515e+00
      vertex   -3.740052e+00 -4.000000e+00 2.018542e+00
      vertex   -3.878426e+00 -3.985029e+00 2.239210e+00
    endloop
  endfacet
  facet normal -5.532790e-02 -9.979224e-01 3.301074e-02
    outer loop
      vertex   -3.878426e+00 -3.985029e+00 2.239210e+00
      vertex   -3.740052e+00 -4.000000e+00 2.018542e+00
      vertex   -3.552683e+00 -4.000000e+00 2.332583e+00
    endloop
  endfacet
  facet normal -5.590039e-02 -9.978219e-01 3.502407e-02
    outer loop
      vertex   -3.878426e+00 -3.985029e+00 2.239210e+00
      vertex   -3.552683e+00 -4.000000e+00 2.332583e+00
      vertex   -3.706740e+00 -3.985029e+00 2.513232e+00
    endloop
  endfacet
  facet normal -5.258323e-02 -9.978986e-01 3.785928e-02
    outer loop
      vertex   -3.706740e+00 -3.985029e+00 2.513232e+00
      vertex   -3.552683e+00 -4.000000e+00 2.332583e+00
      vertex   -3.339012e+00 -4.000000e+00 2.629353e+00
    endloop
  endfacet
  facet normal -5.284187e-02 -9.978533e-01 3.868417e-02
    outer loop
      vertex   -3.706740e+00 -3.985029e+00 2.513232e+00
      vertex   -3.339012e+00 -4.000000e+00 2.629353e+00
      vertex   -3.515728e+00 -3.985029e+00 2.774150e+00
    endloop
  endfacet
  facet normal -4.984670e-02 -9.978590e-01 4.234017e-02
    outer loop
      vertex   -3.515728e+00 -3.985029e+00 2.774150e+00
      vertex   -3.339012e+00 -4.000000e+00 2.629353e+00
      vertex   -3.306387e+00 -3.985029e+00 3.020606e+00
    endloop
  endfacet
  facet normal -1.487837e-01 -9.807609e-01 1.263780e-01
    outer loop
      vertex   -3.515728e+00 -3.985029e+00 2.774150e+00
      vertex   -3.306387e+00 -3.985029e+00 3.020606e+00
      vertex   -3.472143e+00 -3.940370e+00 3.172035e+00
    endloop
  endfacet
  facet normal -1.392767e-01 -9.807609e-01 1.367845e-01
    outer loop
      vertex   -3.472143e+00 -3.940370e+00 3.172035e+00
      vertex   -3.306387e+00 -3.985029e+00 3.020606e+00
      vertex   -3.234205e+00 -3.940370e+00 3.414308e+00
    endloop
  endfacet
  facet normal -2.294688e-01 -9.468663e-01 2.253626e-01
    outer loop
      vertex   -3.472143e+00 -3.940370e+00 3.172035e+00
      vertex   -3.234205e+00 -3.940370e+00 3.414308e+00
      vertex   -3.383272e+00 -3.866789e+00 3.571677e+00
    endloop
  endfacet
  facet normal -2.126089e-01 -9.468663e-01 2.413331e-01
    outer loop
      vertex   -3.383272e+00 -3.866789e+00 3.571677e+00
      vertex   -3.234205e+00 -3.940370e+00 3.414308e+00
      vertex   -3.116729e+00 -3.866789e+00 3.806496e+00
    endloop
  endfacet
  facet normal -2.925243e-01 -8.967583e-01 3.320453e-01
    outer loop
      vertex   -3.383272e+00 -3.866789e+00 3.571677e+00
      vertex   -3.116729e+00 -3.866789e+00 3.806496e+00
      vertex   -3.246793e+00 -3.765544e+00 3.965345e+00
    endloop
  endfacet
  facet normal -2.678021e-01 -8.967583e-01 3.522877e-01
    outer loop
      vertex   -3.246793e+00 -3.765544e+00 3.965345e+00
      vertex   -3.116729e+00 -3.866789e+00 3.806496e+00
      vertex   -2.952199e+00 -3.765544e+00 4.189289e+00
    endloop
  endfacet
  facet normal -3.363684e-01 -8.313022e-01 4.424850e-01
    outer loop
      vertex   -3.246793e+00 -3.765544e+00 3.965345e+00
      vertex   -2.952199e+00 -3.765544e+00 4.189289e+00
      vertex   -3.061838e+00 -3.638368e+00 4.344872e+00
    endloop
  endfacet
  facet normal -3.035628e-01 -8.313022e-01 4.656031e-01
    outer loop
      vertex   -3.061838e+00 -3.638368e+00 4.344872e+00
      vertex   -2.952199e+00 -3.765544e+00 4.189289e+00
      vertex   -2.740340e+00 -3.638368e+00 4.554481e+00
    endloop
  endfacet
  facet normal -3.602360e-01 -7.516266e-01 5.525282e-01
    outer loop
      vertex   -3.061838e+00 -3.638368e+00 4.344872e+00
      vertex   -2.740340e+00 -3.638368e+00 4.554481e+00
      vertex   -2.829069e+00 -3.487437e+00 4.701950e+00
    endloop
  endfacet
  facet normal -3.194278e-01 -7.516266e-01 5.770817e-01
    outer loop
      vertex   -2.829069e+00 -3.487437e+00 4.701950e+00
      vertex   -2.740340e+00 -3.638368e+00 4.554481e+00
      vertex   -2.482412e+00 -3.487437e+00 4.893832e+00
    endloop
  endfacet
  facet normal -3.642066e-01 -6.591027e-01 6.579796e-01
    outer loop
      vertex   -2.829069e+00 -3.487437e+00 4.701950e+00
      vertex   -2.482412e+00 -3.487437e+00 4.893832e+00
      vertex   -2.550691e+00 -3.315333e+00 5.028436e+00
    endloop
  endfacet
  facet normal -3.157788e-01 -6.591027e-01 6.825447e-01
    outer loop
      vertex   -2.550691e+00 -3.315333e+00 5.028436e+00
      vertex   -2.482412e+00 -3.487437e+00 4.893832e+00
      vertex   -2.181201e+00 -3.315333e+00 5.199381e+00
    endloop
  endfacet
  facet normal -3.491953e-01 -5.553198e-01 7.547732e-01
    outer loop
      vertex   -2.550691e+00 -3.315333e+00 5.028436e+00
      vertex   -2.181201e+00 -3.315333e+00 5.199381e+00
      vertex   -2.230399e+00 -3.125000e+00 5.316655e+00
    endloop
  endfacet
  facet normal -2.938223e-01 -5.553198e-01 7.780028e-01
    outer loop
      vertex   -2.230399e+00 -3.125000e+00 5.316655e+00
      vertex   -2.181201e+00 -3.315333e+00 5.199381e+00
      vertex   -1.840947e+00 -3.125000e+00 5.463736e+00
    endloop
  endfacet
  facet normal -3.169109e-01 -4.420567e-01 8.391385e-01
    outer loop
      vertex   -2.230399e+00 -3.125000e+00 5.316655e+00
      vertex   -1.840947e+00 -3.125000e+00 5.463736e+00
      vertex   -1.873275e+00 -2.919696e+00 5.559681e+00
    endloop
  endfacet
  facet normal -2.555344e-01 -4.420567e-01 8.598186e-01
    outer loop
      vertex   -1.873275e+00 -2.919696e+00 5.559681e+00
      vertex   -1.840947e+00 -3.125000e+00 5.463736e+00
      vertex   -1.467217e+00 -2.919696e+00 5.680360e+00
    endloop
  endfacet
  facet normal -2.697804e-01 -3.212515e-01 9.077533e-01
    outer loop
      vertex   -1.873275e+00 -2.919696e+00 5.559681e+00
      vertex   -1.467217e+00 -2.919696e+00 5.680360e+00
      vertex   -1.485619e+00 -2.702933e+00 5.751603e+00
    endloop
  endfacet
  facet normal -2.035757e-01 -3.212515e-01 9.248537e-01
    outer loop
      vertex   -1.485619e+00 -2.702933e+00 5.751603e+00
      vertex   -1.467217e+00 -2.919696e+00 5.680360e+00
      vertex   -1.066724e+00 -2.702933e+00 5.843809e+00
    endloop
  endfacet
  facet normal -2.108451e-01 -1.949680e-01 9.578788e-01
    outer loop
      vertex   -1.485619e+00 -2.702933e+00 5.751603e+00
      vertex   -1.066724e+00 -2.702933e+00 5.843809e+00
      vertex   -1.074743e+00 -2.478421e+00 5.887741e+00
    endloop
  endfacet
  facet normal -1.411771e-01 -1.949680e-01 9.705960e-01
    outer loop
      vertex   -1.074743e+00 -2.478421e+00 5.887741e+00
      vertex   -1.066724e+00 -2.702933e+00 5.843809e+00
      vertex   -6.470954e-01 -2.478421e+00 5.949944e+00
    endloop
  endfacet
  facet normal -4.918894e-02 -9.978939e-01 4.228666e-02
    outer loop
      vertex   -3.339012e+00 -4.000000e+00 2.629353e+00
      vertex   -3.100620e+00 -4.000000e+00 2.906658e+00
      vertex   -3.306387e+00 -3.985029e+00 3.020606e+00
    endloop
  endfacet
  facet normal -4.702563e-02 -9.978254e-01 4.618415e-02
    outer loop
      vertex   -3.306387e+00 -3.985029e+00 3.020606e+00
      vertex   -3.100620e+00 -4.000000e+00 2.906658e+00
      vertex   -3.079808e+00 -3.985029e+00 3.251313e+00
    endloop
  endfacet
  facet normal -1.392767e-01 -9.807609e-01 1.367845e-01
    outer loop
      vertex   -3.306387e+00 -3.985029e+00 3.020606e+00
      vertex   -3.079808e+00 -3.985029e+00 3.251313e+00
      vertex   -3.234205e+00 -3.940370e+00 3.414308e+00
    endloop
  endfacet
  facet normal -1.290436e-01 -9.807609e-01 1.464778e-01
    outer loop
      vertex   -3.234205e+00 -3.940370e+00 3.414308e+00
      vertex   -3.079808e+00 -3.985029e+00 3.251313e+00
      vertex   -2.979405e+00 -3.940370e+00 3.638781e+00
    endloop
  endfacet
  facet normal -2.126089e-01 -9.468663e-01 2.413331e-01
    outer loop
      vertex   -3.234205e+00 -3.940370e+00 3.414308e+00
      vertex   -2.979405e+00 -3.940370e+00 3.638781e+00
      vertex   -3.116729e+00 -3.866789e+00 3.806496e+00
    endloop
  endfacet
  facet normal -1.946406e-01 -9.468663e-01 2.560454e-01
    outer loop
      vertex   -3.116729e+00 -3.866789e+00 3.806496e+00
      vertex   -2.979405e+00 -3.940370e+00 3.638781e+00
      vertex   -2.833936e+00 -3.866789e+00 4.021469e+00
    endloop
  endfacet
  facet normal -2.678021e-01 -8.967583e-01 3.522877e-01
    outer loop
      vertex   -3.116729e+00 -3.866789e+00 3.806496e+00
      vertex   -2.833936e+00 -3.866789e+00 4.021469e+00
      vertex   -2.952199e+00 -3.765544e+00 4.189289e+00
    endloop
  endfacet
  facet normal -2.416837e-01 -8.967583e-01 3.706933e-01
    outer loop
      vertex   -2.952199e+00 -3.765544e+00 4.189289e+00
      vertex   -2.833936e+00 -3.866789e+00 4.021469e+00
      vertex   -2.642214e+00 -3.765544e+00 4.391393e+00
    endloop
  endfacet
  facet normal -3.035628e-01 -8.313022e-01 4.656031e-01
    outer loop
      vertex   -2.952199e+00 -3.765544e+00 4.189289e+00
      vertex   -2.642214e+00 -3.765544e+00 4.391393e+00
      vertex   -2.740340e+00 -3.638368e+00 4.554481e+00
    endloop
  endfacet
  facet normal -2.691746e-01 -8.313022e-01 4.862938e-01
    outer loop
      vertex   -2.740340e+00 -3.638368e+00 4.554481e+00
      vertex   -2.642214e+00 -3.765544e+00 4.391393e+00
      vertex   -2.404556e+00 -3.638368e+00 4.740345e+00
    endloop
  endfacet
  facet normal -3.194278e-01 -7.516266e-01 5.770817e-01
    outer loop
      vertex   -2.740340e+00 -3.638368e+00 4.554481e+00
      vertex   -2.404556e+00 -3.638368e+00 4.740345e+00
      vertex   -2.482412e+00 -3.487437e+00 4.893832e+00
    endloop
  endfacet
  facet normal -2.769542e-01 -7.516266e-01 5.986266e-01
    outer loop
      vertex   -2.482412e+00 -3.487437e+00 4.893832e+00
      vertex   -2.404556e+00 -3.638368e+00 4.740345e+00
      vertex   -2.122813e+00 -3.487437e+00 5.060200e+00
    endloop
  endfacet
  facet normal -3.157788e-01 -6.591027e-01 6.825447e-01
    outer loop
      vertex   -2.482412e+00 -3.487437e+00 4.893832e+00
      vertex   -2.122813e+00 -3.487437e+00 5.060200e+00
      vertex   -2.181201e+00 -3.315333e+00 5.199381e+00
    endloop
  endfacet
  facet normal -2.657048e-01 -6.591027e-01 7.035514e-01
    outer loop
      vertex   -2.181201e+00 -3.315333e+00 5.199381e+00
      vertex   -2.122813e+00 -3.487437e+00 5.060200e+00
      vertex   -1.800340e+00 -3.315333e+00 5.343218e+00
    endloop
  endfacet
  facet normal -2.938223e-01 -5.553198e-01 7.780028e-01
    outer loop
      vertex   -2.181201e+00 -3.315333e+00 5.199381e+00
      vertex   -1.800340e+00 -3.315333e+00 5.343218e+00
      vertex   -1.840947e+00 -3.125000e+00 5.463736e+00
    endloop
  endfacet
  facet normal -2.369174e-01 -5.553198e-01 7.971763e-01
    outer loop
      vertex   -1.840947e+00 -3.125000e+00 5.463736e+00
      vertex   -1.800340e+00 -3.315333e+00 5.343218e+00
      vertex   -1.441897e+00 -3.125000e+00 5.582332e+00
    endloop
  endfacet
  facet normal -2.555344e-01 -4.420567e-01 8.598186e-01
    outer loop
      vertex   -1.840947e+00 -3.125000e+00 5.463736e+00
      vertex   -1.441897e+00 -3.125000e+00 5.582332e+00
      vertex   -1.467217e+00 -2.919696e+00 5.680360e+00
    endloop
  endfacet
  facet normal -1.928257e-01 -4.420567e-01 8.760160e-01
    outer loop
      vertex   -1.467217e+00 -2.919696e+00 5.680360e+00
      vertex   -1.441897e+00 -3.125000e+00 5.582332e+00
      vertex   -1.053511e+00 -2.919696e+00 5.771424e+00
    endloop
  endfacet
  facet normal -2.035757e-01 -3.212515e-01 9.248537e-01
    outer loop
      vertex   -1.467217e+00 -2.919696e+00 5.680360e+00
      vertex   -1.053511e+00 -2.919696e+00 5.771424e+00
      vertex   -1.066724e+00 -2.702933e+00 5.843809e+00
    endloop
  endfacet
  facet normal -1.363097e-01 -3.212515e-01 9.371324e-01
    outer loop
      vertex   -1.066724e+00 -2.702933e+00 5.843809e+00
      vertex   -1.053511e+00 -2.919696e+00 5.771424e+00
      vertex   -6.422670e-01 -2.702933e+00 5.905547e+00
    endloop
  endfacet
  facet normal -1.411771e-01 -1.949680e-01 9.705960e-01
    outer loop
      vertex   -1.066724e+00 -2.702933e+00 5.843809e+00
      vertex   -6.422670e-01 -2.702933e+00 5.905547e+00
      vertex   -6.470954e-01 -2.478421e+00 5.949944e+00
    endloop
  endfacet
  facet normal -7.077302e-02 -1.949680e-01 9.782529e-01
    outer loop
      vertex   -6.470954e-01 -2.478421e+00 5.949944e+00
      vertex   -6.422670e-01 -2.702933e+00 5.905547e+00
      vertex   -2.160740e-01 -2.478421e+00 5.981127e+00
    endloop
  endfacet
  facet normal -4.509057e-02 -9.979200e-01 4.607141e-02
    outer loop
      vertex   -3.100620e+00 -4.000000e+00 2.906658e+00
      vertex   -2.839271e+00 -4.000000e+00 3.162442e+00
      vertex   -3.079808e+00 -3.985029e+00 3.251313e+00
    endloop
  endfacet
  facet normal -4.375518e-02 -9.978069e-01 4.966666e-02
    outer loop
      vertex   -3.079808e+00 -3.985029e+00 3.251313e+00
      vertex   -2.839271e+00 -4.000000e+00 3.162442e+00
      vertex   -2.837172e+00 -3.985029e+00 3.465070e+00
    endloop
  endfacet
  facet normal -1.290436e-01 -9.807609e-01 1.464778e-01
    outer loop
      vertex   -3.079808e+00 -3.985029e+00 3.251313e+00
      vertex   -2.837172e+00 -3.985029e+00 3.465070e+00
      vertex   -2.979405e+00 -3.940370e+00 3.638781e+00
    endloop
  endfacet
  facet normal -1.181377e-01 -9.807609e-01 1.554075e-01
    outer loop
      vertex   -2.979405e+00 -3.940370e+00 3.638781e+00
      vertex   -2.837172e+00 -3.985029e+00 3.465070e+00
      vertex   -2.709072e+00 -3.940370e+00 3.844283e+00
    endloop
  endfacet
  facet normal -1.946406e-01 -9.468663e-01 2.560454e-01
    outer loop
      vertex   -2.979405e+00 -3.940370e+00 3.638781e+00
      vertex   -2.709072e+00 -3.940370e+00 3.844283e+00
      vertex   -2.833936e+00 -3.866789e+00 4.021469e+00
    endloop
  endfacet
  facet normal -1.756576e-01 -9.468663e-01 2.694228e-01
    outer loop
      vertex   -2.833936e+00 -3.866789e+00 4.021469e+00
      vertex   -2.709072e+00 -3.940370e+00 3.844283e+00
      vertex   -2.536368e+00 -3.866789e+00 4.215477e+00
    endloop
  endfacet
  facet normal -2.416837e-01 -8.967583e-01 3.706933e-01
    outer loop
      vertex   -2.833936e+00 -3.866789e+00 4.021469e+00
      vertex   -2.536368e+00 -3.866789e+00 4.215477e+00
      vertex   -2.642214e+00 -3.765544e+00 4.391393e+00
    endloop
  endfacet
  facet normal -2.143053e-01 -8.967583e-01 3.871664e-01
    outer loop
      vertex   -2.642214e+00 -3.765544e+00 4.391393e+00
      vertex   -2.536368e+00 -3.866789e+00 4.215477e+00
      vertex   -2.318453e+00 -3.765544e+00 4.570602e+00
    endloop
  endfacet
  facet normal -2.691746e-01 -8.313022e-01 4.862938e-01
    outer loop
      vertex   -2.642214e+00 -3.765544e+00 4.391393e+00
      vertex   -2.318453e+00 -3.765544e+00 4.570602e+00
      vertex   -2.404556e+00 -3.638368e+00 4.740345e+00
    endloop
  endfacet
  facet normal -2.333831e-01 -8.313022e-01 5.044492e-01
    outer loop
      vertex   -2.404556e+00 -3.638368e+00 4.740345e+00
      vertex   -2.318453e+00 -3.765544e+00 4.570602e+00
      vertex   -2.056235e+00 -3.638368e+00 4.901495e+00
    endloop
  endfacet
  facet normal -2.769542e-01 -7.516266e-01 5.986266e-01
    outer loop
      vertex   -2.404556e+00 -3.638368e+00 4.740345e+00
      vertex   -2.056235e+00 -3.638368e+00 4.901495e+00
      vertex   -2.122813e+00 -3.487437e+00 5.060200e+00
    endloop
  endfacet
  facet normal -2.330367e-01 -7.516266e-01 6.170505e-01
    outer loop
      vertex   -2.122813e+00 -3.487437e+00 5.060200e+00
      vertex   -2.056235e+00 -3.638368e+00 4.901495e+00
      vertex   -1.752147e+00 -3.487437e+00 5.200187e+00
    endloop
  endfacet
  facet normal -2.657048e-01 -6.591027e-01 7.035514e-01
    outer loop
      vertex   -2.122813e+00 -3.487437e+00 5.060200e+00
      vertex   -1.752147e+00 -3.487437e+00 5.200187e+00
      vertex   -1.800340e+00 -3.315333e+00 5.343218e+00
    endloop
  endfacet
  facet normal -2.142454e-01 -6.591027e-01 7.208900e-01
    outer loop
      vertex   -1.800340e+00 -3.315333e+00 5.343218e+00
      vertex   -1.752147e+00 -3.487437e+00 5.200187e+00
      vertex   -1.410092e+00 -3.315333e+00 5.459198e+00
    endloop
  endfacet
  facet normal -2.369174e-01 -5.553198e-01 7.971763e-01
    outer loop
      vertex   -1.800340e+00 -3.315333e+00 5.343218e+00
      vertex   -1.410092e+00 -3.315333e+00 5.459198e+00
      vertex   -1.441897e+00 -3.125000e+00 5.582332e+00
    endloop
  endfacet
  facet normal -1.787774e-01 -5.553198e-01 8.121937e-01
    outer loop
      vertex   -1.441897e+00 -3.125000e+00 5.582332e+00
      vertex   -1.410092e+00 -3.315333e+00 5.459198e+00
      vertex   -1.035330e+00 -3.125000e+00 5.671825e+00
    endloop
  endfacet
  facet normal -1.928257e-01 -4.420567e-01 8.760160e-01
    outer loop
      vertex   -1.441897e+00 -3.125000e+00 5.582332e+00
      vertex   -1.035330e+00 -3.125000e+00 5.671825e+00
      vertex   -1.053511e+00 -2.919696e+00 5.771424e+00
    endloop
  endfacet
  facet normal -1.291117e-01 -4.420567e-01 8.876463e-01
    outer loop
      vertex   -1.053511e+00 -2.919696e+00 5.771424e+00
      vertex   -1.035330e+00 -3.125000e+00 5.671825e+00
      vertex   -6.343115e-01 -2.919696e+00 5.832398e+00
    endloop
  endfacet
  facet normal -1.363097e-01 -3.212515e-01 9.371324e-01
    outer loop
      vertex   -1.053511e+00 -2.919696e+00 5.771424e+00
      vertex   -6.343115e-01 -2.919696e+00 5.832398e+00
      vertex   -6.422670e-01 -2.702933e+00 5.905547e+00
    endloop
  endfacet
  facet normal -6.833295e-02 -3.212515e-01 9.445253e-01
    outer loop
      vertex   -6.422670e-01 -2.702933e+00 5.905547e+00
      vertex   -6.343115e-01 -2.919696e+00 5.832398e+00
      vertex   -2.144617e-01 -2.702933e+00 5.936498e+00
    endloop
  endfacet
  facet normal -7.077302e-02 -1.949680e-01 9.782529e-01
    outer loop
      vertex   -6.422670e-01 -2.702933e+00 5.905547e+00
      vertex   -2.144617e-01 -2.702933e+00 5.936498e+00
      vertex   -2.160740e-01 -2.478421e+00 5.981127e+00
    endloop
  endfacet
  facet normal 0.000000e+00 -1.949680e-01 9.808096e-01
    outer loop
      vertex   -2.160740e-01 -2.478421e+00 5.981127e+00
      vertex   -2.144617e-01 -2.702933e+00 5.936498e+00
      vertex   2.160740e-01 -2.478421e+00 5.981127e+00
    endloop
  endfacet
  facet normal -4.086078e-02 -9.979304e-01 4.965268e-02
    outer loop
      vertex   -2.839271e+00 -4.000000e+00 3.162442e+00
      vertex   -2.556902e+00 -4.000000e+00 3.394812e+00
      vertex   -2.837172e+00 -3.985029e+00 3.465070e+00
    endloop
  endfacet
  facet normal -4.008303e-02 -9.978041e-01 5.272833e-02
    outer loop
      vertex   -2.837172e+00 -3.985029e+00 3.465070e+00
      vertex   -2.556902e+00 -4.000000e+00 3.394812e+00
      vertex   -2.579744e+00 -3.985029e+00 3.660761e+00
    endloop
  endfacet
  facet normal -1.181377e-01 -9.807609e-01 1.554075e-01
    outer loop
      vertex   -2.837172e+00 -3.985029e+00 3.465070e+00
      vertex   -2.579744e+00 -3.985029e+00 3.660761e+00
      vertex   -2.709072e+00 -3.940370e+00 3.844283e+00
    endloop
  endfacet
  facet normal -1.066159e-01 -9.807609e-01 1.635269e-01
    outer loop
      vertex   -2.709072e+00 -3.940370e+00 3.844283e+00
      vertex   -2.579744e+00 -3.985029e+00 3.660761e+00
      vertex   -2.424615e+00 -3.940370e+00 4.029742e+00
    endloop
  endfacet
  facet normal -1.756576e-01 -9.468663e-01 2.694228e-01
    outer loop
      vertex   -2.709072e+00 -3.940370e+00 3.844283e+00
      vertex   -2.424615e+00 -3.940370e+00 4.029742e+00
      vertex   -2.536368e+00 -3.866789e+00 4.215477e+00
    endloop
  endfacet
  facet normal -1.557588e-01 -9.468663e-01 2.813955e-01
    outer loop
      vertex   -2.536368e+00 -3.866789e+00 4.215477e+00
      vertex   -2.424615e+00 -3.940370e+00 4.029742e+00
      vertex   -2.225577e+00 -3.866789e+00 4.387507e+00
    endloop
  endfacet
  facet normal -2.143053e-01 -8.967583e-01 3.871664e-01
    outer loop
      vertex   -2.536368e+00 -3.866789e+00 4.215477e+00
      vertex   -2.225577e+00 -3.866789e+00 4.387507e+00
      vertex   -2.318453e+00 -3.765544e+00 4.570602e+00
    endloop
  endfacet
  facet normal -1.858096e-01 -8.967583e-01 4.016209e-01
    outer loop
      vertex   -2.318453e+00 -3.765544e+00 4.570602e+00
      vertex   -2.225577e+00 -3.866789e+00 4.387507e+00
      vertex   -1.982605e+00 -3.765544e+00 4.725982e+00
    endloop
  endfacet
  facet normal -2.333831e-01 -8.313022e-01 5.044492e-01
    outer loop
      vertex   -2.318453e+00 -3.765544e+00 4.570602e+00
      vertex   -1.982605e+00 -3.765544e+00 4.725982e+00
      vertex   -2.056235e+00 -3.638368e+00 4.901495e+00
    endloop
  endfacet
  facet normal -1.963748e-01 -8.313022e-01 5.199746e-01
    outer loop
      vertex   -2.056235e+00 -3.638368e+00 4.901495e+00
      vertex   -1.982605e+00 -3.765544e+00 4.725982e+00
      vertex   -1.697194e+00 -3.638368e+00 5.037092e+00
    endloop
  endfacet
  facet normal -2.330367e-01 -7.516266e-01 6.170505e-01
    outer loop
      vertex   -2.056235e+00 -3.638368e+00 4.901495e+00
      vertex   -1.697194e+00 -3.638368e+00 5.037092e+00
      vertex   -1.752147e+00 -3.487437e+00 5.200187e+00
    endloop
  endfacet
  facet normal -1.879042e-01 -7.516266e-01 6.322574e-01
    outer loop
      vertex   -1.752147e+00 -3.487437e+00 5.200187e+00
      vertex   -1.697194e+00 -3.638368e+00 5.037092e+00
      vertex   -1.372346e+00 -3.487437e+00 5.313062e+00
    endloop
  endfacet
  facet normal -2.142454e-01 -6.591027e-01 7.208900e-01
    outer loop
      vertex   -1.752147e+00 -3.487437e+00 5.200187e+00
      vertex   -1.372346e+00 -3.487437e+00 5.313062e+00
      vertex   -1.410092e+00 -3.315333e+00 5.459198e+00
    endloop
  endfacet
  facet normal -1.616691e-01 -6.591027e-01 7.344703e-01
    outer loop
      vertex   -1.410092e+00 -3.315333e+00 5.459198e+00
      vertex   -1.372346e+00 -3.487437e+00 5.313062e+00
      vertex   -1.012493e+00 -3.315333e+00 5.546716e+00
    endloop
  endfacet
  facet normal -1.787774e-01 -5.553198e-01 8.121937e-01
    outer loop
      vertex   -1.410092e+00 -3.315333e+00 5.459198e+00
      vertex   -1.012493e+00 -3.315333e+00 5.546716e+00
      vertex   -1.035330e+00 -3.125000e+00 5.671825e+00
    endloop
  endfacet
  facet normal -1.197052e-01 -5.553198e-01 8.229767e-01
    outer loop
      vertex   -1.035330e+00 -3.125000e+00 5.671825e+00
      vertex   -1.012493e+00 -3.315333e+00 5.546716e+00
      vertex   -6.233650e-01 -3.125000e+00 5.731747e+00
    endloop
  endfacet
  facet normal -1.291117e-01 -4.420567e-01 8.876463e-01
    outer loop
      vertex   -1.035330e+00 -3.125000e+00 5.671825e+00
      vertex   -6.233650e-01 -3.125000e+00 5.731747e+00
      vertex   -6.343115e-01 -2.919696e+00 5.832398e+00
    endloop
  endfacet
  facet normal -6.472458e-02 -4.420567e-01 8.946489e-01
    outer loop
      vertex   -6.343115e-01 -2.919696e+00 5.832398e+00
      vertex   -6.233650e-01 -3.125000e+00 5.731747e+00
      vertex   -2.118052e-01 -2.919696e+00 5.862965e+00
    endloop
  endfacet
  facet normal -6.833295e-02 -3.212515e-01 9.445253e-01
    outer loop
      vertex   -6.343115e-01 -2.919696e+00 5.832398e+00
      vertex   -2.118052e-01 -2.919696e+00 5.862965e+00
      vertex   -2.144617e-01 -2.702933e+00 5.936498e+00
    endloop
  endfacet
  facet normal 0.000000e+00 -3.212515e-01 9.469939e-01
    outer loop
      vertex   -2.144617e-01 -2.702933e+00 5.936498e+00
      vertex   -2.118052e-01 -2.919696e+00 5.862965e+00
      vertex   2.144617e-01 -2.702933e+00 5.936498e+00
    endloop
  endfacet
  facet normal 0.000000e+00 -1.949680e-01 9.808096e-01
    outer loop
      vertex   -2.144617e-01 -2.702933e+00 5.936498e+00
      vertex   2.144617e-01 -2.702933e+00 5.936498e+00
      vertex   2.160740e-01 -2.478421e+00 5.981127e+00
    endloop
  endfacet
  facet normal 7.077302e-02 -1.949680e-01 9.782529e-01
    outer loop
      vertex   2.160740e-01 -2.478421e+00 5.981127e+00
      vertex   2.144617e-01 -2.702933e+00 5.936498e+00
      vertex   6.470954e-01 -2.478421e+00 5.949944e+00
    endloop
  endfacet
  facet normal -3.648432e-02 -9.979254e-01 5.304425e-02
    outer loop
      vertex   -2.556902e+00 -4.000000e+00 3.394812e+00
      vertex   -2.255603e+00 -4.000000e+00 3.602049e+00
      vertex   -2.579744e+00 -3.985029e+00 3.660761e+00
    endloop
  endfacet
  facet normal -3.606717e-02 -9.978171e-01 5.531964e-02
    outer loop
      vertex   -2.579744e+00 -3.985029e+00 3.660761e+00
      vertex   -2.255603e+00 -4.000000e+00 3.602049e+00
      vertex   -2.308867e+00 -3.985029e+00 3.837367e+00
    endloop
  endfacet
  facet normal -1.066159e-01 -9.807609e-01 1.635269e-01
    outer loop
      vertex   -2.579744e+00 -3.985029e+00 3.660761e+00
      vertex   -2.308867e+00 -3.985029e+00 3.837367e+00
      vertex   -2.424615e+00 -3.940370e+00 4.029742e+00
    endloop
  endfacet
  facet normal -9.453824e-02 -9.807609e-01 1.707938e-01
    outer loop
      vertex   -2.424615e+00 -3.940370e+00 4.029742e+00
      vertex   -2.308867e+00 -3.985029e+00 3.837367e+00
      vertex   -2.127518e+00 -3.940370e+00 4.194192e+00
    endloop
  endfacet
  facet normal -1.557588e-01 -9.468663e-01 2.813955e-01
    outer loop
      vertex   -2.424615e+00 -3.940370e+00 4.029742e+00
      vertex   -2.127518e+00 -3.940370e+00 4.194192e+00
      vertex   -2.225577e+00 -3.866789e+00 4.387507e+00
    endloop
  endfacet
  facet normal -1.350479e-01 -9.468663e-01 2.919012e-01
    outer loop
      vertex   -2.225577e+00 -3.866789e+00 4.387507e+00
      vertex   -2.127518e+00 -3.940370e+00 4.194192e+00
      vertex   -1.903183e+00 -3.866789e+00 4.536662e+00
    endloop
  endfacet
  facet normal -1.858096e-01 -8.967583e-01 4.016209e-01
    outer loop
      vertex   -2.225577e+00 -3.866789e+00 4.387507e+00
      vertex   -1.903183e+00 -3.866789e+00 4.536662e+00
      vertex   -1.982605e+00 -3.765544e+00 4.725982e+00
    endloop
  endfacet
  facet normal -1.563452e-01 -8.967583e-01 4.139816e-01
    outer loop
      vertex   -1.982605e+00 -3.765544e+00 4.725982e+00
      vertex   -1.903183e+00 -3.866789e+00 4.536662e+00
      vertex   -1.636420e+00 -3.765544e+00 4.856723e+00
    endloop
  endfacet
  facet normal -1.963748e-01 -8.313022e-01 5.199746e-01
    outer loop
      vertex   -1.982605e+00 -3.765544e+00 4.725982e+00
      vertex   -1.636420e+00 -3.765544e+00 4.856723e+00
      vertex   -1.697194e+00 -3.638368e+00 5.037092e+00
    endloop
  endfacet
  facet normal -1.583427e-01 -8.313022e-01 5.327891e-01
    outer loop
      vertex   -1.697194e+00 -3.638368e+00 5.037092e+00
      vertex   -1.636420e+00 -3.765544e+00 4.856723e+00
      vertex   -1.329304e+00 -3.638368e+00 5.146427e+00
    endloop
  endfacet
  facet normal -1.879042e-01 -7.516266e-01 6.322574e-01
    outer loop
      vertex   -1.697194e+00 -3.638368e+00 5.037092e+00
      vertex   -1.329304e+00 -3.638368e+00 5.146427e+00
      vertex   -1.372346e+00 -3.487437e+00 5.313062e+00
    endloop
  endfacet
  facet normal -1.417921e-01 -7.516266e-01 6.441680e-01
    outer loop
      vertex   -1.372346e+00 -3.487437e+00 5.313062e+00
      vertex   -1.329304e+00 -3.638368e+00 5.146427e+00
      vertex   -9.853897e-01 -3.487437e+00 5.398238e+00
    endloop
  endfacet
  facet normal -1.616691e-01 -6.591027e-01 7.344703e-01
    outer loop
      vertex   -1.372346e+00 -3.487437e+00 5.313062e+00
      vertex   -9.853897e-01 -3.487437e+00 5.398238e+00
      vertex   -1.012493e+00 -3.315333e+00 5.546716e+00
    endloop
  endfacet
  facet normal -1.082500e-01 -6.591027e-01 7.442214e-01
    outer loop
      vertex   -1.012493e+00 -3.315333e+00 5.546716e+00
      vertex   -9.853897e-01 -3.487437e+00 5.398238e+00
      vertex   -6.096149e-01 -3.315333e+00 5.605316e+00
    endloop
  endfacet
  facet normal -1.197052e-01 -5.553198e-01 8.229767e-01
    outer loop
      vertex   -1.012493e+00 -3.315333e+00 5.546716e+00
      vertex   -6.096149e-01 -3.315333e+00 5.605316e+00
      vertex   -6.233650e-01 -3.125000e+00 5.731747e+00
    endloop
  endfacet
  facet normal -6.000905e-02 -5.553198e-01 8.294690e-01
    outer loop
      vertex   -6.233650e-01 -3.125000e+00 5.731747e+00
      vertex   -6.096149e-01 -3.315333e+00 5.605316e+00
      vertex   -2.081501e-01 -3.125000e+00 5.761786e+00
    endloop
  endfacet
  facet normal -6.472458e-02 -4.420567e-01 8.946489e-01
    outer loop
      vertex   -6.233650e-01 -3.125000e+00 5.731747e+00
      vertex   -2.081501e-01 -3.125000e+00 5.761786e+00
      vertex   -2.118052e-01 -2.919696e+00 5.862965e+00
    endloop
  endfacet
  facet normal 0.000000e+00 -4.420567e-01 8.969871e-01
    outer loop
      vertex   -2.118052e-01 -2.919696e+00 5.862965e+00
      vertex   -2.081501e-01 -3.125000e+00 5.761786e+00
      vertex   2.118052e-01 -2.919696e+00 5.862965e+00
    endloop
  endfacet
  facet normal 0.000000e+00 -3.212515e-01 9.469939e-01
    outer loop
      vertex   -2.118052e-01 -2.919696e+00 5.862965e+00
      vertex   2.118052e-01 -2.919696e+00 5.862965e+00
      vertex   2.144617e-01 -2.702933e+00 5.936498e+00
    endloop
  endfacet
  facet normal 6.833295e-02 -3.212515e-01 9.445253e-01
    outer loop
      vertex   2.144617e-01 -2.702933e+00 5.936498e+00
      vertex   2.118052e-01 -2.919696e+00 5.862965e+00
      vertex   6.422670e-01 -2.702933e+00 5.905547e+00
    endloop
  endfacet
  facet normal 7.077302e-02 -1.949680e-01 9.782529e-01
    outer loop
      vertex   2.144617e-01 -2.702933e+00 5.936498e+00
      vertex   6.422670e-01 -2.702933e+00 5.905547e+00
      vertex   6.470954e-01 -2.478421e+00 5.949944e+00
    endloop
  endfacet
  facet normal 1.411771e-01 -1.949680e-01 9.705960e-01
    outer loop
      vertex   6.470954e-01 -2.478421e+00 5.949944e+00
      vertex   6.422670e-01 -2.702933e+00 5.905547e+00
      vertex   1.074743e+00 -2.478421e+00 5.887741e+00
    endloop
  endfacet
  facet normal -3.194494e-02 -9.979051e-01 5.625831e-02
    outer loop
      vertex   -2.255603e+00 -4.000000e+00 3.602049e+00
      vertex   -1.937603e+00 -4.000000e+00 3.782617e+00
      vertex   -2.308867e+00 -3.985029e+00 3.837367e+00
    endloop
  endfacet
  facet normal -3.177375e-02 -9.978454e-01 5.740281e-02
    outer loop
      vertex   -2.308867e+00 -3.985029e+00 3.837367e+00
      vertex   -1.937603e+00 -4.000000e+00 3.782617e+00
      vertex   -2.025953e+00 -3.985029e+00 3.993967e+00
    endloop
  endfacet
  facet normal -9.453824e-02 -9.807609e-01 1.707938e-01
    outer loop
      vertex   -2.308867e+00 -3.985029e+00 3.837367e+00
      vertex   -2.025953e+00 -3.985029e+00 3.993967e+00
      vertex   -2.127518e+00 -3.940370e+00 4.194192e+00
    endloop
  endfacet
  facet normal -8.196770e-02 -9.807609e-01 1.771703e-01
    outer loop
      vertex   -2.127518e+00 -3.940370e+00 4.194192e+00
      vertex   -2.025953e+00 -3.985029e+00 3.993967e+00
      vertex   -1.819328e+00 -3.940370e+00 4.336776e+00
    endloop
  endfacet
  facet normal -1.350479e-01 -9.468663e-01 2.919012e-01
    outer loop
      vertex   -2.127518e+00 -3.940370e+00 4.194192e+00
      vertex   -1.819328e+00 -3.940370e+00 4.336776e+00
      vertex   -1.903183e+00 -3.866789e+00 4.536662e+00
    endloop
  endfacet
  facet normal -1.136329e-01 -9.468663e-01 3.008850e-01
    outer loop
      vertex   -1.903183e+00 -3.866789e+00 4.536662e+00
      vertex   -1.819328e+00 -3.940370e+00 4.336776e+00
      vertex   -1.570866e+00 -3.866789e+00 4.662166e+00
    endloop
  endfacet
  facet normal -1.563452e-01 -8.967583e-01 4.139816e-01
    outer loop
      vertex   -1.903183e+00 -3.866789e+00 4.536662e+00
      vertex   -1.570866e+00 -3.866789e+00 4.662166e+00
      vertex   -1.636420e+00 -3.765544e+00 4.856723e+00
    endloop
  endfacet
  facet normal -1.260657e-01 -8.967583e-01 4.241840e-01
    outer loop
      vertex   -1.636420e+00 -3.765544e+00 4.856723e+00
      vertex   -1.570866e+00 -3.866789e+00 4.662166e+00
      vertex   -1.281704e+00 -3.765544e+00 4.962143e+00
    endloop
  endfacet
  facet normal -1.583427e-01 -8.313022e-01 5.327891e-01
    outer loop
      vertex   -1.636420e+00 -3.765544e+00 4.856723e+00
      vertex   -1.281704e+00 -3.765544e+00 4.962143e+00
      vertex   -1.329304e+00 -3.638368e+00 5.146427e+00
    endloop
  endfacet
  facet normal -1.194850e-01 -8.313022e-01 5.428259e-01
    outer loop
      vertex   -1.329304e+00 -3.638368e+00 5.146427e+00
      vertex   -1.281704e+00 -3.765544e+00 4.962143e+00
      vertex   -9.544846e-01 -3.638368e+00 5.228931e+00
    endloop
  endfacet
  facet normal -1.417921e-01 -7.516266e-01 6.441680e-01
    outer loop
      vertex   -1.329304e+00 -3.638368e+00 5.146427e+00
      vertex   -9.544846e-01 -3.638368e+00 5.228931e+00
      vertex   -9.853897e-01 -3.487437e+00 5.398238e+00
    endloop
  endfacet
  facet normal -9.494077e-02 -7.516266e-01 6.527202e-01
    outer loop
      vertex   -9.853897e-01 -3.487437e+00 5.398238e+00
      vertex   -9.544846e-01 -3.638368e+00 5.228931e+00
      vertex   -5.932963e-01 -3.487437e+00 5.455269e+00
    endloop
  endfacet
  facet normal -1.082500e-01 -6.591027e-01 7.442214e-01
    outer loop
      vertex   -9.853897e-01 -3.487437e+00 5.398238e+00
      vertex   -5.932963e-01 -3.487437e+00 5.455269e+00
      vertex   -6.096149e-01 -3.315333e+00 5.605316e+00
    endloop
  endfacet
  facet normal -5.426645e-02 -6.591027e-01 7.500925e-01
    outer loop
      vertex   -6.096149e-01 -3.315333e+00 5.605316e+00
      vertex   -5.932963e-01 -3.487437e+00 5.455269e+00
      vertex   -2.035587e-01 -3.315333e+00 5.634693e+00
    endloop
  endfacet
  facet normal -6.000905e-02 -5.553198e-01 8.294690e-01
    outer loop
      vertex   -6.096149e-01 -3.315333e+00 5.605316e+00
      vertex   -2.035587e-01 -3.315333e+00 5.634693e+00
      vertex   -2.081501e-01 -3.125000e+00 5.761786e+00
    endloop
  endfacet
  facet normal 0.000000e+00 -5.553198e-01 8.316369e-01
    outer loop
      vertex   -2.081501e-01 -3.125000e+00 5.761786e+00
      vertex   -2.035587e-01 -3.315333e+00 5.634693e+00
      vertex   2.081501e-01 -3.125000e+00 5.761786e+00
    endloop
  endfacet
  facet normal 0.000000e+00 -4.420567e-01 8.969871e-01
    outer loop
      vertex   -2.081501e-01 -3.125000e+00 5.761786e+00
      vertex   2.081501e-01 -3.125000e+00 5.761786e+00
      vertex   2.118052e-01 -2.919696e+00 5.862965e+00
    endloop
  endfacet
  facet normal 6.472458e-02 -4.420567e-01 8.946489e-01
    outer loop
      vertex   2.118052e-01 -2.919696e+00 5.862965e+00
      vertex   2.081501e-01 -3.125000e+00 5.761786e+00
      vertex   6.343115e-01 -2.919696e+00 5.832398e+00
    endloop
  endfacet
  facet normal 6.833295e-02 -3.212515e-01 9.445253e-01
    outer loop
      vertex   2.118052e-01 -2.919696e+00 5.862965e+00
      vertex   6.343115e-01 -2.919696e+00 5.832398e+00
      vertex   6.422670e-01 -2.702933e+00 5.905547e+00
    endloop
  endfacet
  facet normal 1.363097e-01 -3.212515e-01 9.371324e-01
    outer loop
      vertex   6.422670e-01 -2.702933e+00 5.905547e+00
      vertex   6.343115e-01 -2.919696e+00 5.832398e+00
      vertex   1.066724e+00 -2.702933e+00 5.843809e+00
    endloop
  endfacet
  facet normal 1.411771e-01 -1.949680e-01 9.705960e-01
    outer loop
      vertex   6.422670e-01 -2.702933e+00 5.905547e+00
      vertex   1.066724e+00 -2.702933e+00 5.843809e+00
      vertex   1.074743e+00 -2.478421e+00 5.887741e+00
    endloop
  endfacet
  facet normal 2.108451e-01 -1.949680e-01 9.578788e-01
    outer loop
      vertex   1.074743e+00 -2.478421e+00 5.887741e+00
      vertex   1.066724e+00 -2.702933e+00 5.843809e+00
      vertex   1.496788e+00 -2.478421e+00 5.794842e+00
    endloop
  endfacet
  facet normal -2.740334e-02 -9.978681e-01 5.923136e-02
    outer loop
      vertex   -2.025953e+00 -3.985029e+00 3.993967e+00
      vertex   -1.937603e+00 -4.000000e+00 3.782617e+00
      vertex   -1.732476e+00 -3.985029e+00 4.129743e+00
    endloop
  endfacet
  facet normal -2.711137e-02 -9.978862e-01 5.905960e-02
    outer loop
      vertex   -1.732476e+00 -3.985029e+00 4.129743e+00
      vertex   -1.937603e+00 -4.000000e+00 3.782617e+00
      vertex   -1.605259e+00 -4.000000e+00 3.935180e+00
    endloop
  endfacet
  facet normal -2.325522e-02 -9.978314e-01 6.157676e-02
    outer loop
      vertex   -1.732476e+00 -3.985029e+00 4.129743e+00
      vertex   -1.605259e+00 -4.000000e+00 3.935180e+00
      vertex   -1.429967e+00 -3.985029e+00 4.243990e+00
    endloop
  endfacet
  facet normal -2.178056e-02 -9.979157e-01 6.074378e-02
    outer loop
      vertex   -1.429967e+00 -3.985029e+00 4.243990e+00
      vertex   -1.605259e+00 -4.000000e+00 3.935180e+00
      vertex   -1.261029e+00 -4.000000e+00 4.058609e+00
    endloop
  endfacet
  facet normal -1.884523e-02 -9.978096e-01 6.341017e-02
    outer loop
      vertex   -1.429967e+00 -3.985029e+00 4.243990e+00
      vertex   -1.261029e+00 -4.000000e+00 4.058609e+00
      vertex   -1.120002e+00 -3.985029e+00 4.336110e+00
    endloop
  endfacet
  facet normal -1.642392e-02 -9.979294e-01 6.218611e-02
    outer loop
      vertex   -1.120002e+00 -3.985029e+00 4.336110e+00
      vertex   -1.261029e+00 -4.000000e+00 4.058609e+00
      vertex   -9.074639e-01 -4.000000e+00 4.151989e+00
    endloop
  endfacet
  facet normal -1.424068e-02 -9.978034e-01 6.469606e-02
    outer loop
      vertex   -1.120002e+00 -3.985029e+00 4.336110e+00
      vertex   -9.074639e-01 -4.000000e+00 4.151989e+00
      vertex   -8.041987e-01 -3.985029e+00 4.405623e+00
    endloop
  endfacet
  facet normal -1.102165e-02 -9.979278e-01 6.339280e-02
    outer loop
      vertex   -8.041987e-01 -3.985029e+00 4.405623e+00
      vertex   -9.074639e-01 -4.000000e+00 4.151989e+00
      vertex   -5.471798e-01 -4.000000e+00 4.214629e+00
    endloop
  endfacet
  facet normal -9.514441e-03 -9.978130e-01 6.541203e-02
    outer loop
      vertex   -8.041987e-01 -3.985029e+00 4.405623e+00
      vertex   -5.471798e-01 -4.000000e+00 4.214629e+00
      vertex   -4.842025e-01 -3.985029e+00 4.452168e+00
    endloop
  endfacet
  facet normal -5.553957e-03 -9.979108e-01 6.436818e-02
    outer loop
      vertex   -4.842025e-01 -3.985029e+00 4.452168e+00
      vertex   -5.471798e-01 -4.000000e+00 4.214629e+00
      vertex   -1.828445e-01 -4.000000e+00 4.246065e+00
    endloop
  endfacet
  facet normal -4.742281e-03 -9.978380e-01 6.554970e-02
    outer loop
      vertex   -4.842025e-01 -3.985029e+00 4.452168e+00
      vertex   -1.828445e-01 -4.000000e+00 4.246065e+00
      vertex   -1.616818e-01 -3.985029e+00 4.475501e+00
    endloop
  endfacet
  facet normal 0.000000e+00 -9.978778e-01 6.511488e-02
    outer loop
      vertex   -1.616818e-01 -3.985029e+00 4.475501e+00
      vertex   -1.828445e-01 -4.000000e+00 4.246065e+00
      vertex   1.828445e-01 -4.000000e+00 4.246065e+00
    endloop
  endfacet
  facet normal 0.000000e+00 -9.978778e-01 6.511488e-02
    outer loop
      vertex   -1.616818e-01 -3.985029e+00 4.475501e+00
      vertex   1.828445e-01 -4.000000e+00 4.246065e+00
      vertex   1.616818e-01 -3.985029e+00 4.475501e+00
    endloop
  endfacet
  facet normal 4.742281e-03 -9.978380e-01 6.554970e-02
    outer loop
      vertex   1.616818e-01 -3.985029e+00 4.475501e+00
      vertex   1.828445e-01 -4.000000e+00 4.246065e+00
      vertex   4.842025e-01 -3.985029e+00 4.452168e+00
    endloop
  endfacet
  facet normal 1.408611e-02 -9.807609e-01 1.947039e-01
    outer loop
      vertex   1.616818e-01 -3.985029e+00 4.475501e+00
      vertex   4.842025e-01 -3.985029e+00 4.452168e+00
      vertex   5.084765e-01 -3.940370e+00 4.675365e+00
    endloop
  endfacet
  facet normal 2.809879e-02 -9.807609e-01 1.931799e-01
    outer loop
      vertex   5.084765e-01 -3.940370e+00 4.675365e+00
      vertex   4.842025e-01 -3.985029e+00 4.452168e+00
      vertex   8.445149e-01 -3.940370e+00 4.626486e+00
    endloop
  endfacet
  facet normal 4.629484e-02 -9.468663e-01 3.182782e-01
    outer loop
      vertex   5.084765e-01 -3.940370e+00 4.675365e+00
      vertex   8.445149e-01 -3.940370e+00 4.626486e+00
      vertex   8.834394e-01 -3.866789e+00 4.839726e+00
    endloop
  endfacet
  facet normal 6.914040e-02 -9.468663e-01 3.141080e-01
    outer loop
      vertex   8.834394e-01 -3.866789e+00 4.839726e+00
      vertex   8.445149e-01 -3.940370e+00 4.626486e+00
      vertex   1.230360e+00 -3.866789e+00 4.763363e+00
    endloop
  endfacet
  facet normal 9.512887e-02 -8.967583e-01 4.321748e-01
    outer loop
      vertex   8.834394e-01 -3.866789e+00 4.839726e+00
      vertex   1.230360e+00 -3.866789e+00 4.763363e+00
      vertex   1.281704e+00 -3.765544e+00 4.962143e+00
    endloop
  endfacet
  facet normal 1.260657e-01 -8.967583e-01 4.241840e-01
    outer loop
      vertex   1.281704e+00 -3.765544e+00 4.962143e+00
      vertex   1.230360e+00 -3.866789e+00 4.763363e+00
      vertex   1.636420e+00 -3.765544e+00 4.856723e+00
    endloop
  endfacet
  facet normal 1.583427e-01 -8.313022e-01 5.327891e-01
    outer loop
      vertex   1.281704e+00 -3.765544e+00 4.962143e+00
      vertex   1.636420e+00 -3.765544e+00 4.856723e+00
      vertex   1.697194e+00 -3.638368e+00 5.037092e+00
    endloop
  endfacet
  facet normal 1.963748e-01 -8.313022e-01 5.199746e-01
    outer loop
      vertex   1.697194e+00 -3.638368e+00 5.037092e+00
      vertex   1.636420e+00 -3.765544e+00 4.856723e+00
      vertex   2.056235e+00 -3.638368e+00 4.901495e+00
    endloop
  endfacet
  facet normal 2.330367e-01 -7.516266e-01 6.170505e-01
    outer loop
      vertex   1.697194e+00 -3.638368e+00 5.037092e+00
      vertex   2.056235e+00 -3.638368e+00 4.901495e+00
      vertex   2.122813e+00 -3.487437e+00 5.060200e+00
    endloop
  endfacet
  facet normal 2.769542e-01 -7.516266e-01 5.986266e-01
    outer loop
      vertex   2.122813e+00 -3.487437e+00 5.060200e+00
      vertex   2.056235e+00 -3.638368e+00 4.901495e+00
      vertex   2.482412e+00 -3.487437e+00 4.893832e+00
    endloop
  endfacet
  facet normal 3.157788e-01 -6.591027e-01 6.825447e-01
    outer loop
      vertex   2.122813e+00 -3.487437e+00 5.060200e+00
      vertex   2.482412e+00 -3.487437e+00 4.893832e+00
      vertex   2.550691e+00 -3.315333e+00 5.028436e+00
    endloop
  endfacet
  facet normal 3.642066e-01 -6.591027e-01 6.579796e-01
    outer loop
      vertex   2.550691e+00 -3.315333e+00 5.028436e+00
      vertex   2.482412e+00 -3.487437e+00 4.893832e+00
      vertex   2.906883e+00 -3.315333e+00 4.831276e+00
    endloop
  endfacet
  facet normal 4.027477e-01 -5.553198e-01 7.276086e-01
    outer loop
      vertex   2.550691e+00 -3.315333e+00 5.028436e+00
      vertex   2.906883e+00 -3.315333e+00 4.831276e+00
      vertex   2.972449e+00 -3.125000e+00 4.940248e+00
    endloop
  endfacet
  facet normal 4.542005e-01 -5.553198e-01 6.966505e-01
    outer loop
      vertex   2.972449e+00 -3.125000e+00 4.940248e+00
      vertex   2.906883e+00 -3.315333e+00 4.831276e+00
      vertex   3.321177e+00 -3.125000e+00 4.712885e+00
    endloop
  endfacet
  facet normal 4.898916e-01 -4.420567e-01 7.513934e-01
    outer loop
      vertex   2.972449e+00 -3.125000e+00 4.940248e+00
      vertex   3.321177e+00 -3.125000e+00 4.712885e+00
      vertex   3.379498e+00 -2.919696e+00 4.795645e+00
    endloop
  endfacet
  facet normal 5.428335e-01 -4.420567e-01 7.140852e-01
    outer loop
      vertex   3.379498e+00 -2.919696e+00 4.795645e+00
      vertex   3.321177e+00 -3.125000e+00 4.712885e+00
      vertex   3.716732e+00 -2.919696e+00 4.539286e+00
    endloop
  endfacet
  facet normal 5.730963e-01 -3.212515e-01 7.538953e-01
    outer loop
      vertex   3.379498e+00 -2.919696e+00 4.795645e+00
      vertex   3.716732e+00 -2.919696e+00 4.539286e+00
      vertex   3.763347e+00 -2.702933e+00 4.596218e+00
    endloop
  endfacet
  facet normal 6.260018e-01 -3.212515e-01 7.105767e-01
    outer loop
      vertex   3.763347e+00 -2.702933e+00 4.596218e+00
      vertex   3.716732e+00 -2.919696e+00 4.539286e+00
      vertex   4.085189e+00 -2.702933e+00 4.312682e+00
    endloop
  endfacet
  facet normal 6.483553e-01 -1.949680e-01 7.359503e-01
    outer loop
      vertex   3.763347e+00 -2.702933e+00 4.596218e+00
      vertex   4.085189e+00 -2.702933e+00 4.312682e+00
      vertex   4.115901e+00 -2.478421e+00 4.345104e+00
    endloop
  endfacet
  facet normal 6.997697e-01 -1.949680e-01 6.872480e-01
    outer loop
      vertex   4.115901e+00 -2.478421e+00 4.345104e+00
      vertex   4.085189e+00 -2.702933e+00 4.312682e+00
      vertex   4.418705e+00 -2.478421e+00 4.036783e+00
    endloop
  endfacet
  facet normal 5.553957e-03 -9.979108e-01 6.436818e-02
    outer loop
      vertex   1.828445e-01 -4.000000e+00 4.246065e+00
      vertex   5.471798e-01 -4.000000e+00 4.214629e+00
      vertex   4.842025e-01 -3.985029e+00 4.452168e+00
    endloop
  endfacet
  facet normal 9.514441e-03 -9.978130e-01 6.541203e-02
    outer loop
      vertex   4.842025e-01 -3.985029e+00 4.452168e+00
      vertex   5.471798e-01 -4.000000e+00 4.214629e+00
      vertex   8.041987e-01 -3.985029e+00 4.405623e+00
    endloop
  endfacet
  facet normal 2.809879e-02 -9.807609e-01 1.931799e-01
    outer loop
      vertex   4.842025e-01 -3.985029e+00 4.452168e+00
      vertex   8.041987e-01 -3.985029e+00 4.405623e+00
      vertex   8.445149e-01 -3.940370e+00 4.626486e+00
    endloop
  endfacet
  facet normal 4.196497e-02 -9.807609e-01 1.906488e-01
    outer loop
      vertex   8.445149e-01 -3.940370e+00 4.626486e+00
      vertex   8.041987e-01 -3.985029e+00 4.405623e+00
      vertex   1.176150e+00 -3.940370e+00 4.553488e+00
    endloop
  endfacet
  facet normal 6.914040e-02 -9.468663e-01 3.141080e-01
    outer loop
      vertex   8.445149e-01 -3.940370e+00 4.626486e+00
      vertex   1.176150e+00 -3.940370e+00 4.553488e+00
      vertex   1.230360e+00 -3.866789e+00 4.763363e+00
    endloop
  endfacet
  facet normal 9.162549e-02 -9.468663e-01 3.083002e-01
    outer loop
      vertex   1.230360e+00 -3.866789e+00 4.763363e+00
      vertex   1.176150e+00 -3.940370e+00 4.553488e+00
      vertex   1.570866e+00 -3.866789e+00 4.662166e+00
    endloop
  endfacet
  facet normal 1.260657e-01 -8.967583e-01 4.241840e-01
    outer loop
      vertex   1.230360e+00 -3.866789e+00 4.763363e+00
      vertex   1.570866e+00 -3.866789e+00 4.662166e+00
      vertex   1.636420e+00 -3.765544e+00 4.856723e+00
    endloop
  endfacet
  facet normal 1.563452e-01 -8.967583e-01 4.139816e-01
    outer loop
      vertex   1.636420e+00 -3.765544e+00 4.856723e+00
      vertex   1.570866e+00 -3.866789e+00 4.662166e+00
      vertex   1.982605e+00 -3.765544e+00 4.725982e+00
    endloop
  endfacet
  facet normal 1.963748e-01 -8.313022e-01 5.199746e-01
    outer loop
      vertex   1.636420e+00 -3.765544e+00 4.856723e+00
      vertex   1.982605e+00 -3.765544e+00 4.725982e+00
      vertex   2.056235e+00 -3.638368e+00 4.901495e+00
    endloop
  endfacet
  facet normal 2.333831e-01 -8.313022e-01 5.044492e-01
    outer loop
      vertex   2.056235e+00 -3.638368e+00 4.901495e+00
      vertex   1.982605e+00 -3.765544e+00 4.725982e+00
      vertex   2.404556e+00 -3.638368e+00 4.740345e+00
    endloop
  endfacet
  facet normal 2.769542e-01 -7.516266e-01 5.986266e-01
    outer loop
      vertex   2.056235e+00 -3.638368e+00 4.901495e+00
      vertex   2.404556e+00 -3.638368e+00 4.740345e+00
      vertex   2.482412e+00 -3.487437e+00 4.893832e+00
    endloop
  endfacet
  facet normal 3.194278e-01 -7.516266e-01 5.770817e-01
    outer loop
      vertex   2.482412e+00 -3.487437e+00 4.893832e+00
      vertex   2.404556e+00 -3.638368e+00 4.740345e+00
      vertex   2.829069e+00 -3.487437e+00 4.701950e+00
    endloop
  endfacet
  facet normal 3.642066e-01 -6.591027e-01 6.579796e-01
    outer loop
      vertex   2.482412e+00 -3.487437e+00 4.893832e+00
      vertex   2.829069e+00 -3.487437e+00 4.701950e+00
      vertex   2.906883e+00 -3.315333e+00 4.831276e+00
    endloop
  endfacet
  facet normal 4.107355e-01 -6.591027e-01 6.299841e-01
    outer loop
      vertex   2.906883e+00 -3.315333e+00 4.831276e+00
      vertex   2.829069e+00 -3.487437e+00 4.701950e+00
      vertex   3.247919e+00 -3.315333e+00 4.608928e+00
    endloop
  endfacet
  facet normal 4.542005e-01 -5.553198e-01 6.966505e-01
    outer loop
      vertex   2.906883e+00 -3.315333e+00 4.831276e+00
      vertex   3.247919e+00 -3.315333e+00 4.608928e+00
      vertex   3.321177e+00 -3.125000e+00 4.712885e+00
    endloop
  endfacet
  facet normal 5.032852e-01 -5.553198e-01 6.620604e-01
    outer loop
      vertex   3.321177e+00 -3.125000e+00 4.712885e+00
      vertex   3.247919e+00 -3.315333e+00 4.608928e+00
      vertex   3.652591e+00 -3.125000e+00 4.460951e+00
    endloop
  endfacet
  facet normal 5.428335e-01 -4.420567e-01 7.140852e-01
    outer loop
      vertex   3.321177e+00 -3.125000e+00 4.712885e+00
      vertex   3.652591e+00 -3.125000e+00 4.460951e+00
      vertex   3.716732e+00 -2.919696e+00 4.539286e+00
    endloop
  endfacet
  facet normal 5.929452e-01 -4.420567e-01 6.730541e-01
    outer loop
      vertex   3.716732e+00 -2.919696e+00 4.539286e+00
      vertex   3.652591e+00 -3.125000e+00 4.460951e+00
      vertex   4.034588e+00 -2.919696e+00 4.259262e+00
    endloop
  endfacet
  facet normal 6.260018e-01 -3.212515e-01 7.105767e-01
    outer loop
      vertex   3.716732e+00 -2.919696e+00 4.539286e+00
      vertex   4.034588e+00 -2.919696e+00 4.259262e+00
      vertex   4.085189e+00 -2.702933e+00 4.312682e+00
    endloop
  endfacet
  facet normal 6.756435e-01 -3.212515e-01 6.635535e-01
    outer loop
      vertex   4.085189e+00 -2.702933e+00 4.312682e+00
      vertex   4.034588e+00 -2.919696e+00 4.259262e+00
      vertex   4.385734e+00 -2.702933e+00 4.006662e+00
    endloop
  endfacet
  facet normal 6.997697e-01 -1.949680e-01 6.872480e-01
    outer loop
      vertex   4.085189e+00 -2.702933e+00 4.312682e+00
      vertex   4.385734e+00 -2.702933e+00 4.006662e+00
      vertex   4.418705e+00 -2.478421e+00 4.036783e+00
    endloop
  endfacet
  facet normal 7.475359e-01 -1.949680e-01 6.349627e-01
    outer loop
      vertex   4.418705e+00 -2.478421e+00 4.036783e+00
      vertex   4.385734e+00 -2.702933e+00 4.006662e+00
      vertex   4.698471e+00 -2.478421e+00 3.707416e+00
    endloop
  endfacet
  facet normal 1.102165e-02 -9.979278e-01 6.339280e-02
    outer loop
      vertex   5.471798e-01 -4.000000e+00 4.214629e+00
      vertex   9.074639e-01 -4.000000e+00 4.151989e+00
      vertex   8.041987e-01 -3.985029e+00 4.405623e+00
    endloop
  endfacet
  facet normal 1.424068e-02 -9.978034e-01 6.469606e-02
    outer loop
      vertex   8.041987e-01 -3.985029e+00 4.405623e+00
      vertex   9.074639e-01 -4.000000e+00 4.151989e+00
      vertex   1.120002e+00 -3.985029e+00 4.336110e+00
    endloop
  endfacet
  facet normal 4.196497e-02 -9.807609e-01 1.906488e-01
    outer loop
      vertex   8.041987e-01 -3.985029e+00 4.405623e+00
      vertex   1.120002e+00 -3.985029e+00 4.336110e+00
      vertex   1.176150e+00 -3.940370e+00 4.553488e+00
    endloop
  endfacet
  facet normal 5.561236e-02 -9.807609e-01 1.871237e-01
    outer loop
      vertex   1.176150e+00 -3.940370e+00 4.553488e+00
      vertex   1.120002e+00 -3.985029e+00 4.336110e+00
      vertex   1.501654e+00 -3.940370e+00 4.456750e+00
    endloop
  endfacet
  facet normal 9.162549e-02 -9.468663e-01 3.083002e-01
    outer loop
      vertex   1.176150e+00 -3.940370e+00 4.553488e+00
      vertex   1.501654e+00 -3.940370e+00 4.456750e+00
      vertex   1.570866e+00 -3.866789e+00 4.662166e+00
    endloop
  endfacet
  facet normal 1.136329e-01 -9.468663e-01 3.008850e-01
    outer loop
      vertex   1.570866e+00 -3.866789e+00 4.662166e+00
      vertex   1.501654e+00 -3.940370e+00 4.456750e+00
      vertex   1.903183e+00 -3.866789e+00 4.536662e+00
    endloop
  endfacet
  facet normal 1.563452e-01 -8.967583e-01 4.139816e-01
    outer loop
      vertex   1.570866e+00 -3.866789e+00 4.662166e+00
      vertex   1.903183e+00 -3.866789e+00 4.536662e+00
      vertex   1.982605e+00 -3.765544e+00 4.725982e+00
    endloop
  endfacet
  facet normal 1.858096e-01 -8.967583e-01 4.016209e-01
    outer loop
      vertex   1.982605e+00 -3.765544e+00 4.725982e+00
      vertex   1.903183e+00 -3.866789e+00 4.536662e+00
      vertex   2.318453e+00 -3.765544e+00 4.570602e+00
    endloop
  endfacet
  facet normal 2.333831e-01 -8.313022e-01 5.044492e-01
    outer loop
      vertex   1.982605e+00 -3.765544e+00 4.725982e+00
      vertex   2.318453e+00 -3.765544e+00 4.570602e+00
      vertex   2.404556e+00 -3.638368e+00 4.740345e+00
    endloop
  endfacet
  facet normal 2.691746e-01 -8.313022e-01 4.862938e-01
    outer loop
      vertex   2.404556e+00 -3.638368e+00 4.740345e+00
      vertex   2.318453e+00 -3.765544e+00 4.570602e+00
      vertex   2.740340e+00 -3.638368e+00 4.554481e+00
    endloop
  endfacet
  facet normal 3.194278e-01 -7.516266e-01 5.770817e-01
    outer loop
      vertex   2.404556e+00 -3.638368e+00 4.740345e+00
      vertex   2.740340e+00 -3.638368e+00 4.554481e+00
      vertex   2.829069e+00 -3.487437e+00 4.701950e+00
    endloop
  endfacet
  facet normal 3.602360e-01 -7.516266e-01 5.525282e-01
    outer loop
      vertex   2.829069e+00 -3.487437e+00 4.701950e+00
      vertex   2.740340e+00 -3.638368e+00 4.554481e+00
      vertex   3.160977e+00 -3.487437e+00 4.485553e+00
    endloop
  endfacet
  facet normal 4.107355e-01 -6.591027e-01 6.299841e-01
    outer loop
      vertex   2.829069e+00 -3.487437e+00 4.701950e+00
      vertex   3.160977e+00 -3.487437e+00 4.485553e+00
      vertex   3.247919e+00 -3.315333e+00 4.608928e+00
    endloop
  endfacet
  facet normal 4.551230e-01 -6.591027e-01 5.987041e-01
    outer loop
      vertex   3.247919e+00 -3.315333e+00 4.608928e+00
      vertex   3.160977e+00 -3.487437e+00 4.485553e+00
      vertex   3.572022e+00 -3.315333e+00 4.362551e+00
    endloop
  endfacet
  facet normal 5.032852e-01 -5.553198e-01 6.620604e-01
    outer loop
      vertex   3.247919e+00 -3.315333e+00 4.608928e+00
      vertex   3.572022e+00 -3.315333e+00 4.362551e+00
      vertex   3.652591e+00 -3.125000e+00 4.460951e+00
    endloop
  endfacet
  facet normal 5.497461e-01 -5.553198e-01 6.240186e-01
    outer loop
      vertex   3.652591e+00 -3.125000e+00 4.460951e+00
      vertex   3.572022e+00 -3.315333e+00 4.362551e+00
      vertex   3.964962e+00 -3.125000e+00 4.185759e+00
    endloop
  endfacet
  facet normal 5.929452e-01 -4.420567e-01 6.730541e-01
    outer loop
      vertex   3.652591e+00 -3.125000e+00 4.460951e+00
      vertex   3.964962e+00 -3.125000e+00 4.185759e+00
      vertex   4.034588e+00 -2.919696e+00 4.259262e+00
    endloop
  endfacet
  facet normal 6.399656e-01 -4.420567e-01 6.285140e-01
    outer loop
      vertex   4.034588e+00 -2.919696e+00 4.259262e+00
      vertex   3.964962e+00 -3.125000e+00 4.185759e+00
      vertex   4.331409e+00 -2.919696e+00 3.957033e+00
    endloop
  endfacet
  facet normal 6.756435e-01 -3.212515e-01 6.635535e-01
    outer loop
      vertex   4.034588e+00 -2.919696e+00 4.259262e+00
      vertex   4.331409e+00 -2.919696e+00 3.957033e+00
      vertex   4.385734e+00 -2.702933e+00 4.006662e+00
    endloop
  endfacet
  facet normal 7.217628e-01 -3.212515e-01 6.130709e-01
    outer loop
      vertex   4.385734e+00 -2.702933e+00 4.006662e+00
      vertex   4.331409e+00 -2.919696e+00 3.957033e+00
      vertex   4.663413e+00 -2.702933e+00 3.679753e+00
    endloop
  endfacet
  facet normal 7.475359e-01 -1.949680e-01 6.349627e-01
    outer loop
      vertex   4.385734e+00 -2.702933e+00 4.006662e+00
      vertex   4.663413e+00 -2.702933e+00 3.679753e+00
      vertex   4.698471e+00 -2.478421e+00 3.707416e+00
    endloop
  endfacet
  facet normal 7.914047e-01 -1.949680e-01 5.793670e-01
    outer loop
      vertex   4.698471e+00 -2.478421e+00 3.707416e+00
      vertex   4.663413e+00 -2.702933e+00 3.679753e+00
      vertex   4.953742e+00 -2.478421e+00 3.358721e+00
    endloop
  endfacet
  facet normal 1.642392e-02 -9.979294e-01 6.218611e-02
    outer loop
      vertex   9.074639e-01 -4.000000e+00 4.151989e+00
      vertex   1.261029e+00 -4.000000e+00 4.058609e+00
      vertex   1.120002e+00 -3.985029e+00 4.336110e+00
    endloop
  endfacet
  facet normal 1.884523e-02 -9.978096e-01 6.341017e-02
    outer loop
      vertex   1.120002e+00 -3.985029e+00 4.336110e+00
      vertex   1.261029e+00 -4.000000e+00 4.058609e+00
      vertex   1.429967e+00 -3.985029e+00 4.243990e+00
    endloop
  endfacet
  facet normal 5.561236e-02 -9.807609e-01 1.871237e-01
    outer loop
      vertex   1.120002e+00 -3.985029e+00 4.336110e+00
      vertex   1.429967e+00 -3.985029e+00 4.243990e+00
      vertex   1.501654e+00 -3.940370e+00 4.456750e+00
    endloop
  endfacet
  facet normal 6.896982e-02 -9.807609e-01 1.826230e-01
    outer loop
      vertex   1.501654e+00 -3.940370e+00 4.456750e+00
      vertex   1.429967e+00 -3.985029e+00 4.243990e+00
      vertex   1.819328e+00 -3.940370e+00 4.336776e+00
    endloop
  endfacet
  facet normal 1.136329e-01 -9.468663e-01 3.008850e-01
    outer loop
      vertex   1.501654e+00 -3.940370e+00 4.456750e+00
      vertex   1.819328e+00 -3.940370e+00 4.336776e+00
      vertex   1.903183e+00 -3.866789e+00 4.536662e+00
    endloop
  endfacet
  facet normal 1.350479e-01 -9.468663e-01 2.919012e-01
    outer loop
      vertex   1.903183e+00 -3.866789e+00 4.536662e+00
      vertex   1.819328e+00 -3.940370e+00 4.336776e+00
      vertex   2.225577e+00 -3.866789e+00 4.387507e+00
    endloop
  endfacet
  facet normal 1.858096e-01 -8.967583e-01 4.016209e-01
    outer loop
      vertex   1.903183e+00 -3.866789e+00 4.536662e+00
      vertex   2.225577e+00 -3.866789e+00 4.387507e+00
      vertex   2.318453e+00 -3.765544e+00 4.570602e+00
    endloop
  endfacet
  facet normal 2.143053e-01 -8.967583e-01 3.871664e-01
    outer loop
      vertex   2.318453e+00 -3.765544e+00 4.570602e+00
      vertex   2.225577e+00 -3.866789e+00 4.387507e+00
      vertex   2.642214e+00 -3.765544e+00 4.391393e+00
    endloop
  endfacet
  facet normal 2.691746e-01 -8.313022e-01 4.862938e-01
    outer loop
      vertex   2.318453e+00 -3.765544e+00 4.570602e+00
      vertex   2.642214e+00 -3.765544e+00 4.391393e+00
      vertex   2.740340e+00 -3.638368e+00 4.554481e+00
    endloop
  endfacet
  facet normal 3.035628e-01 -8.313022e-01 4.656031e-01
    outer loop
      vertex   2.740340e+00 -3.638368e+00 4.554481e+00
      vertex   2.642214e+00 -3.765544e+00 4.391393e+00
      vertex   3.061838e+00 -3.638368e+00 4.344872e+00
    endloop
  endfacet
  facet normal 3.602360e-01 -7.516266e-01 5.525282e-01
    outer loop
      vertex   2.740340e+00 -3.638368e+00 4.554481e+00
      vertex   3.061838e+00 -3.638368e+00 4.344872e+00
      vertex   3.160977e+00 -3.487437e+00 4.485553e+00
    endloop
  endfacet
  facet normal 3.991662e-01 -7.516266e-01 5.250941e-01
    outer loop
      vertex   3.160977e+00 -3.487437e+00 4.485553e+00
      vertex   3.061838e+00 -3.638368e+00 4.344872e+00
      vertex   3.476404e+00 -3.487437e+00 4.245772e+00
    endloop
  endfacet
  facet normal 4.551230e-01 -6.591027e-01 5.987041e-01
    outer loop
      vertex   3.160977e+00 -3.487437e+00 4.485553e+00
      vertex   3.476404e+00 -3.487437e+00 4.245772e+00
      vertex   3.572022e+00 -3.315333e+00 4.362551e+00
    endloop
  endfacet
  facet normal 4.971378e-01 -6.591027e-01 5.643028e-01
    outer loop
      vertex   3.572022e+00 -3.315333e+00 4.362551e+00
      vertex   3.476404e+00 -3.487437e+00 4.245772e+00
      vertex   3.877503e+00 -3.315333e+00 4.093430e+00
    endloop
  endfacet
  facet normal 5.497461e-01 -5.553198e-01 6.240186e-01
    outer loop
      vertex   3.572022e+00 -3.315333e+00 4.362551e+00
      vertex   3.877503e+00 -3.315333e+00 4.093430e+00
      vertex   3.964962e+00 -3.125000e+00 4.185759e+00
    endloop
  endfacet
  facet normal 5.933408e-01 -5.553198e-01 5.827235e-01
    outer loop
      vertex   3.964962e+00 -3.125000e+00 4.185759e+00
      vertex   3.877503e+00 -3.315333e+00 4.093430e+00
      vertex   4.256661e+00 -3.125000e+00 3.888745e+00
    endloop
  endfacet
  facet normal 6.399656e-01 -4.420567e-01 6.285140e-01
    outer loop
      vertex   3.964962e+00 -3.125000e+00 4.185759e+00
      vertex   4.256661e+00 -3.125000e+00 3.888745e+00
      vertex   4.331409e+00 -2.919696e+00 3.957033e+00
    endloop
  endfacet
  facet normal 6.836495e-01 -4.420567e-01 5.806971e-01
    outer loop
      vertex   4.331409e+00 -2.919696e+00 3.957033e+00
      vertex   4.256661e+00 -3.125000e+00 3.888745e+00
      vertex   4.605649e+00 -2.919696e+00 3.634173e+00
    endloop
  endfacet
  facet normal 7.217628e-01 -3.212515e-01 6.130709e-01
    outer loop
      vertex   4.331409e+00 -2.919696e+00 3.957033e+00
      vertex   4.605649e+00 -2.919696e+00 3.634173e+00
      vertex   4.663413e+00 -2.702933e+00 3.679753e+00
    endloop
  endfacet
  facet normal 7.641192e-01 -3.212515e-01 5.593919e-01
    outer loop
      vertex   4.663413e+00 -2.702933e+00 3.679753e+00
      vertex   4.605649e+00 -2.919696e+00 3.634173e+00
      vertex   4.916779e+00 -2.702933e+00 3.333659e+00
    endloop
  endfacet
  facet normal 7.914047e-01 -1.949680e-01 5.793670e-01
    outer loop
      vertex   4.663413e+00 -2.702933e+00 3.679753e+00
      vertex   4.916779e+00 -2.702933e+00 3.333659e+00
      vertex   4.953742e+00 -2.478421e+00 3.358721e+00
    endloop
  endfacet
  facet normal 8.311475e-01 -1.949680e-01 5.207507e-01
    outer loop
      vertex   4.953742e+00 -2.478421e+00 3.358721e+00
      vertex   4.916779e+00 -2.702933e+00 3.333659e+00
      vertex   5.183187e+00 -2.478421e+00 2.992514e+00
    endloop
  endfacet
  facet normal 2.178056e-02 -9.979157e-01 6.074378e-02
    outer loop
      vertex   1.261029e+00 -4.000000e+00 4.058609e+00
      vertex   1.605259e+00 -4.000000e+00 3.935180e+00
      vertex   1.429967e+00 -3.985029e+00 4.243990e+00
    endloop
  endfacet
  facet normal 2.325522e-02 -9.978314e-01 6.157676e-02
    outer loop
      vertex   1.429967e+00 -3.985029e+00 4.243990e+00
      vertex   1.605259e+00 -4.000000e+00 3.935180e+00
      vertex   1.732476e+00 -3.985029e+00 4.129743e+00
    endloop
  endfacet
  facet normal 6.896982e-02 -9.807609e-01 1.826230e-01
    outer loop
      vertex   1.429967e+00 -3.985029e+00 4.243990e+00
      vertex   1.732476e+00 -3.985029e+00 4.129743e+00
      vertex   1.819328e+00 -3.940370e+00 4.336776e+00
    endloop
  endfacet
  facet normal 8.196770e-02 -9.807609e-01 1.771703e-01
    outer loop
      vertex   1.819328e+00 -3.940370e+00 4.336776e+00
      vertex   1.732476e+00 -3.985029e+00 4.129743e+00
      vertex   2.127518e+00 -3.940370e+00 4.194192e+00
    endloop
  endfacet
  facet normal 1.350479e-01 -9.468663e-01 2.919012e-01
    outer loop
      vertex   1.819328e+00 -3.940370e+00 4.336776e+00
      vertex   2.127518e+00 -3.940370e+00 4.194192e+00
      vertex   2.225577e+00 -3.866789e+00 4.387507e+00
    endloop
  endfacet
  facet normal 1.557588e-01 -9.468663e-01 2.813955e-01
    outer loop
      vertex   2.225577e+00 -3.866789e+00 4.387507e+00
      vertex   2.127518e+00 -3.940370e+00 4.194192e+00
      vertex   2.536368e+00 -3.866789e+00 4.215477e+00
    endloop
  endfacet
  facet normal 2.143053e-01 -8.967583e-01 3.871664e-01
    outer loop
      vertex   2.225577e+00 -3.866789e+00 4.387507e+00
      vertex   2.536368e+00 -3.866789e+00 4.215477e+00
      vertex   2.642214e+00 -3.765544e+00 4.391393e+00
    endloop
  endfacet
  facet normal 2.416837e-01 -8.967583e-01 3.706933e-01
    outer loop
      vertex   2.642214e+00 -3.765544e+00 4.391393e+00
      vertex   2.536368e+00 -3.866789e+00 4.215477e+00
      vertex   2.952199e+00 -3.765544e+00 4.189289e+00
    endloop
  endfacet
  facet normal 3.035628e-01 -8.313022e-01 4.656031e-01
    outer loop
      vertex   2.642214e+00 -3.765544e+00 4.391393e+00
      vertex   2.952199e+00 -3.765544e+00 4.189289e+00
      vertex   3.061838e+00 -3.638368e+00 4.344872e+00
    endloop
  endfacet
  facet normal 3.363684e-01 -8.313022e-01 4.424850e-01
    outer loop
      vertex   3.061838e+00 -3.638368e+00 4.344872e+00
      vertex   2.952199e+00 -3.765544e+00 4.189289e+00
      vertex   3.367373e+00 -3.638368e+00 4.112610e+00
    endloop
  endfacet
  facet normal 3.991662e-01 -7.516266e-01 5.250941e-01
    outer loop
      vertex   3.061838e+00 -3.638368e+00 4.344872e+00
      vertex   3.367373e+00 -3.638368e+00 4.112610e+00
      vertex   3.476404e+00 -3.487437e+00 4.245772e+00
    endloop
  endfacet
  facet normal 4.360152e-01 -7.516266e-01 4.949224e-01
    outer loop
      vertex   3.476404e+00 -3.487437e+00 4.245772e+00
      vertex   3.367373e+00 -3.638368e+00 4.112610e+00
      vertex   3.773707e+00 -3.487437e+00 3.983854e+00
    endloop
  endfacet
  facet normal 4.971378e-01 -6.591027e-01 5.643028e-01
    outer loop
      vertex   3.476404e+00 -3.487437e+00 4.245772e+00
      vertex   3.773707e+00 -3.487437e+00 3.983854e+00
      vertex   3.877503e+00 -3.315333e+00 4.093430e+00
    endloop
  endfacet
  facet normal 5.365607e-01 -6.591027e-01 5.269594e-01
    outer loop
      vertex   3.877503e+00 -3.315333e+00 4.093430e+00
      vertex   3.773707e+00 -3.487437e+00 3.983854e+00
      vertex   4.162768e+00 -3.315333e+00 3.802967e+00
    endloop
  endfacet
  facet normal 5.933408e-01 -5.553198e-01 5.827235e-01
    outer loop
      vertex   3.877503e+00 -3.315333e+00 4.093430e+00
      vertex   4.162768e+00 -3.315333e+00 3.802967e+00
      vertex   4.256661e+00 -3.125000e+00 3.888745e+00
    endloop
  endfacet
  facet normal 6.338421e-01 -5.553198e-01 5.383903e-01
    outer loop
      vertex   4.256661e+00 -3.125000e+00 3.888745e+00
      vertex   4.162768e+00 -3.315333e+00 3.802967e+00
      vertex   4.526168e+00 -3.125000e+00 3.571457e+00
    endloop
  endfacet
  facet normal 6.836495e-01 -4.420567e-01 5.806971e-01
    outer loop
      vertex   4.256661e+00 -3.125000e+00 3.888745e+00
      vertex   4.526168e+00 -3.125000e+00 3.571457e+00
      vertex   4.605649e+00 -2.919696e+00 3.634173e+00
    endloop
  endfacet
  facet normal 7.237692e-01 -4.420567e-01 5.298528e-01
    outer loop
      vertex   4.605649e+00 -2.919696e+00 3.634173e+00
      vertex   4.526168e+00 -3.125000e+00 3.571457e+00
      vertex   4.855877e+00 -2.919696e+00 3.292366e+00
    endloop
  endfacet
  facet normal 7.641192e-01 -3.212515e-01 5.593919e-01
    outer loop
      vertex   4.605649e+00 -2.919696e+00 3.634173e+00
      vertex   4.855877e+00 -2.919696e+00 3.292366e+00
      vertex   4.916779e+00 -2.702933e+00 3.333659e+00
    endloop
  endfacet
  facet normal 8.024917e-01 -3.212515e-01 5.027966e-01
    outer loop
      vertex   4.916779e+00 -2.702933e+00 3.333659e+00
      vertex   4.855877e+00 -2.919696e+00 3.292366e+00
      vertex   5.144511e+00 -2.702933e+00 2.970185e+00
    endloop
  endfacet
  facet normal 8.311475e-01 -1.949680e-01 5.207507e-01
    outer loop
      vertex   4.916779e+00 -2.702933e+00 3.333659e+00
      vertex   5.144511e+00 -2.702933e+00 2.970185e+00
      vertex   5.183187e+00 -2.478421e+00 2.992514e+00
    endloop
  endfacet
  facet normal 8.665571e-01 -1.949680e-01 4.594195e-01
    outer loop
      vertex   5.183187e+00 -2.478421e+00 2.992514e+00
      vertex   5.144511e+00 -2.702933e+00 2.970185e+00
      vertex   5.385608e+00 -2.478421e+00 2.610706e+00
    endloop
  endfacet
  facet normal 2.711137e-02 -9.978862e-01 5.905960e-02
    outer loop
      vertex   1.605259e+00 -4.000000e+00 3.935180e+00
      vertex   1.937603e+00 -4.000000e+00 3.782617e+00
      vertex   1.732476e+00 -3.985029e+00 4.129743e+00
    endloop
  endfacet
  facet normal 2.740334e-02 -9.978681e-01 5.923136e-02
    outer loop
      vertex   1.732476e+00 -3.985029e+00 4.129743e+00
      vertex   1.937603e+00 -4.000000e+00 3.782617e+00
      vertex   2.025953e+00 -3.985029e+00 3.993967e+00
    endloop
  endfacet
  facet normal 8.196770e-02 -9.807609e-01 1.771703e-01
    outer loop
      vertex   1.732476e+00 -3.985029e+00 4.129743e+00
      vertex   2.025953e+00 -3.985029e+00 3.993967e+00
      vertex   2.127518e+00 -3.940370e+00 4.194192e+00
    endloop
  endfacet
  facet normal 9.453824e-02 -9.807609e-01 1.707938e-01
    outer loop
      vertex   2.127518e+00 -3.940370e+00 4.194192e+00
      vertex   2.025953e+00 -3.985029e+00 3.993967e+00
      vertex   2.424615e+00 -3.940370e+00 4.029742e+00
    endloop
  endfacet
  facet normal 1.557588e-01 -9.468663e-01 2.813955e-01
    outer loop
      vertex   2.127518e+00 -3.940370e+00 4.194192e+00
      vertex   2.424615e+00 -3.940370e+00 4.029742e+00
      vertex   2.536368e+00 -3.866789e+00 4.215477e+00
    endloop
  endfacet
  facet normal 1.756576e-01 -9.468663e-01 2.694228e-01
    outer loop
      vertex   2.536368e+00 -3.866789e+00 4.215477e+00
      vertex   2.424615e+00 -3.940370e+00 4.029742e+00
      vertex   2.833936e+00 -3.866789e+00 4.021469e+00
    endloop
  endfacet
  facet normal 2.416837e-01 -8.967583e-01 3.706933e-01
    outer loop
      vertex   2.536368e+00 -3.866789e+00 4.215477e+00
      vertex   2.833936e+00 -3.866789e+00 4.021469e+00
      vertex   2.952199e+00 -3.765544e+00 4.189289e+00
    endloop
  endfacet
  facet normal 2.678021e-01 -8.967583e-01 3.522877e-01
    outer loop
      vertex   2.952199e+00 -3.765544e+00 4.189289e+00
      vertex   2.833936e+00 -3.866789e+00 4.021469e+00
      vertex   3.246793e+00 -3.765544e+00 3.965345e+00
    endloop
  endfacet
  facet normal 3.363684e-01 -8.313022e-01 4.424850e-01
    outer loop
      vertex   2.952199e+00 -3.765544e+00 4.189289e+00
      vertex   3.246793e+00 -3.765544e+00 3.965345e+00
      vertex   3.367373e+00 -3.638368e+00 4.112610e+00
    endloop
  endfacet
  facet normal 3.674203e-01 -8.313022e-01 4.170600e-01
    outer loop
      vertex   3.367373e+00 -3.638368e+00 4.112610e+00
      vertex   3.246793e+00 -3.765544e+00 3.965345e+00
      vertex   3.655351e+00 -3.638368e+00 3.858907e+00
    endloop
  endfacet
  facet normal 4.360152e-01 -7.516266e-01 4.949224e-01
    outer loop
      vertex   3.367373e+00 -3.638368e+00 4.112610e+00
      vertex   3.655351e+00 -3.638368e+00 3.858907e+00
      vertex   3.773707e+00 -3.487437e+00 3.983854e+00
    endloop
  endfacet
  facet normal 4.705911e-01 -7.516266e-01 4.621703e-01
    outer loop
      vertex   3.773707e+00 -3.487437e+00 3.983854e+00
      vertex   3.655351e+00 -3.638368e+00 3.858907e+00
      vertex   4.051336e+00 -3.487437e+00 3.701167e+00
    endloop
  endfacet
  facet normal 5.365607e-01 -6.591027e-01 5.269594e-01
    outer loop
      vertex   3.773707e+00 -3.487437e+00 3.983854e+00
      vertex   4.051336e+00 -3.487437e+00 3.701167e+00
      vertex   4.162768e+00 -3.315333e+00 3.802967e+00
    endloop
  endfacet
  facet normal 5.731862e-01 -6.591027e-01 4.868687e-01
    outer loop
      vertex   4.162768e+00 -3.315333e+00 3.802967e+00
      vertex   4.051336e+00 -3.487437e+00 3.701167e+00
      vertex   4.426330e+00 -3.315333e+00 3.492678e+00
    endloop
  endfacet
  facet normal 6.338421e-01 -5.553198e-01 5.383903e-01
    outer loop
      vertex   4.162768e+00 -3.315333e+00 3.802967e+00
      vertex   4.426330e+00 -3.315333e+00 3.492678e+00
      vertex   4.526168e+00 -3.125000e+00 3.571457e+00
    endloop
  endfacet
  facet normal 6.710389e-01 -5.553198e-01 4.912502e-01
    outer loop
      vertex   4.526168e+00 -3.125000e+00 3.571457e+00
      vertex   4.426330e+00 -3.315333e+00 3.492678e+00
      vertex   4.772078e+00 -3.125000e+00 3.235549e+00
    endloop
  endfacet
  facet normal 7.237692e-01 -4.420567e-01 5.298528e-01
    outer loop
      vertex   4.526168e+00 -3.125000e+00 3.571457e+00
      vertex   4.772078e+00 -3.125000e+00 3.235549e+00
      vertex   4.855877e+00 -2.919696e+00 3.292366e+00
    endloop
  endfacet
  facet normal 7.601155e-01 -4.420567e-01 4.762460e-01
    outer loop
      vertex   4.855877e+00 -2.919696e+00 3.292366e+00
      vertex   4.772078e+00 -3.125000e+00 3.235549e+00
      vertex   5.080788e+00 -2.919696e+00 2.933395e+00
    endloop
  endfacet
  facet normal 8.024917e-01 -3.212515e-01 5.027966e-01
    outer loop
      vertex   4.855877e+00 -2.919696e+00 3.292366e+00
      vertex   5.080788e+00 -2.919696e+00 2.933395e+00
      vertex   5.144511e+00 -2.702933e+00 2.970185e+00
    endloop
  endfacet
  facet normal 8.366805e-01 -3.212515e-01 4.435799e-01
    outer loop
      vertex   5.144511e+00 -2.702933e+00 2.970185e+00
      vertex   5.080788e+00 -2.919696e+00 2.933395e+00
      vertex   5.345423e+00 -2.702933e+00 2.591226e+00
    endloop
  endfacet
  facet normal 8.665571e-01 -1.949680e-01 4.594195e-01
    outer loop
      vertex   5.144511e+00 -2.702933e+00 2.970185e+00
      vertex   5.345423e+00 -2.702933e+00 2.591226e+00
      vertex   5.385608e+00 -2.478421e+00 2.610706e+00
    endloop
  endfacet
  facet normal 8.974489e-01 -1.949680e-01 3.956931e-01
    outer loop
      vertex   5.385608e+00 -2.478421e+00 2.610706e+00
      vertex   5.345423e+00 -2.702933e+00 2.591226e+00
      vertex   5.559952e+00 -2.478421e+00 2.215287e+00
    endloop
  endfacet
  facet normal 3.177375e-02 -9.978454e-01 5.740281e-02
    outer loop
      vertex   2.025953e+00 -3.985029e+00 3.993967e+00
      vertex   1.937603e+00 -4.000000e+00 3.782617e+00
      vertex   2.308867e+00 -3.985029e+00 3.837367e+00
    endloop
  endfacet
  facet normal 3.194494e-02 -9.979051e-01 5.625831e-02
    outer loop
      vertex   2.308867e+00 -3.985029e+00 3.837367e+00
      vertex   1.937603e+00 -4.000000e+00 3.782617e+00
      vertex   2.255603e+00 -4.000000e+00 3.602049e+00
    endloop
  endfacet
  facet normal 3.606717e-02 -9.978171e-01 5.531964e-02
    outer loop
      vertex   2.308867e+00 -3.985029e+00 3.837367e+00
      vertex   2.255603e+00 -4.000000e+00 3.602049e+00
      vertex   2.579744e+00 -3.985029e+00 3.660761e+00
    endloop
  endfacet
  facet normal 3.648432e-02 -9.979254e-01 5.304425e-02
    outer loop
      vertex   2.579744e+00 -3.985029e+00 3.660761e+00
      vertex   2.255603e+00 -4.000000e+00 3.602049e+00
      vertex   2.556902e+00 -4.000000e+00 3.394812e+00
    endloop
  endfacet
  facet normal 4.008303e-02 -9.978041e-01 5.272833e-02
    outer loop
      vertex   2.579744e+00 -3.985029e+00 3.660761e+00
      vertex   2.556902e+00 -4.000000e+00 3.394812e+00
      vertex   2.837172e+00 -3.985029e+00 3.465070e+00
    endloop
  endfacet
  facet normal 4.086078e-02 -9.979304e-01 4.965268e-02
    outer loop
      vertex   2.837172e+00 -3.985029e+00 3.465070e+00
      vertex   2.556902e+00 -4.000000e+00 3.394812e+00
      vertex   2.839271e+00 -4.000000e+00 3.162442e+00
    endloop
  endfacet
  facet normal 4.375518e-02 -9.978069e-01 4.966666e-02
    outer loop
      vertex   2.837172e+00 -3.985029e+00 3.465070e+00
      vertex   2.839271e+00 -4.000000e+00 3.162442e+00
      vertex   3.079808e+00 -3.985029e+00 3.251313e+00
    endloop
  endfacet
  facet normal 4.509057e-02 -9.979200e-01 4.607141e-02
    outer loop
      vertex   3.079808e+00 -3.985029e+00 3.251313e+00
      vertex   2.839271e+00 -4.000000e+00 3.162442e+00
      vertex   3.100620e+00 -4.000000e+00 2.906658e+00
    endloop
  endfacet
  facet normal 4.702563e-02 -9.978254e-01 4.618415e-02
    outer loop
      vertex   3.079808e+00 -3.985029e+00 3.251313e+00
      vertex   3.100620e+00 -4.000000e+00 2.906658e+00
      vertex   3.306387e+00 -3.985029e+00 3.020606e+00
    endloop
  endfacet
  facet normal 4.918894e-02 -9.978939e-01 4.228666e-02
    outer loop
      vertex   3.306387e+00 -3.985029e+00 3.020606e+00
      vertex   3.100620e+00 -4.000000e+00 2.906658e+00
      vertex   3.339012e+00 -4.000000e+00 2.629353e+00
    endloop
  endfacet
  facet normal 4.984670e-02 -9.978590e-01 4.234017e-02
    outer loop
      vertex   3.306387e+00 -3.985029e+00 3.020606e+00
      vertex   3.339012e+00 -4.000000e+00 2.629353e+00
      vertex   3.515728e+00 -3.985029e+00 2.774150e+00
    endloop
  endfacet
  facet normal 5.284187e-02 -9.978533e-01 3.868417e-02
    outer loop
      vertex   3.515728e+00 -3.985029e+00 2.774150e+00
      vertex   3.339012e+00 -4.000000e+00 2.629353e+00
      vertex   3.706740e+00 -3.985029e+00 2.513232e+00
    endloop
  endfacet
  facet normal 1.575151e-01 -9.807609e-01 1.153127e-01
    outer loop
      vertex   3.515728e+00 -3.985029e+00 2.774150e+00
      vertex   3.706740e+00 -3.985029e+00 2.513232e+00
      vertex   3.892566e+00 -3.940370e+00 2.639225e+00
    endloop
  endfacet
  facet normal 1.654252e-01 -9.807609e-01 1.036462e-01
    outer loop
      vertex   3.892566e+00 -3.940370e+00 2.639225e+00
      vertex   3.706740e+00 -3.985029e+00 2.513232e+00
      vertex   4.072860e+00 -3.940370e+00 2.351467e+00
    endloop
  endfacet
  facet normal 2.725502e-01 -9.468663e-01 1.707648e-01
    outer loop
      vertex   3.892566e+00 -3.940370e+00 2.639225e+00
      vertex   4.072860e+00 -3.940370e+00 2.351467e+00
      vertex   4.260582e+00 -3.866789e+00 2.459848e+00
    endloop
  endfacet
  facet normal 2.841617e-01 -9.468663e-01 1.506530e-01
    outer loop
      vertex   4.260582e+00 -3.866789e+00 2.459848e+00
      vertex   4.072860e+00 -3.940370e+00 2.351467e+00
      vertex   4.426972e+00 -3.866789e+00 2.146002e+00
    endloop
  endfacet
  facet normal 3.909724e-01 -8.967583e-01 2.072804e-01
    outer loop
      vertex   4.260582e+00 -3.866789e+00 2.459848e+00
      vertex   4.426972e+00 -3.866789e+00 2.146002e+00
      vertex   4.611715e+00 -3.765544e+00 2.235557e+00
    endloop
  endfacet
  facet normal 4.049101e-01 -8.967583e-01 1.785284e-01
    outer loop
      vertex   4.611715e+00 -3.765544e+00 2.235557e+00
      vertex   4.426972e+00 -3.866789e+00 2.146002e+00
      vertex   4.761006e+00 -3.765544e+00 1.896958e+00
    endloop
  endfacet
  facet normal 5.085805e-01 -8.313022e-01 2.242376e-01
    outer loop
      vertex   4.611715e+00 -3.765544e+00 2.235557e+00
      vertex   4.761006e+00 -3.765544e+00 1.896958e+00
      vertex   4.937820e+00 -3.638368e+00 1.967407e+00
    endloop
  endfacet
  facet normal 5.234353e-01 -8.313022e-01 1.869551e-01
    outer loop
      vertex   4.937820e+00 -3.638368e+00 1.967407e+00
      vertex   4.761006e+00 -3.765544e+00 1.896958e+00
      vertex   5.066912e+00 -3.638368e+00 1.605977e+00
    endloop
  endfacet
  facet normal 6.211572e-01 -7.516266e-01 2.218584e-01
    outer loop
      vertex   4.937820e+00 -3.638368e+00 1.967407e+00
      vertex   5.066912e+00 -3.638368e+00 1.605977e+00
      vertex   5.230973e+00 -3.487437e+00 1.657976e+00
    endloop
  endfacet
  facet normal 6.355468e-01 -7.516266e-01 1.764587e-01
    outer loop
      vertex   5.230973e+00 -3.487437e+00 1.657976e+00
      vertex   5.066912e+00 -3.638368e+00 1.605977e+00
      vertex   5.336973e+00 -3.487437e+00 1.276199e+00
    endloop
  endfacet
  facet normal 7.246406e-01 -6.591027e-01 2.011955e-01
    outer loop
      vertex   5.230973e+00 -3.487437e+00 1.657976e+00
      vertex   5.336973e+00 -3.487437e+00 1.276199e+00
      vertex   5.483766e+00 -3.315333e+00 1.311301e+00
    endloop
  endfacet
  facet normal 7.372694e-01 -6.591027e-01 1.483826e-01
    outer loop
      vertex   5.483766e+00 -3.315333e+00 1.311301e+00
      vertex   5.336973e+00 -3.487437e+00 1.276199e+00
      vertex   5.564091e+00 -3.315333e+00 9.121865e-01
    endloop
  endfacet
  facet normal 8.152890e-01 -5.553198e-01 1.640847e-01
    outer loop
      vertex   5.483766e+00 -3.315333e+00 1.311301e+00
      vertex   5.564091e+00 -3.315333e+00 9.121865e-01
      vertex   5.689592e+00 -3.125000e+00 9.327613e-01
    endloop
  endfacet
  facet normal 8.250037e-01 -5.553198e-01 1.048276e-01
    outer loop
      vertex   5.689592e+00 -3.125000e+00 9.327613e-01
      vertex   5.564091e+00 -3.315333e+00 9.121865e-01
      vertex   5.742067e+00 -3.125000e+00 5.197816e-01
    endloop
  endfacet
  facet normal 8.898327e-01 -4.420567e-01 1.130650e-01
    outer loop
      vertex   5.689592e+00 -3.125000e+00 9.327613e-01
      vertex   5.742067e+00 -3.125000e+00 5.197816e-01
      vertex   5.842899e+00 -2.919696e+00 5.289091e-01
    endloop
  endfacet
  facet normal 8.956716e-01 -4.420567e-01 4.856190e-02
    outer loop
      vertex   5.842899e+00 -2.919696e+00 5.289091e-01
      vertex   5.742067e+00 -3.125000e+00 5.197816e-01
      vertex   5.865833e+00 -2.919696e+00 1.059199e-01
    endloop
  endfacet
  facet normal 9.456050e-01 -3.212515e-01 5.126922e-02
    outer loop
      vertex   5.842899e+00 -2.919696e+00 5.289091e-01
      vertex   5.865833e+00 -2.919696e+00 1.059199e-01
      vertex   5.939402e+00 -2.702933e+00 1.072483e-01
    endloop
  endfacet
  facet normal 9.468395e-01 -3.212515e-01 -1.709717e-02
    outer loop
      vertex   5.939402e+00 -2.702933e+00 1.072483e-01
      vertex   5.865833e+00 -2.919696e+00 1.059199e-01
      vertex   5.931658e+00 -2.702933e+00 -3.216052e-01
    endloop
  endfacet
  facet normal 9.806497e-01 -1.949680e-01 -1.770768e-02
    outer loop
      vertex   5.939402e+00 -2.702933e+00 1.072483e-01
      vertex   5.931658e+00 -2.702933e+00 -3.216052e-01
      vertex   5.976251e+00 -2.478421e+00 -3.240229e-01
    endloop
  endfacet
  facet normal 9.768157e-01 -1.949680e-01 -8.842301e-02
    outer loop
      vertex   5.976251e+00 -2.478421e+00 -3.240229e-01
      vertex   5.931658e+00 -2.702933e+00 -3.216052e-01
      vertex   5.937291e+00 -2.478421e+00 -7.544111e-01
    endloop
  endfacet
  facet normal 5.258323e-02 -9.978986e-01 3.785928e-02
    outer loop
      vertex   3.339012e+00 -4.000000e+00 2.629353e+00
      vertex   3.552683e+00 -4.000000e+00 2.332583e+00
      vertex   3.706740e+00 -3.985029e+00 2.513232e+00
    endloop
  endfacet
  facet normal 5.590039e-02 -9.978219e-01 3.502407e-02
    outer loop
      vertex   3.706740e+00 -3.985029e+00 2.513232e+00
      vertex   3.552683e+00 -4.000000e+00 2.332583e+00
      vertex   3.878426e+00 -3.985029e+00 2.239210e+00
    endloop
  endfacet
  facet normal 1.654252e-01 -9.807609e-01 1.036462e-01
    outer loop
      vertex   3.706740e+00 -3.985029e+00 2.513232e+00
      vertex   3.878426e+00 -3.985029e+00 2.239210e+00
      vertex   4.072860e+00 -3.940370e+00 2.351467e+00
    endloop
  endfacet
  facet normal 1.724728e-01 -9.807609e-01 9.143929e-02
    outer loop
      vertex   4.072860e+00 -3.940370e+00 2.351467e+00
      vertex   3.878426e+00 -3.985029e+00 2.239210e+00
      vertex   4.231919e+00 -3.940370e+00 2.051449e+00
    endloop
  endfacet
  facet normal 2.841617e-01 -9.468663e-01 1.506530e-01
    outer loop
      vertex   4.072860e+00 -3.940370e+00 2.351467e+00
      vertex   4.231919e+00 -3.940370e+00 2.051449e+00
      vertex   4.426972e+00 -3.866789e+00 2.146002e+00
    endloop
  endfacet
  facet normal 2.942918e-01 -9.468663e-01 1.297558e-01
    outer loop
      vertex   4.426972e+00 -3.866789e+00 2.146002e+00
      vertex   4.231919e+00 -3.940370e+00 2.051449e+00
      vertex   4.570283e+00 -3.866789e+00 1.820967e+00
    endloop
  endfacet
  facet normal 4.049101e-01 -8.967583e-01 1.785284e-01
    outer loop
      vertex   4.426972e+00 -3.866789e+00 2.146002e+00
      vertex   4.570283e+00 -3.866789e+00 1.820967e+00
      vertex   4.761006e+00 -3.765544e+00 1.896958e+00
    endloop
  endfacet
  facet normal 4.167368e-01 -8.967583e-01 1.488456e-01
    outer loop
      vertex   4.761006e+00 -3.765544e+00 1.896958e+00
      vertex   4.570283e+00 -3.866789e+00 1.820967e+00
      vertex   4.885475e+00 -3.765544e+00 1.548470e+00
    endloop
  endfacet
  facet normal 5.234353e-01 -8.313022e-01 1.869551e-01
    outer loop
      vertex   4.761006e+00 -3.765544e+00 1.896958e+00
      vertex   4.885475e+00 -3.765544e+00 1.548470e+00
      vertex   5.066912e+00 -3.638368e+00 1.605977e+00
    endloop
  endfacet
  facet normal 5.355610e-01 -8.313022e-01 1.486978e-01
    outer loop
      vertex   5.066912e+00 -3.638368e+00 1.605977e+00
      vertex   4.885475e+00 -3.765544e+00 1.548470e+00
      vertex   5.169588e+00 -3.638368e+00 1.236173e+00
    endloop
  endfacet
  facet normal 6.355468e-01 -7.516266e-01 1.764587e-01
    outer loop
      vertex   5.066912e+00 -3.638368e+00 1.605977e+00
      vertex   5.169588e+00 -3.638368e+00 1.236173e+00
      vertex   5.336973e+00 -3.487437e+00 1.276199e+00
    endloop
  endfacet
  facet normal 6.466230e-01 -7.516266e-01 1.301391e-01
    outer loop
      vertex   5.336973e+00 -3.487437e+00 1.276199e+00
      vertex   5.169588e+00 -3.638368e+00 1.236173e+00
      vertex   5.415148e+00 -3.487437e+00 8.877685e-01
    endloop
  endfacet
  facet normal 7.372694e-01 -6.591027e-01 1.483826e-01
    outer loop
      vertex   5.336973e+00 -3.487437e+00 1.276199e+00
      vertex   5.415148e+00 -3.487437e+00 8.877685e-01
      vertex   5.564091e+00 -3.315333e+00 9.121865e-01
    endloop
  endfacet
  facet normal 7.460545e-01 -6.591027e-01 9.479605e-02
    outer loop
      vertex   5.564091e+00 -3.315333e+00 9.121865e-01
      vertex   5.415148e+00 -3.487437e+00 8.877685e-01
      vertex   5.615408e+00 -3.315333e+00 5.083163e-01
    endloop
  endfacet
  facet normal 8.250037e-01 -5.553198e-01 1.048276e-01
    outer loop
      vertex   5.564091e+00 -3.315333e+00 9.121865e-01
      vertex   5.615408e+00 -3.315333e+00 5.083163e-01
      vertex   5.742067e+00 -3.125000e+00 5.197816e-01
    endloop
  endfacet
  facet normal 8.304172e-01 -5.553198e-01 4.502391e-02
    outer loop
      vertex   5.742067e+00 -3.125000e+00 5.197816e-01
      vertex   5.615408e+00 -3.315333e+00 5.083163e-01
      vertex   5.764605e+00 -3.125000e+00 1.040920e-01
    endloop
  endfacet
  facet normal 8.956716e-01 -4.420567e-01 4.856190e-02
    outer loop
      vertex   5.742067e+00 -3.125000e+00 5.197816e-01
      vertex   5.764605e+00 -3.125000e+00 1.040920e-01
      vertex   5.865833e+00 -2.919696e+00 1.059199e-01
    endloop
  endfacet
  facet normal 8.968409e-01 -4.420567e-01 -1.619434e-02
    outer loop
      vertex   5.865833e+00 -2.919696e+00 1.059199e-01
      vertex   5.764605e+00 -3.125000e+00 1.040920e-01
      vertex   5.858185e+00 -2.919696e+00 -3.176216e-01
    endloop
  endfacet
  facet normal 9.468395e-01 -3.212515e-01 -1.709717e-02
    outer loop
      vertex   5.865833e+00 -2.919696e+00 1.059199e-01
      vertex   5.858185e+00 -2.919696e+00 -3.176216e-01
      vertex   5.931658e+00 -2.702933e+00 -3.216052e-01
    endloop
  endfacet
  facet normal 9.431377e-01 -3.212515e-01 -8.537442e-02
    outer loop
      vertex   5.931658e+00 -2.702933e+00 -3.216052e-01
      vertex   5.858185e+00 -2.919696e+00 -3.176216e-01
      vertex   5.892989e+00 -2.702933e+00 -7.487819e-01
    endloop
  endfacet
  facet normal 9.768157e-01 -1.949680e-01 -8.842301e-02
    outer loop
      vertex   5.931658e+00 -2.702933e+00 -3.216052e-01
      vertex   5.892989e+00 -2.702933e+00 -7.487819e-01
      vertex   5.937291e+00 -2.478421e+00 -7.544111e-01
    endloop
  endfacet
  facet normal 9.678889e-01 -1.949680e-01 -1.586773e-01
    outer loop
      vertex   5.937291e+00 -2.478421e+00 -7.544111e-01
      vertex   5.892989e+00 -2.702933e+00 -7.487819e-01
      vertex   5.867378e+00 -2.478421e+00 -1.180866e+00
    endloop
  endfacet
  facet normal 5.532790e-02 -9.979224e-01 3.301074e-02
    outer loop
      vertex   3.552683e+00 -4.000000e+00 2.332583e+00
      vertex   3.740052e+00 -4.000000e+00 2.018542e+00
      vertex   3.878426e+00 -3.985029e+00 2.239210e+00
    endloop
  endfacet
  facet normal 5.849909e-02 -9.978056e-01 3.101426e-02
    outer loop
      vertex   3.878426e+00 -3.985029e+00 2.239210e+00
      vertex   3.740052e+00 -4.000000e+00 2.018542e+00
      vertex   4.029892e+00 -3.985029e+00 1.953515e+00
    endloop
  endfacet
  facet normal 1.724728e-01 -9.807609e-01 9.143929e-02
    outer loop
      vertex   3.878426e+00 -3.985029e+00 2.239210e+00
      vertex   4.029892e+00 -3.985029e+00 1.953515e+00
      vertex   4.231919e+00 -3.940370e+00 2.051449e+00
    endloop
  endfacet
  facet normal 1.786213e-01 -9.807609e-01 7.875568e-02
    outer loop
      vertex   4.231919e+00 -3.940370e+00 2.051449e+00
      vertex   4.029892e+00 -3.985029e+00 1.953515e+00
      vertex   4.368916e+00 -3.940370e+00 1.740735e+00
    endloop
  endfacet
  facet normal 2.942918e-01 -9.468663e-01 1.297558e-01
    outer loop
      vertex   4.231919e+00 -3.940370e+00 2.051449e+00
      vertex   4.368916e+00 -3.940370e+00 1.740735e+00
      vertex   4.570283e+00 -3.866789e+00 1.820967e+00
    endloop
  endfacet
  facet normal 3.028875e-01 -9.468663e-01 1.081822e-01
    outer loop
      vertex   4.570283e+00 -3.866789e+00 1.820967e+00
      vertex   4.368916e+00 -3.940370e+00 1.740735e+00
      vertex   4.689766e+00 -3.866789e+00 1.486439e+00
    endloop
  endfacet
  facet normal 4.167368e-01 -8.967583e-01 1.488456e-01
    outer loop
      vertex   4.570283e+00 -3.866789e+00 1.820967e+00
      vertex   4.689766e+00 -3.866789e+00 1.486439e+00
      vertex   4.885475e+00 -3.765544e+00 1.548470e+00
    endloop
  endfacet
  facet normal 4.263908e-01 -8.967583e-01 1.183868e-01
    outer loop
      vertex   4.885475e+00 -3.765544e+00 1.548470e+00
      vertex   4.689766e+00 -3.866789e+00 1.486439e+00
      vertex   4.984474e+00 -3.765544e+00 1.191908e+00
    endloop
  endfacet
  facet normal 5.355610e-01 -8.313022e-01 1.486978e-01
    outer loop
      vertex   4.885475e+00 -3.765544e+00 1.548470e+00
      vertex   4.984474e+00 -3.765544e+00 1.191908e+00
      vertex   5.169588e+00 -3.638368e+00 1.236173e+00
    endloop
  endfacet
  facet normal 5.448947e-01 -8.313022e-01 1.096653e-01
    outer loop
      vertex   5.169588e+00 -3.638368e+00 1.236173e+00
      vertex   4.984474e+00 -3.765544e+00 1.191908e+00
      vertex   5.245311e+00 -3.638368e+00 8.599251e-01
    endloop
  endfacet
  facet normal 6.466230e-01 -7.516266e-01 1.301391e-01
    outer loop
      vertex   5.169588e+00 -3.638368e+00 1.236173e+00
      vertex   5.245311e+00 -3.638368e+00 8.599251e-01
      vertex   5.415148e+00 -3.487437e+00 8.877685e-01
    endloop
  endfacet
  facet normal 6.543279e-01 -7.516266e-01 8.314098e-02
    outer loop
      vertex   5.415148e+00 -3.487437e+00 8.877685e-01
      vertex   5.245311e+00 -3.638368e+00 8.599251e-01
      vertex   5.465092e+00 -3.487437e+00 4.947093e-01
    endloop
  endfacet
  facet normal 7.460545e-01 -6.591027e-01 9.479605e-02
    outer loop
      vertex   5.415148e+00 -3.487437e+00 8.877685e-01
      vertex   5.465092e+00 -3.487437e+00 4.947093e-01
      vertex   5.615408e+00 -3.315333e+00 5.083163e-01
    endloop
  endfacet
  facet normal 7.509500e-01 -6.591027e-01 4.071532e-02
    outer loop
      vertex   5.615408e+00 -3.315333e+00 5.083163e-01
      vertex   5.465092e+00 -3.487437e+00 4.947093e-01
      vertex   5.637449e+00 -3.315333e+00 1.017959e-01
    endloop
  endfacet
  facet normal 8.304172e-01 -5.553198e-01 4.502391e-02
    outer loop
      vertex   5.615408e+00 -3.315333e+00 5.083163e-01
      vertex   5.637449e+00 -3.315333e+00 1.017959e-01
      vertex   5.764605e+00 -3.125000e+00 1.040920e-01
    endloop
  endfacet
  facet normal 8.315014e-01 -5.553198e-01 -1.501450e-02
    outer loop
      vertex   5.764605e+00 -3.125000e+00 1.040920e-01
      vertex   5.637449e+00 -3.315333e+00 1.017959e-01
      vertex   5.757089e+00 -3.125000e+00 -3.121403e-01
    endloop
  endfacet
  facet normal 8.968409e-01 -4.420567e-01 -1.619434e-02
    outer loop
      vertex   5.764605e+00 -3.125000e+00 1.040920e-01
      vertex   5.757089e+00 -3.125000e+00 -3.121403e-01
      vertex   5.858185e+00 -2.919696e+00 -3.176216e-01
    endloop
  endfacet
  facet normal 8.933345e-01 -4.420567e-01 -8.086615e-02
    outer loop
      vertex   5.858185e+00 -2.919696e+00 -3.176216e-01
      vertex   5.757089e+00 -3.125000e+00 -3.121403e-01
      vertex   5.819995e+00 -2.919696e+00 -7.395071e-01
    endloop
  endfacet
  facet normal 9.431377e-01 -3.212515e-01 -8.537442e-02
    outer loop
      vertex   5.858185e+00 -2.919696e+00 -3.176216e-01
      vertex   5.819995e+00 -2.919696e+00 -7.395071e-01
      vertex   5.892989e+00 -2.702933e+00 -7.487819e-01
    endloop
  endfacet
  facet normal 9.345187e-01 -3.212515e-01 -1.532066e-01
    outer loop
      vertex   5.892989e+00 -2.702933e+00 -7.487819e-01
      vertex   5.819995e+00 -2.919696e+00 -7.395071e-01
      vertex   5.823597e+00 -2.702933e+00 -1.172055e+00
    endloop
  endfacet
  facet normal 9.678889e-01 -1.949680e-01 -1.586773e-01
    outer loop
      vertex   5.892989e+00 -2.702933e+00 -7.487819e-01
      vertex   5.823597e+00 -2.702933e+00 -1.172055e+00
      vertex   5.867378e+00 -2.478421e+00 -1.180866e+00
    endloop
  endfacet
  facet normal 9.539161e-01 -1.949680e-01 -2.281044e-01
    outer loop
      vertex   5.867378e+00 -2.478421e+00 -1.180866e+00
      vertex   5.823597e+00 -2.702933e+00 -1.172055e+00
      vertex   5.766874e+00 -2.478421e+00 -1.601165e+00
    endloop
  endfacet
  facet normal 5.784652e-02 -9.979306e-01 2.807680e-02
    outer loop
      vertex   3.740052e+00 -4.000000e+00 2.018542e+00
      vertex   3.899730e+00 -4.000000e+00 1.689557e+00
      vertex   4.029892e+00 -3.985029e+00 1.953515e+00
    endloop
  endfacet
  facet normal 6.059230e-02 -9.978050e-01 2.671568e-02
    outer loop
      vertex   4.029892e+00 -3.985029e+00 1.953515e+00
      vertex   3.899730e+00 -4.000000e+00 1.689557e+00
      vertex   4.160349e+00 -3.985029e+00 1.657634e+00
    endloop
  endfacet
  facet normal 1.786213e-01 -9.807609e-01 7.875568e-02
    outer loop
      vertex   4.029892e+00 -3.985029e+00 1.953515e+00
      vertex   4.160349e+00 -3.985029e+00 1.657634e+00
      vertex   4.368916e+00 -3.940370e+00 1.740735e+00
    endloop
  endfacet
  facet normal 1.838385e-01 -9.807609e-01 6.566147e-02
    outer loop
      vertex   4.368916e+00 -3.940370e+00 1.740735e+00
      vertex   4.160349e+00 -3.985029e+00 1.657634e+00
      vertex   4.483134e+00 -3.940370e+00 1.420946e+00
    endloop
  endfacet
  facet normal 3.028875e-01 -9.468663e-01 1.081822e-01
    outer loop
      vertex   4.368916e+00 -3.940370e+00 1.740735e+00
      vertex   4.483134e+00 -3.940370e+00 1.420946e+00
      vertex   4.689766e+00 -3.866789e+00 1.486439e+00
    endloop
  endfacet
  facet normal 3.099041e-01 -9.468663e-01 8.604446e-02
    outer loop
      vertex   4.689766e+00 -3.866789e+00 1.486439e+00
      vertex   4.483134e+00 -3.940370e+00 1.420946e+00
      vertex   4.784799e+00 -3.866789e+00 1.144161e+00
    endloop
  endfacet
  facet normal 4.263908e-01 -8.967583e-01 1.183868e-01
    outer loop
      vertex   4.689766e+00 -3.866789e+00 1.486439e+00
      vertex   4.784799e+00 -3.866789e+00 1.144161e+00
      vertex   4.984474e+00 -3.765544e+00 1.191908e+00
    endloop
  endfacet
  facet normal 4.338219e-01 -8.967583e-01 8.731082e-02
    outer loop
      vertex   4.984474e+00 -3.765544e+00 1.191908e+00
      vertex   4.784799e+00 -3.866789e+00 1.144161e+00
      vertex   5.057486e+00 -3.765544e+00 8.291327e-01
    endloop
  endfacet
  facet normal 5.448947e-01 -8.313022e-01 1.096653e-01
    outer loop
      vertex   4.984474e+00 -3.765544e+00 1.191908e+00
      vertex   5.057486e+00 -3.765544e+00 8.291327e-01
      vertex   5.245311e+00 -3.638368e+00 8.599251e-01
    endloop
  endfacet
  facet normal 5.513874e-01 -8.313022e-01 7.006104e-02
    outer loop
      vertex   5.245311e+00 -3.638368e+00 8.599251e-01
      vertex   5.057486e+00 -3.765544e+00 8.291327e-01
      vertex   5.293688e+00 -3.638368e+00 4.791936e-01
    endloop
  endfacet
  facet normal 6.543279e-01 -7.516266e-01 8.314098e-02
    outer loop
      vertex   5.245311e+00 -3.638368e+00 8.599251e-01
      vertex   5.293688e+00 -3.638368e+00 4.791936e-01
      vertex   5.465092e+00 -3.487437e+00 4.947093e-01
    endloop
  endfacet
  facet normal 6.586215e-01 -7.516266e-01 3.570942e-02
    outer loop
      vertex   5.465092e+00 -3.487437e+00 4.947093e-01
      vertex   5.293688e+00 -3.638368e+00 4.791936e-01
      vertex   5.486542e+00 -3.487437e+00 9.907100e-02
    endloop
  endfacet
  facet normal 7.509500e-01 -6.591027e-01 4.071532e-02
    outer loop
      vertex   5.465092e+00 -3.487437e+00 4.947093e-01
      vertex   5.486542e+00 -3.487437e+00 9.907100e-02
      vertex   5.637449e+00 -3.315333e+00 1.017959e-01
    endloop
  endfacet
  facet normal 7.519303e-01 -6.591027e-01 -1.357768e-02
    outer loop
      vertex   5.637449e+00 -3.315333e+00 1.017959e-01
      vertex   5.486542e+00 -3.487437e+00 9.907100e-02
      vertex   5.630099e+00 -3.315333e+00 -3.052551e-01
    endloop
  endfacet
  facet normal 8.315014e-01 -5.553198e-01 -1.501450e-02
    outer loop
      vertex   5.637449e+00 -3.315333e+00 1.017959e-01
      vertex   5.630099e+00 -3.315333e+00 -3.052551e-01
      vertex   5.757089e+00 -3.125000e+00 -3.121403e-01
    endloop
  endfacet
  facet normal 8.282504e-01 -5.553198e-01 -7.497463e-02
    outer loop
      vertex   5.757089e+00 -3.125000e+00 -3.121403e-01
      vertex   5.630099e+00 -3.315333e+00 -3.052551e-01
      vertex   5.719558e+00 -3.125000e+00 -7.267452e-01
    endloop
  endfacet
  facet normal 8.933345e-01 -4.420567e-01 -8.086615e-02
    outer loop
      vertex   5.757089e+00 -3.125000e+00 -3.121403e-01
      vertex   5.719558e+00 -3.125000e+00 -7.267452e-01
      vertex   5.819995e+00 -2.919696e+00 -7.395071e-01
    endloop
  endfacet
  facet normal 8.851707e-01 -4.420567e-01 -1.451164e-01
    outer loop
      vertex   5.819995e+00 -2.919696e+00 -7.395071e-01
      vertex   5.719558e+00 -3.125000e+00 -7.267452e-01
      vertex   5.751463e+00 -2.919696e+00 -1.157537e+00
    endloop
  endfacet
  facet normal 9.345187e-01 -3.212515e-01 -1.532066e-01
    outer loop
      vertex   5.819995e+00 -2.919696e+00 -7.395071e-01
      vertex   5.751463e+00 -2.919696e+00 -1.157537e+00
      vertex   5.823597e+00 -2.702933e+00 -1.172055e+00
    endloop
  endfacet
  facet normal 9.210276e-01 -3.212515e-01 -2.202400e-01
    outer loop
      vertex   5.823597e+00 -2.702933e+00 -1.172055e+00
      vertex   5.751463e+00 -2.919696e+00 -1.157537e+00
      vertex   5.723844e+00 -2.702933e+00 -1.589217e+00
    endloop
  endfacet
  facet normal 9.539161e-01 -1.949680e-01 -2.281044e-01
    outer loop
      vertex   5.823597e+00 -2.702933e+00 -1.172055e+00
      vertex   5.723844e+00 -2.702933e+00 -1.589217e+00
      vertex   5.766874e+00 -2.478421e+00 -1.601165e+00
    endloop
  endfacet
  facet normal 9.349699e-01 -1.949680e-01 -2.963422e-01
    outer loop
      vertex   5.766874e+00 -2.478421e+00 -1.601165e+00
      vertex   5.723844e+00 -2.702933e+00 -1.589217e+00
      vertex   5.636305e+00 -2.478421e+00 -2.013116e+00
    endloop
  endfacet
  facet normal 6.014882e-02 -9.979235e-01 2.303948e-02
    outer loop
      vertex   3.899730e+00 -4.000000e+00 1.689557e+00
      vertex   4.030537e+00 -4.000000e+00 1.348063e+00
      vertex   4.160349e+00 -3.985029e+00 1.657634e+00
    endloop
  endfacet
  facet normal 6.214647e-02 -9.978202e-01 2.219682e-02
    outer loop
      vertex   4.160349e+00 -3.985029e+00 1.657634e+00
      vertex   4.030537e+00 -4.000000e+00 1.348063e+00
      vertex   4.269115e+00 -3.985029e+00 1.353112e+00
    endloop
  endfacet
  facet normal 1.838385e-01 -9.807609e-01 6.566147e-02
    outer loop
      vertex   4.160349e+00 -3.985029e+00 1.657634e+00
      vertex   4.269115e+00 -3.985029e+00 1.353112e+00
      vertex   4.483134e+00 -3.940370e+00 1.420946e+00
    endloop
  endfacet
  facet normal 1.880972e-01 -9.807609e-01 5.222494e-02
    outer loop
      vertex   4.483134e+00 -3.940370e+00 1.420946e+00
      vertex   4.269115e+00 -3.985029e+00 1.353112e+00
      vertex   4.573980e+00 -3.940370e+00 1.093749e+00
    endloop
  endfacet
  facet normal 3.099041e-01 -9.468663e-01 8.604446e-02
    outer loop
      vertex   4.483134e+00 -3.940370e+00 1.420946e+00
      vertex   4.573980e+00 -3.940370e+00 1.093749e+00
      vertex   4.784799e+00 -3.866789e+00 1.144161e+00
    endloop
  endfacet
  facet normal 3.153051e-01 -9.468663e-01 6.345818e-02
    outer loop
      vertex   4.784799e+00 -3.866789e+00 1.144161e+00
      vertex   4.573980e+00 -3.940370e+00 1.093749e+00
      vertex   4.854887e+00 -3.866789e+00 7.959182e-01
    endloop
  endfacet
  facet normal 4.338219e-01 -8.967583e-01 8.731082e-02
    outer loop
      vertex   4.784799e+00 -3.866789e+00 1.144161e+00
      vertex   4.854887e+00 -3.866789e+00 7.959182e-01
      vertex   5.057486e+00 -3.765544e+00 8.291327e-01
    endloop
  endfacet
  facet normal 4.389911e-01 -8.967583e-01 5.577961e-02
    outer loop
      vertex   5.057486e+00 -3.765544e+00 8.291327e-01
      vertex   4.854887e+00 -3.866789e+00 7.959182e-01
      vertex   5.104131e+00 -3.765544e+00 4.620345e-01
    endloop
  endfacet
  facet normal 5.513874e-01 -8.313022e-01 7.006104e-02
    outer loop
      vertex   5.057486e+00 -3.765544e+00 8.291327e-01
      vertex   5.104131e+00 -3.765544e+00 4.620345e-01
      vertex   5.293688e+00 -3.638368e+00 4.791936e-01
    endloop
  endfacet
  facet normal 5.550056e-01 -8.313022e-01 3.009153e-02
    outer loop
      vertex   5.293688e+00 -3.638368e+00 4.791936e-01
      vertex   5.104131e+00 -3.765544e+00 4.620345e-01
      vertex   5.314466e+00 -3.638368e+00 9.596381e-02
    endloop
  endfacet
  facet normal 6.586215e-01 -7.516266e-01 3.570942e-02
    outer loop
      vertex   5.293688e+00 -3.638368e+00 4.791936e-01
      vertex   5.314466e+00 -3.638368e+00 9.596381e-02
      vertex   5.486542e+00 -3.487437e+00 9.907100e-02
    endloop
  endfacet
  facet normal 6.594813e-01 -7.516266e-01 -1.190832e-02
    outer loop
      vertex   5.486542e+00 -3.487437e+00 9.907100e-02
      vertex   5.314466e+00 -3.638368e+00 9.596381e-02
      vertex   5.479389e+00 -3.487437e+00 -2.970838e-01
    endloop
  endfacet
  facet normal 7.519303e-01 -6.591027e-01 -1.357768e-02
    outer loop
      vertex   5.486542e+00 -3.487437e+00 9.907100e-02
      vertex   5.479389e+00 -3.487437e+00 -2.970838e-01
      vertex   5.630099e+00 -3.315333e+00 -3.052551e-01
    endloop
  endfacet
  facet normal 7.489905e-01 -6.591027e-01 -6.779989e-02
    outer loop
      vertex   5.630099e+00 -3.315333e+00 -3.052551e-01
      vertex   5.479389e+00 -3.487437e+00 -2.970838e-01
      vertex   5.593396e+00 -3.315333e+00 -7.107147e-01
    endloop
  endfacet
  facet normal 8.282504e-01 -5.553198e-01 -7.497463e-02
    outer loop
      vertex   5.630099e+00 -3.315333e+00 -3.052551e-01
      vertex   5.593396e+00 -3.315333e+00 -7.107147e-01
      vertex   5.719558e+00 -3.125000e+00 -7.267452e-01
    endloop
  endfacet
  facet normal 8.206814e-01 -5.553198e-01 -1.345439e-01
    outer loop
      vertex   5.719558e+00 -3.125000e+00 -7.267452e-01
      vertex   5.593396e+00 -3.315333e+00 -7.107147e-01
      vertex   5.652208e+00 -3.125000e+00 -1.137561e+00
    endloop
  endfacet
  facet normal 8.851707e-01 -4.420567e-01 -1.451164e-01
    outer loop
      vertex   5.719558e+00 -3.125000e+00 -7.267452e-01
      vertex   5.652208e+00 -3.125000e+00 -1.137561e+00
      vertex   5.751463e+00 -2.919696e+00 -1.157537e+00
    endloop
  endfacet
  facet normal 8.723920e-01 -4.420567e-01 -2.086100e-01
    outer loop
      vertex   5.751463e+00 -2.919696e+00 -1.157537e+00
      vertex   5.652208e+00 -3.125000e+00 -1.137561e+00
      vertex   5.652945e+00 -2.919696e+00 -1.569532e+00
    endloop
  endfacet
  facet normal 9.210276e-01 -3.212515e-01 -2.202400e-01
    outer loop
      vertex   5.751463e+00 -2.919696e+00 -1.157537e+00
      vertex   5.652945e+00 -2.919696e+00 -1.569532e+00
      vertex   5.723844e+00 -2.702933e+00 -1.589217e+00
    endloop
  endfacet
  facet normal 9.027347e-01 -3.212515e-01 -2.861251e-01
    outer loop
      vertex   5.723844e+00 -2.702933e+00 -1.589217e+00
      vertex   5.652945e+00 -2.919696e+00 -1.569532e+00
      vertex   5.594249e+00 -2.702933e+00 -1.998094e+00
    endloop
  endfacet
  facet normal 9.349699e-01 -1.949680e-01 -2.963422e-01
    outer loop
      vertex   5.723844e+00 -2.702933e+00 -1.589217e+00
      vertex   5.594249e+00 -2.702933e+00 -1.998094e+00
      vertex   5.636305e+00 -2.478421e+00 -2.013116e+00
    endloop
  endfacet
  facet normal 9.111493e-01 -1.949680e-01 -3.630351e-01
    outer loop
      vertex   5.636305e+00 -2.478421e+00 -2.013116e+00
      vertex   5.594249e+00 -2.702933e+00 -1.998094e+00
      vertex   5.476350e+00 -2.478421e+00 -2.414571e+00
    endloop
  endfacet
  facet normal 6.224289e-02 -9.979009e-01 1.788008e-02
    outer loop
      vertex   4.030537e+00 -4.000000e+00 1.348063e+00
      vertex   4.131502e+00 -4.000000e+00 9.965884e-01
      vertex   4.269115e+00 -3.985029e+00 1.353112e+00
    endloop
  endfacet
  facet normal 6.314144e-02 -9.978506e-01 1.753114e-02
    outer loop
      vertex   4.269115e+00 -3.985029e+00 1.353112e+00
      vertex   4.131502e+00 -4.000000e+00 9.965884e-01
      vertex   4.355624e+00 -3.985029e+00 1.041535e+00
    endloop
  endfacet
  facet normal 1.880972e-01 -9.807609e-01 5.222494e-02
    outer loop
      vertex   4.269115e+00 -3.985029e+00 1.353112e+00
      vertex   4.355624e+00 -3.985029e+00 1.041535e+00
      vertex   4.573980e+00 -3.940370e+00 1.093749e+00
    endloop
  endfacet
  facet normal 1.913753e-01 -9.807609e-01 3.851613e-02
    outer loop
      vertex   4.573980e+00 -3.940370e+00 1.093749e+00
      vertex   4.355624e+00 -3.985029e+00 1.041535e+00
      vertex   4.640979e+00 -3.940370e+00 7.608499e-01
    endloop
  endfacet
  facet normal 3.153051e-01 -9.468663e-01 6.345818e-02
    outer loop
      vertex   4.573980e+00 -3.940370e+00 1.093749e+00
      vertex   4.640979e+00 -3.940370e+00 7.608499e-01
      vertex   4.854887e+00 -3.866789e+00 7.959182e-01
    endloop
  endfacet
  facet normal 3.190621e-01 -9.468663e-01 4.054105e-02
    outer loop
      vertex   4.854887e+00 -3.866789e+00 7.959182e-01
      vertex   4.640979e+00 -3.940370e+00 7.608499e-01
      vertex   4.899663e+00 -3.866789e+00 4.435258e-01
    endloop
  endfacet
  facet normal 4.389911e-01 -8.967583e-01 5.577961e-02
    outer loop
      vertex   4.854887e+00 -3.866789e+00 7.959182e-01
      vertex   4.899663e+00 -3.866789e+00 4.435258e-01
      vertex   5.104131e+00 -3.765544e+00 4.620345e-01
    endloop
  endfacet
  facet normal 4.418717e-01 -8.967583e-01 2.395759e-02
    outer loop
      vertex   5.104131e+00 -3.765544e+00 4.620345e-01
      vertex   4.899663e+00 -3.866789e+00 4.435258e-01
      vertex   5.124165e+00 -3.765544e+00 9.252751e-02
    endloop
  endfacet
  facet normal 5.550056e-01 -8.313022e-01 3.009153e-02
    outer loop
      vertex   5.104131e+00 -3.765544e+00 4.620345e-01
      vertex   5.124165e+00 -3.765544e+00 9.252751e-02
      vertex   5.314466e+00 -3.638368e+00 9.596381e-02
    endloop
  endfacet
  facet normal 5.557301e-01 -8.313022e-01 -1.003487e-02
    outer loop
      vertex   5.314466e+00 -3.638368e+00 9.596381e-02
      vertex   5.124165e+00 -3.765544e+00 9.252751e-02
      vertex   5.307537e+00 -3.638368e+00 -2.877663e-01
    endloop
  endfacet
  facet normal 6.594813e-01 -7.516266e-01 -1.190832e-02
    outer loop
      vertex   5.314466e+00 -3.638368e+00 9.596381e-02
      vertex   5.307537e+00 -3.638368e+00 -2.877663e-01
      vertex   5.479389e+00 -3.487437e+00 -2.970838e-01
    endloop
  endfacet
  facet normal 6.569029e-01 -7.516266e-01 -5.946397e-02
    outer loop
      vertex   5.479389e+00 -3.487437e+00 -2.970838e-01
      vertex   5.307537e+00 -3.638368e+00 -2.877663e-01
      vertex   5.443669e+00 -3.487437e+00 -6.916898e-01
    endloop
  endfacet
  facet normal 7.489905e-01 -6.591027e-01 -6.779989e-02
    outer loop
      vertex   5.479389e+00 -3.487437e+00 -2.970838e-01
      vertex   5.443669e+00 -3.487437e+00 -6.916898e-01
      vertex   5.593396e+00 -3.315333e+00 -7.107147e-01
    endloop
  endfacet
  facet normal 7.421458e-01 -6.591027e-01 -1.216686e-01
    outer loop
      vertex   5.593396e+00 -3.315333e+00 -7.107147e-01
      vertex   5.443669e+00 -3.487437e+00 -6.916898e-01
      vertex   5.527532e+00 -3.315333e+00 -1.112469e+00
    endloop
  endfacet
  facet normal 8.206814e-01 -5.553198e-01 -1.345439e-01
    outer loop
      vertex   5.593396e+00 -3.315333e+00 -7.107147e-01
      vertex   5.527532e+00 -3.315333e+00 -1.112469e+00
      vertex   5.652208e+00 -3.125000e+00 -1.137561e+00
    endloop
  endfacet
  facet normal 8.088337e-01 -5.553198e-01 -1.934117e-01
    outer loop
      vertex   5.652208e+00 -3.125000e+00 -1.137561e+00
      vertex   5.527532e+00 -3.315333e+00 -1.112469e+00
      vertex   5.555390e+00 -3.125000e+00 -1.542447e+00
    endloop
  endfacet
  facet normal 8.723920e-01 -4.420567e-01 -2.086100e-01
    outer loop
      vertex   5.652208e+00 -3.125000e+00 -1.137561e+00
      vertex   5.555390e+00 -3.125000e+00 -1.542447e+00
      vertex   5.652945e+00 -2.919696e+00 -1.569532e+00
    endloop
  endfacet
  facet normal 8.550650e-01 -4.420567e-01 -2.710161e-01
    outer loop
      vertex   5.652945e+00 -2.919696e+00 -1.569532e+00
      vertex   5.555390e+00 -3.125000e+00 -1.542447e+00
      vertex   5.524955e+00 -2.919696e+00 -1.973345e+00
    endloop
  endfacet
  facet normal 9.027347e-01 -3.212515e-01 -2.861251e-01
    outer loop
      vertex   5.652945e+00 -2.919696e+00 -1.569532e+00
      vertex   5.524955e+00 -2.919696e+00 -1.973345e+00
      vertex   5.594249e+00 -2.702933e+00 -1.998094e+00
    endloop
  endfacet
  facet normal 8.797353e-01 -3.212515e-01 -3.505186e-01
    outer loop
      vertex   5.594249e+00 -2.702933e+00 -1.998094e+00
      vertex   5.524955e+00 -2.919696e+00 -1.973345e+00
      vertex   5.435488e+00 -2.702933e+00 -2.396554e+00
    endloop
  endfacet
  facet normal 9.111493e-01 -1.949680e-01 -3.630351e-01
    outer loop
      vertex   5.594249e+00 -2.702933e+00 -1.998094e+00
      vertex   5.435488e+00 -2.702933e+00 -2.396554e+00
      vertex   5.476350e+00 -2.478421e+00 -2.414571e+00
    endloop
  endfacet
  facet normal 8.825783e-01 -1.949680e-01 -4.278352e-01
    outer loop
      vertex   5.476350e+00 -2.478421e+00 -2.414571e+00
      vertex   5.435488e+00 -2.702933e+00 -2.396554e+00
      vertex   5.287845e+00 -2.478421e+00 -2.803438e+00
    endloop
  endfacet
  facet normal 6.407194e-02 -9.978620e-01 1.289509e-02
    outer loop
      vertex   4.355624e+00 -3.985029e+00 1.041535e+00
      vertex   4.131502e+00 -4.000000e+00 9.965884e-01
      vertex   4.419424e+00 -3.985029e+00 7.245279e-01
    endloop
  endfacet
  facet normal 6.369171e-02 -9.978914e-01 1.249107e-02
    outer loop
      vertex   4.419424e+00 -3.985029e+00 7.245279e-01
      vertex   4.131502e+00 -4.000000e+00 9.965884e-01
      vertex   4.201880e+00 -4.000000e+00 6.377354e-01
    endloop
  endfacet
  facet normal 6.535757e-02 -9.978274e-01 8.304541e-03
    outer loop
      vertex   4.419424e+00 -3.985029e+00 7.245279e-01
      vertex   4.201880e+00 -4.000000e+00 6.377354e-01
      vertex   4.460184e+00 -3.985029e+00 4.037434e-01
    endloop
  endfacet
  facet normal 6.411277e-02 -9.979186e-01 6.924554e-03
    outer loop
      vertex   4.460184e+00 -3.985029e+00 4.037434e-01
      vertex   4.201880e+00 -4.000000e+00 6.377354e-01
      vertex   4.241148e+00 -4.000000e+00 2.741609e-01
    endloop
  endfacet
  facet normal 6.608214e-02 -9.978078e-01 3.582869e-03
    outer loop
      vertex   4.460184e+00 -3.985029e+00 4.037434e-01
      vertex   4.241148e+00 -4.000000e+00 2.741609e-01
      vertex   4.477691e+00 -3.985029e+00 8.085408e-02
    endloop
  endfacet
  facet normal 6.429264e-02 -9.979301e-01 1.383647e-03
    outer loop
      vertex   4.477691e+00 -3.985029e+00 8.085408e-02
      vertex   4.241148e+00 -4.000000e+00 2.741609e-01
      vertex   4.249016e+00 -4.000000e+00 -9.144341e-02
    endloop
  endfacet
  facet normal 6.622795e-02 -9.978038e-01 -1.195884e-03
    outer loop
      vertex   4.477691e+00 -3.985029e+00 8.085408e-02
      vertex   4.249016e+00 -4.000000e+00 -9.144341e-02
      vertex   4.471853e+00 -3.985029e+00 -2.424568e-01
    endloop
  endfacet
  facet normal 6.423272e-02 -9.979263e-01 -4.152202e-03
    outer loop
      vertex   4.471853e+00 -3.985029e+00 -2.424568e-01
      vertex   4.249016e+00 -4.000000e+00 -9.144341e-02
      vertex   4.225426e+00 -4.000000e+00 -4.563707e-01
    endloop
  endfacet
  facet normal 6.579142e-02 -9.978156e-01 -5.955550e-03
    outer loop
      vertex   4.471853e+00 -3.985029e+00 -2.424568e-01
      vertex   4.225426e+00 -4.000000e+00 -4.563707e-01
      vertex   4.442701e+00 -3.985029e+00 -5.645037e-01
    endloop
  endfacet
  facet normal 6.393255e-02 -9.979070e-01 -9.703288e-03
    outer loop
      vertex   4.442701e+00 -3.985029e+00 -5.645037e-01
      vertex   4.225426e+00 -4.000000e+00 -4.563707e-01
      vertex   4.170552e+00 -4.000000e+00 -8.179192e-01
    endloop
  endfacet
  facet normal 6.478325e-02 -9.978428e-01 -1.062068e-02
    outer loop
      vertex   4.442701e+00 -3.985029e+00 -5.645037e-01
      vertex   4.170552e+00 -4.000000e+00 -8.179192e-01
      vertex   4.390386e+00 -3.985029e+00 -8.836074e-01
    endloop
  endfacet
  facet normal 6.342675e-02 -9.978712e-01 -1.516687e-02
    outer loop
      vertex   4.390386e+00 -3.985029e+00 -8.836074e-01
      vertex   4.170552e+00 -4.000000e+00 -8.179192e-01
      vertex   4.315182e+00 -3.985029e+00 -1.198104e+00
    endloop
  endfacet
  facet normal 1.898601e-01 -9.807609e-01 -4.540013e-02
    outer loop
      vertex   4.390386e+00 -3.985029e+00 -8.836074e-01
      vertex   4.315182e+00 -3.985029e+00 -1.198104e+00
      vertex   4.531511e+00 -3.940370e+00 -1.258168e+00
    endloop
  endfacet
  facet normal 1.860892e-01 -9.807609e-01 -5.898166e-02
    outer loop
      vertex   4.531511e+00 -3.940370e+00 -1.258168e+00
      vertex   4.315182e+00 -3.985029e+00 -1.198104e+00
      vertex   4.428912e+00 -3.940370e+00 -1.581872e+00
    endloop
  endfacet
  facet normal 3.065957e-01 -9.468663e-01 -9.717666e-02
    outer loop
      vertex   4.531511e+00 -3.940370e+00 -1.258168e+00
      vertex   4.428912e+00 -3.940370e+00 -1.581872e+00
      vertex   4.633045e+00 -3.866789e+00 -1.654782e+00
    endloop
  endfacet
  facet normal 2.987844e-01 -9.468663e-01 -1.190466e-01
    outer loop
      vertex   4.633045e+00 -3.866789e+00 -1.654782e+00
      vertex   4.428912e+00 -3.940370e+00 -1.581872e+00
      vertex   4.501562e+00 -3.866789e+00 -1.984778e+00
    endloop
  endfacet
  facet normal 4.110915e-01 -8.967583e-01 -1.637938e-01
    outer loop
      vertex   4.633045e+00 -3.866789e+00 -1.654782e+00
      vertex   4.501562e+00 -3.866789e+00 -1.984778e+00
      vertex   4.689417e+00 -3.765544e+00 -2.067605e+00
    endloop
  endfacet
  facet normal 3.982008e-01 -8.967583e-01 -1.930303e-01
    outer loop
      vertex   4.689417e+00 -3.765544e+00 -2.067605e+00
      vertex   4.501562e+00 -3.866789e+00 -1.984778e+00
      vertex   4.527999e+00 -3.765544e+00 -2.400593e+00
    endloop
  endfacet
  facet normal 5.001535e-01 -8.313022e-01 -2.424524e-01
    outer loop
      vertex   4.689417e+00 -3.765544e+00 -2.067605e+00
      vertex   4.527999e+00 -3.765544e+00 -2.400593e+00
      vertex   4.696160e+00 -3.638368e+00 -2.489747e+00
    endloop
  endfacet
  facet normal 4.813549e-01 -8.313022e-01 -2.779104e-01
    outer loop
      vertex   4.696160e+00 -3.638368e+00 -2.489747e+00
      vertex   4.527999e+00 -3.765544e+00 -2.400593e+00
      vertex   4.504264e+00 -3.638368e+00 -2.822121e+00
    endloop
  endfacet
  facet normal 5.712207e-01 -7.516266e-01 -3.297944e-01
    outer loop
      vertex   4.696160e+00 -3.638368e+00 -2.489747e+00
      vertex   4.504264e+00 -3.638368e+00 -2.822121e+00
      vertex   4.650107e+00 -3.487437e+00 -2.913498e+00
    endloop
  endfacet
  facet normal 6.321399e-02 -9.978835e-01 -1.524829e-02
    outer loop
      vertex   4.170552e+00 -4.000000e+00 -8.179192e-01
      vertex   4.084802e+00 -4.000000e+00 -1.173412e+00
      vertex   4.315182e+00 -3.985029e+00 -1.198104e+00
    endloop
  endfacet
  facet normal 6.271457e-02 -9.978335e-01 -1.987762e-02
    outer loop
      vertex   4.315182e+00 -3.985029e+00 -1.198104e+00
      vertex   4.084802e+00 -4.000000e+00 -1.173412e+00
      vertex   4.217481e+00 -3.985029e+00 -1.506355e+00
    endloop
  endfacet
  facet normal 1.860892e-01 -9.807609e-01 -5.898166e-02
    outer loop
      vertex   4.315182e+00 -3.985029e+00 -1.198104e+00
      vertex   4.217481e+00 -3.985029e+00 -1.506355e+00
      vertex   4.428912e+00 -3.940370e+00 -1.581872e+00
    endloop
  endfacet
  facet normal 1.813481e-01 -9.807609e-01 -7.225568e-02
    outer loop
      vertex   4.428912e+00 -3.940370e+00 -1.581872e+00
      vertex   4.217481e+00 -3.985029e+00 -1.506355e+00
      vertex   4.303223e+00 -3.940370e+00 -1.897329e+00
    endloop
  endfacet
  facet normal 2.987844e-01 -9.468663e-01 -1.190466e-01
    outer loop
      vertex   4.428912e+00 -3.940370e+00 -1.581872e+00
      vertex   4.303223e+00 -3.940370e+00 -1.897329e+00
      vertex   4.501562e+00 -3.866789e+00 -1.984778e+00
    endloop
  endfacet
  facet normal 2.894154e-01 -9.468663e-01 -1.402959e-01
    outer loop
      vertex   4.501562e+00 -3.866789e+00 -1.984778e+00
      vertex   4.303223e+00 -3.940370e+00 -1.897329e+00
      vertex   4.346611e+00 -3.866789e+00 -2.304427e+00
    endloop
  endfacet
  facet normal 3.982008e-01 -8.967583e-01 -1.930303e-01
    outer loop
      vertex   4.501562e+00 -3.866789e+00 -1.984778e+00
      vertex   4.346611e+00 -3.866789e+00 -2.304427e+00
      vertex   4.527999e+00 -3.765544e+00 -2.400593e+00
    endloop
  endfacet
  facet normal 3.832342e-01 -8.967583e-01 -2.212604e-01
    outer loop
      vertex   4.527999e+00 -3.765544e+00 -2.400593e+00
      vertex   4.346611e+00 -3.866789e+00 -2.304427e+00
      vertex   4.342974e+00 -3.765544e+00 -2.721066e+00
    endloop
  endfacet
  facet normal 4.813549e-01 -8.313022e-01 -2.779104e-01
    outer loop
      vertex   4.527999e+00 -3.765544e+00 -2.400593e+00
      vertex   4.342974e+00 -3.765544e+00 -2.721066e+00
      vertex   4.504264e+00 -3.638368e+00 -2.822121e+00
    endloop
  endfacet
  facet normal 6.122143e-02 -9.979142e-01 -2.047627e-02
    outer loop
      vertex   4.084802e+00 -4.000000e+00 -1.173412e+00
      vertex   3.968808e+00 -4.000000e+00 -1.520218e+00
      vertex   4.217481e+00 -3.985029e+00 -1.506355e+00
    endloop
  endfacet
  facet normal 6.143835e-02 -9.978107e-01 -2.447928e-02
    outer loop
      vertex   4.217481e+00 -3.985029e+00 -1.506355e+00
      vertex   3.968808e+00 -4.000000e+00 -1.520218e+00
      vertex   4.097792e+00 -3.985029e+00 -1.806752e+00
    endloop
  endfacet
  facet normal 1.813481e-01 -9.807609e-01 -7.225568e-02
    outer loop
      vertex   4.217481e+00 -3.985029e+00 -1.506355e+00
      vertex   4.097792e+00 -3.985029e+00 -1.806752e+00
      vertex   4.303223e+00 -3.940370e+00 -1.897329e+00
    endloop
  endfacet
  facet normal 1.756615e-01 -9.807609e-01 -8.515300e-02
    outer loop
      vertex   4.303223e+00 -3.940370e+00 -1.897329e+00
      vertex   4.097792e+00 -3.985029e+00 -1.806752e+00
      vertex   4.155098e+00 -3.940370e+00 -2.202894e+00
    endloop
  endfacet
  facet normal 2.894154e-01 -9.468663e-01 -1.402959e-01
    outer loop
      vertex   4.303223e+00 -3.940370e+00 -1.897329e+00
      vertex   4.155098e+00 -3.940370e+00 -2.202894e+00
      vertex   4.346611e+00 -3.866789e+00 -2.304427e+00
    endloop
  endfacet
  facet normal 2.785376e-01 -9.468663e-01 -1.608137e-01
    outer loop
      vertex   4.346611e+00 -3.866789e+00 -2.304427e+00
      vertex   4.155098e+00 -3.940370e+00 -2.202894e+00
      vertex   4.168998e+00 -3.866789e+00 -2.612062e+00
    endloop
  endfacet
  facet normal 3.832342e-01 -8.967583e-01 -2.212604e-01
    outer loop
      vertex   4.346611e+00 -3.866789e+00 -2.304427e+00
      vertex   4.168998e+00 -3.866789e+00 -2.612062e+00
      vertex   4.342974e+00 -3.765544e+00 -2.721066e+00
    endloop
  endfacet
  facet normal 5.902417e-02 -9.979290e-01 -2.557220e-02
    outer loop
      vertex   3.968808e+00 -4.000000e+00 -1.520218e+00
      vertex   3.823431e+00 -4.000000e+00 -1.855768e+00
      vertex   4.097792e+00 -3.985029e+00 -1.806752e+00
    endloop
  endfacet
  facet normal 5.961128e-02 -9.978033e-01 -2.889693e-02
    outer loop
      vertex   4.097792e+00 -3.985029e+00 -1.806752e+00
      vertex   3.823431e+00 -4.000000e+00 -1.855768e+00
      vertex   3.956739e+00 -3.985029e+00 -2.097730e+00
    endloop
  endfacet
  facet normal 1.756615e-01 -9.807609e-01 -8.515300e-02
    outer loop
      vertex   4.097792e+00 -3.985029e+00 -1.806752e+00
      vertex   3.956739e+00 -3.985029e+00 -2.097730e+00
      vertex   4.155098e+00 -3.940370e+00 -2.202894e+00
    endloop
  endfacet
  facet normal 1.690592e-01 -9.807609e-01 -9.760637e-02
    outer loop
      vertex   4.155098e+00 -3.940370e+00 -2.202894e+00
      vertex   3.956739e+00 -3.985029e+00 -2.097730e+00
      vertex   3.985311e+00 -3.940370e+00 -2.496974e+00
    endloop
  endfacet
  facet normal 2.785376e-01 -9.468663e-01 -1.608137e-01
    outer loop
      vertex   4.155098e+00 -3.940370e+00 -2.202894e+00
      vertex   3.985311e+00 -3.940370e+00 -2.496974e+00
      vertex   4.168998e+00 -3.866789e+00 -2.612062e+00
    endloop
  endfacet
  facet normal 5.661481e-02 -9.979284e-01 -3.055556e-02
    outer loop
      vertex   3.823431e+00 -4.000000e+00 -1.855768e+00
      vertex   3.649747e+00 -4.000000e+00 -2.177579e+00
      vertex   3.956739e+00 -3.985029e+00 -2.097730e+00
    endloop
  endfacet
  facet normal 5.726034e-02 -9.978118e-01 -3.305927e-02
    outer loop
      vertex   3.956739e+00 -3.985029e+00 -2.097730e+00
      vertex   3.649747e+00 -4.000000e+00 -2.177579e+00
      vertex   3.795057e+00 -3.985029e+00 -2.377771e+00
    endloop
  endfacet
  facet normal 1.690592e-01 -9.807609e-01 -9.760637e-02
    outer loop
      vertex   3.956739e+00 -3.985029e+00 -2.097730e+00
      vertex   3.795057e+00 -3.985029e+00 -2.377771e+00
      vertex   3.985311e+00 -3.940370e+00 -2.496974e+00
    endloop
  endfacet
  facet normal 5.398451e-02 -9.979125e-01 -3.544457e-02
    outer loop
      vertex   3.649747e+00 -4.000000e+00 -2.177579e+00
      vertex   3.449041e+00 -4.000000e+00 -2.483267e+00
      vertex   3.795057e+00 -3.985029e+00 -2.377771e+00
    endloop
  endfacet
  facet normal 4.715525e-02 -9.979089e-01 -4.420541e-02
    outer loop
      vertex   2.972698e+00 -4.000000e+00 -3.037362e+00
      vertex   3.195180e+00 -3.985029e+00 -3.138005e+00
      vertex   3.222800e+00 -4.000000e+00 -2.770571e+00
    endloop
  endfacet
  facet normal 4.849487e-02 -9.978404e-01 -4.430331e-02
    outer loop
      vertex   3.222800e+00 -4.000000e+00 -2.770571e+00
      vertex   3.195180e+00 -3.985029e+00 -3.138005e+00
      vertex   3.413282e+00 -3.985029e+00 -2.899268e+00
    endloop
  endfacet
  facet normal 5.115732e-02 -9.978745e-01 -4.036663e-02
    outer loop
      vertex   3.222800e+00 -4.000000e+00 -2.770571e+00
      vertex   3.413282e+00 -3.985029e+00 -2.899268e+00
      vertex   3.613589e+00 -3.985029e+00 -2.645416e+00
    endloop
  endfacet
  facet normal 1.532493e-01 -9.807609e-01 -1.209242e-01
    outer loop
      vertex   3.613589e+00 -3.985029e+00 -2.645416e+00
      vertex   3.413282e+00 -3.985029e+00 -2.899268e+00
      vertex   3.584397e+00 -3.940370e+00 -3.044615e+00
    endloop
  endfacet
  facet normal 1.532493e-01 -9.807609e-01 -1.209242e-01
    outer loop
      vertex   3.613589e+00 -3.985029e+00 -2.645416e+00
      vertex   3.584397e+00 -3.940370e+00 -3.044615e+00
      vertex   3.794746e+00 -3.940370e+00 -2.778036e+00
    endloop
  endfacet
  facet normal 2.524896e-01 -9.468663e-01 -1.992316e-01
    outer loop
      vertex   3.794746e+00 -3.940370e+00 -2.778036e+00
      vertex   3.584397e+00 -3.940370e+00 -3.044615e+00
      vertex   3.749606e+00 -3.866789e+00 -3.184944e+00
    endloop
  endfacet
  facet normal 2.524896e-01 -9.468663e-01 -1.992316e-01
    outer loop
      vertex   3.794746e+00 -3.940370e+00 -2.778036e+00
      vertex   3.749606e+00 -3.866789e+00 -3.184944e+00
      vertex   3.969650e+00 -3.866789e+00 -2.906078e+00
    endloop
  endfacet
  facet normal 3.473953e-01 -8.967583e-01 -2.741187e-01
    outer loop
      vertex   3.969650e+00 -3.866789e+00 -2.906078e+00
      vertex   3.749606e+00 -3.866789e+00 -3.184944e+00
      vertex   3.906081e+00 -3.765544e+00 -3.317855e+00
    endloop
  endfacet
  facet normal 3.473953e-01 -8.967583e-01 -2.741187e-01
    outer loop
      vertex   3.969650e+00 -3.866789e+00 -2.906078e+00
      vertex   3.906081e+00 -3.765544e+00 -3.317855e+00
      vertex   4.135307e+00 -3.765544e+00 -3.027352e+00
    endloop
  endfacet
  facet normal 4.263861e-01 -8.396414e-01 -3.364479e-01
    outer loop
      vertex   4.135307e+00 -3.765544e+00 -3.027352e+00
      vertex   3.906081e+00 -3.765544e+00 -3.317855e+00
      vertex   4.004650e+00 -3.692591e+00 -3.375000e+00
    endloop
  endfacet
  facet normal 4.397494e-01 -8.313838e-01 -3.397374e-01
    outer loop
      vertex   4.135307e+00 -3.765544e+00 -3.027352e+00
      vertex   4.004650e+00 -3.692591e+00 -3.375000e+00
      vertex   4.288884e+00 -3.638368e+00 -3.139782e+00
    endloop
  endfacet
  facet normal 4.645370e-01 -8.014939e-01 -3.765807e-01
    outer loop
      vertex   4.288884e+00 -3.638368e+00 -3.139782e+00
      vertex   4.004650e+00 -3.692591e+00 -3.375000e+00
      vertex   4.166391e+00 -3.598847e+00 -3.375000e+00
    endloop
  endfacet
  facet normal 5.232524e-01 -7.529935e-01 -3.990085e-01
    outer loop
      vertex   4.288884e+00 -3.638368e+00 -3.139782e+00
      vertex   4.166391e+00 -3.598847e+00 -3.375000e+00
      vertex   4.317117e+00 -3.494108e+00 -3.375000e+00
    endloop
  endfacet
  facet normal 4.544386e-02 -9.978143e-01 -4.797450e-02
    outer loop
      vertex   3.195180e+00 -3.985029e+00 -3.138005e+00
      vertex   2.972698e+00 -4.000000e+00 -3.037362e+00
      vertex   2.960420e+00 -3.985029e+00 -3.360382e+00
    endloop
  endfacet
  facet normal 4.299304e-02 -9.979271e-01 -4.788657e-02
    outer loop
      vertex   2.960420e+00 -3.985029e+00 -3.360382e+00
      vertex   2.972698e+00 -4.000000e+00 -3.037362e+00
      vertex   2.700587e+00 -4.000000e+00 -3.281665e+00
    endloop
  endfacet
  facet normal 4.196592e-02 -9.978036e-01 -5.125345e-02
    outer loop
      vertex   2.960420e+00 -3.985029e+00 -3.360382e+00
      vertex   2.700587e+00 -4.000000e+00 -3.281665e+00
      vertex   2.710225e+00 -3.985029e+00 -3.565240e+00
    endloop
  endfacet
  facet normal 3.869186e-02 -9.979298e-01 -5.137139e-02
    outer loop
      vertex   2.710225e+00 -3.985029e+00 -3.565240e+00
      vertex   2.700587e+00 -4.000000e+00 -3.281665e+00
      vertex   2.408482e+00 -4.000000e+00 -3.501673e+00
    endloop
  endfacet
  facet normal 3.811409e-02 -9.978086e-01 -5.408544e-02
    outer loop
      vertex   2.710225e+00 -3.985029e+00 -3.565240e+00
      vertex   2.408482e+00 -4.000000e+00 -3.501673e+00
      vertex   2.445900e+00 -3.985029e+00 -3.751510e+00
    endloop
  endfacet
  facet normal 3.423607e-02 -9.979172e-01 -5.467275e-02
    outer loop
      vertex   2.445900e+00 -3.985029e+00 -3.751510e+00
      vertex   2.408482e+00 -4.000000e+00 -3.501673e+00
      vertex   2.098546e+00 -4.000000e+00 -3.695755e+00
    endloop
  endfacet
  facet normal 3.395076e-02 -9.978293e-01 -5.642661e-02
    outer loop
      vertex   2.445900e+00 -3.985029e+00 -3.751510e+00
      vertex   2.098546e+00 -4.000000e+00 -3.695755e+00
      vertex   2.168824e+00 -3.985029e+00 -3.918221e+00
    endloop
  endfacet
  facet normal 2.960859e-02 -9.978889e-01 -5.780232e-02
    outer loop
      vertex   2.168824e+00 -3.985029e+00 -3.918221e+00
      vertex   2.098546e+00 -4.000000e+00 -3.695755e+00
      vertex   1.773073e+00 -4.000000e+00 -3.862475e+00
    endloop
  endfacet
  facet normal 2.954525e-02 -9.978650e-01 -5.824556e-02
    outer loop
      vertex   2.168824e+00 -3.985029e+00 -3.918221e+00
      vertex   1.773073e+00 -4.000000e+00 -3.862475e+00
      vertex   1.880440e+00 -3.985029e+00 -4.064505e+00
    endloop
  endfacet
  facet normal 2.536593e-02 -9.978479e-01 -6.046537e-02
    outer loop
      vertex   1.880440e+00 -3.985029e+00 -4.064505e+00
      vertex   1.773073e+00 -4.000000e+00 -3.862475e+00
      vertex   1.582253e+00 -3.985029e+00 -4.189598e+00
    endloop
  endfacet
  facet normal 3.786055e-02 -9.951993e-01 -9.024908e-02
    outer loop
      vertex   1.880440e+00 -3.985029e+00 -4.064505e+00
      vertex   1.582253e+00 -3.985029e+00 -4.189598e+00
      vertex   1.745492e+00 -3.983954e+00 -4.132961e+00
    endloop
  endfacet
  facet normal 8.278377e-02 -9.719429e-01 -2.201679e-01
    outer loop
      vertex   1.745492e+00 -3.983954e+00 -4.132961e+00
      vertex   1.582253e+00 -3.985029e+00 -4.189598e+00
      vertex   1.409957e+00 -3.983954e+00 -4.259123e+00
    endloop
  endfacet
  facet normal 3.139260e-02 -9.951552e-01 -9.316990e-02
    outer loop
      vertex   1.409957e+00 -3.983954e+00 -4.259123e+00
      vertex   1.582253e+00 -3.985029e+00 -4.189598e+00
      vertex   1.275816e+00 -3.985029e+00 -4.292848e+00
    endloop
  endfacet
  facet normal 6.250545e-02 -9.740363e-01 -2.175924e-01
    outer loop
      vertex   1.409957e+00 -3.983954e+00 -4.259123e+00
      vertex   1.275816e+00 -3.985029e+00 -4.292848e+00
      vertex   1.065420e+00 -3.983954e+00 -4.358094e+00
    endloop
  endfacet
  facet normal 2.531722e-02 -9.948627e-01 -9.801611e-02
    outer loop
      vertex   1.065420e+00 -3.983954e+00 -4.358094e+00
      vertex   1.275816e+00 -3.985029e+00 -4.292848e+00
      vertex   9.627281e-01 -3.985029e+00 -4.373718e+00
    endloop
  endfacet
  facet normal 4.113690e-02 -9.782857e-01 -2.031377e-01
    outer loop
      vertex   1.065420e+00 -3.983954e+00 -4.358094e+00
      vertex   9.627281e-01 -3.985029e+00 -4.373718e+00
      vertex   7.140813e-01 -3.983954e+00 -4.429243e+00
    endloop
  endfacet
  facet normal 1.922838e-02 -9.942505e-01 -1.053384e-01
    outer loop
      vertex   7.140813e-01 -3.983954e+00 -4.429243e+00
      vertex   9.627281e-01 -3.985029e+00 -4.373718e+00
      vertex   6.446208e-01 -3.985029e+00 -4.431785e+00
    endloop
  endfacet
  facet normal 2.183590e-02 -9.831910e-01 -1.812697e-01
    outer loop
      vertex   7.140813e-01 -3.983954e+00 -4.429243e+00
      vertex   6.446208e-01 -3.985029e+00 -4.431785e+00
      vertex   3.581840e-01 -3.983954e+00 -4.472115e+00
    endloop
  endfacet
  facet normal 1.263974e-02 -9.931430e-01 -1.162205e-01
    outer loop
      vertex   3.581840e-01 -3.983954e+00 -4.472115e+00
      vertex   6.446208e-01 -3.985029e+00 -4.431785e+00
      vertex   3.231528e-01 -3.985029e+00 -4.466747e+00
    endloop
  endfacet
  facet normal 2.444793e-02 -9.979030e-01 -5.993239e-02
    outer loop
      vertex   1.773073e+00 -4.000000e+00 -3.862475e+00
      vertex   1.434472e+00 -4.000000e+00 -4.000599e+00
      vertex   1.582253e+00 -3.985029e+00 -4.189598e+00
    endloop
  endfacet
  facet normal 2.107891e-02 -9.978186e-01 -6.255998e-02
    outer loop
      vertex   1.582253e+00 -3.985029e+00 -4.189598e+00
      vertex   1.434472e+00 -4.000000e+00 -4.000599e+00
      vertex   1.275816e+00 -3.985029e+00 -4.292848e+00
    endloop
  endfacet
  facet normal 1.910671e-02 -9.979245e-01 -6.149474e-02
    outer loop
      vertex   1.434472e+00 -4.000000e+00 -4.000599e+00
      vertex   1.085252e+00 -4.000000e+00 -4.109103e+00
      vertex   1.275816e+00 -3.985029e+00 -4.292848e+00
    endloop
  endfacet
  facet normal 1.656282e-02 -9.978045e-01 -6.412327e-02
    outer loop
      vertex   1.275816e+00 -3.985029e+00 -4.292848e+00
      vertex   1.085252e+00 -4.000000e+00 -4.109103e+00
      vertex   9.627281e-01 -3.985029e+00 -4.373718e+00
    endloop
  endfacet
  facet normal 1.372971e-02 -9.979305e-01 -6.281860e-02
    outer loop
      vertex   1.085252e+00 -4.000000e+00 -4.109103e+00
      vertex   7.279959e-01 -4.000000e+00 -4.187185e+00
      vertex   9.627281e-01 -3.985029e+00 -4.373718e+00
    endloop
  endfacet
  facet normal 1.188807e-02 -9.978062e-01 -6.512614e-02
    outer loop
      vertex   9.627281e-01 -3.985029e+00 -4.373718e+00
      vertex   7.279959e-01 -4.000000e+00 -4.187185e+00
      vertex   6.446208e-01 -3.985029e+00 -4.431785e+00
    endloop
  endfacet
  facet normal 8.297249e-03 -9.979212e-01 -6.390920e-02
    outer loop
      vertex   7.279959e-01 -4.000000e+00 -4.187185e+00
      vertex   3.653504e-01 -4.000000e+00 -4.234267e+00
      vertex   6.446208e-01 -3.985029e+00 -4.431785e+00
    endloop
  endfacet
  facet normal 7.129332e-03 -9.978236e-01 -6.555312e-02
    outer loop
      vertex   6.446208e-01 -3.985029e+00 -4.431785e+00
      vertex   3.653504e-01 -4.000000e+00 -4.234267e+00
      vertex   3.231528e-01 -3.985029e+00 -4.466747e+00
    endloop
  endfacet
  facet normal 2.789133e-03 -9.978963e-01 -6.477001e-02
    outer loop
      vertex   3.653504e-01 -4.000000e+00 -4.234267e+00
      vertex   -7.807123e-16 -4.000000e+00 -4.250000e+00
      vertex   3.231528e-01 -3.985029e+00 -4.466747e+00
    endloop
  endfacet
  facet normal 1.166372e-01 -9.872395e-01 -1.084155e-01
    outer loop
      vertex   3.141596e+00 -3.962018e+00 -3.375000e+00
      vertex   2.960420e+00 -3.985029e+00 -3.360382e+00
      vertex   2.955923e+00 -3.983954e+00 -3.375000e+00
    endloop
  endfacet
  facet normal 7.977428e-02 -9.920401e-01 -9.742923e-02
    outer loop
      vertex   2.955923e+00 -3.983954e+00 -3.375000e+00
      vertex   2.960420e+00 -3.985029e+00 -3.360382e+00
      vertex   2.710225e+00 -3.985029e+00 -3.565240e+00
    endloop
  endfacet
  facet normal 1.045778e-01 -9.860497e-01 -1.294973e-01
    outer loop
      vertex   2.955923e+00 -3.983954e+00 -3.375000e+00
      vertex   2.710225e+00 -3.985029e+00 -3.565240e+00
      vertex   2.677037e+00 -3.983954e+00 -3.600219e+00
    endloop
  endfacet
  facet normal 6.487738e-02 -9.936374e-01 -9.206362e-02
    outer loop
      vertex   2.677037e+00 -3.983954e+00 -3.600219e+00
      vertex   2.710225e+00 -3.985029e+00 -3.565240e+00
      vertex   2.445900e+00 -3.985029e+00 -3.751510e+00
    endloop
  endfacet
  facet normal 1.084490e-01 -9.813498e-01 -1.587182e-01
    outer loop
      vertex   2.677037e+00 -3.983954e+00 -3.600219e+00
      vertex   2.445900e+00 -3.985029e+00 -3.751510e+00
      vertex   2.381061e+00 -3.983954e+00 -3.802454e+00
    endloop
  endfacet
  facet normal 5.386467e-02 -9.945271e-01 -8.952377e-02
    outer loop
      vertex   2.381061e+00 -3.983954e+00 -3.802454e+00
      vertex   2.445900e+00 -3.985029e+00 -3.751510e+00
      vertex   2.168824e+00 -3.985029e+00 -3.918221e+00
    endloop
  endfacet
  facet normal 1.069358e-01 -9.765248e-01 -1.869866e-01
    outer loop
      vertex   2.381061e+00 -3.983954e+00 -3.802454e+00
      vertex   2.168824e+00 -3.985029e+00 -3.918221e+00
      vertex   2.069884e+00 -3.983954e+00 -3.980413e+00
    endloop
  endfacet
  facet normal 4.515812e-02 -9.950052e-01 -8.902479e-02
    outer loop
      vertex   2.069884e+00 -3.983954e+00 -3.980413e+00
      vertex   2.168824e+00 -3.985029e+00 -3.918221e+00
      vertex   1.880440e+00 -3.985029e+00 -4.064505e+00
    endloop
  endfacet
  facet normal 9.836454e-02 -9.729191e-01 -2.091716e-01
    outer loop
      vertex   2.069884e+00 -3.983954e+00 -3.980413e+00
      vertex   1.880440e+00 -3.985029e+00 -4.064505e+00
      vertex   1.745492e+00 -3.983954e+00 -4.132961e+00
    endloop
  endfacet
  facet normal 1.692726e-01 -9.667938e-01 -1.914588e-01
    outer loop
      vertex   3.325825e+00 -3.929762e+00 -3.375000e+00
      vertex   3.355361e+00 -3.940370e+00 -3.295320e+00
      vertex   3.141596e+00 -3.962018e+00 -3.375000e+00
    endloop
  endfacet
  facet normal 1.472176e-01 -9.807208e-01 -1.285059e-01
    outer loop
      vertex   3.141596e+00 -3.962018e+00 -3.375000e+00
      vertex   3.355361e+00 -3.940370e+00 -3.295320e+00
      vertex   3.195180e+00 -3.985029e+00 -3.138005e+00
    endloop
  endfacet
  facet normal 1.153776e-01 -9.858256e-01 -1.218026e-01
    outer loop
      vertex   3.141596e+00 -3.962018e+00 -3.375000e+00
      vertex   3.195180e+00 -3.985029e+00 -3.138005e+00
      vertex   2.960420e+00 -3.985029e+00 -3.360382e+00
    endloop
  endfacet
  facet normal 2.240460e-01 -9.517380e-01 -2.097576e-01
    outer loop
      vertex   3.325825e+00 -3.929762e+00 -3.375000e+00
      vertex   3.504863e+00 -3.887615e+00 -3.375000e+00
      vertex   3.355361e+00 -3.940370e+00 -3.295320e+00
    endloop
  endfacet
  facet normal 2.259336e-01 -9.520246e-01 -2.064055e-01
    outer loop
      vertex   3.355361e+00 -3.940370e+00 -3.295320e+00
      vertex   3.504863e+00 -3.887615e+00 -3.375000e+00
      vertex   3.584397e+00 -3.940370e+00 -3.044615e+00
    endloop
  endfacet
  facet normal 1.441242e-01 -9.807609e-01 -1.316671e-01
    outer loop
      vertex   3.355361e+00 -3.940370e+00 -3.295320e+00
      vertex   3.584397e+00 -3.940370e+00 -3.044615e+00
      vertex   3.413282e+00 -3.985029e+00 -2.899268e+00
    endloop
  endfacet
  facet normal 2.435188e-01 -9.469277e-01 -2.098250e-01
    outer loop
      vertex   3.584397e+00 -3.940370e+00 -3.044615e+00
      vertex   3.504863e+00 -3.887615e+00 -3.375000e+00
      vertex   3.749606e+00 -3.866789e+00 -3.184944e+00
    endloop
  endfacet
  facet normal 2.803664e-01 -9.240721e-01 -2.597794e-01
    outer loop
      vertex   3.749606e+00 -3.866789e+00 -3.184944e+00
      vertex   3.504863e+00 -3.887615e+00 -3.375000e+00
      vertex   3.674961e+00 -3.836007e+00 -3.375000e+00
    endloop
  endfacet
  facet normal 3.469243e-01 -8.947548e-01 -2.811716e-01
    outer loop
      vertex   3.749606e+00 -3.866789e+00 -3.184944e+00
      vertex   3.674961e+00 -3.836007e+00 -3.375000e+00
      vertex   3.838730e+00 -3.772509e+00 -3.375000e+00
    endloop
  endfacet
  facet normal 3.363901e-01 -8.968722e-01 -2.871618e-01
    outer loop
      vertex   3.749606e+00 -3.866789e+00 -3.184944e+00
      vertex   3.838730e+00 -3.772509e+00 -3.375000e+00
      vertex   3.906081e+00 -3.765544e+00 -3.317855e+00
    endloop
  endfacet
  facet normal 4.026839e-01 -8.360218e-01 -3.727107e-01
    outer loop
      vertex   3.906081e+00 -3.765544e+00 -3.317855e+00
      vertex   3.838730e+00 -3.772509e+00 -3.375000e+00
      vertex   4.004650e+00 -3.692591e+00 -3.375000e+00
    endloop
  endfacet
  facet normal 5.257525e-01 -7.517979e-01 -3.979751e-01
    outer loop
      vertex   4.288884e+00 -3.638368e+00 -3.139782e+00
      vertex   4.317117e+00 -3.494108e+00 -3.375000e+00
      vertex   4.427754e+00 -3.487437e+00 -3.241444e+00
    endloop
  endfacet
  facet normal 5.796642e-01 -6.818793e-01 -4.461278e-01
    outer loop
      vertex   4.427754e+00 -3.487437e+00 -3.241444e+00
      vertex   4.317117e+00 -3.494108e+00 -3.375000e+00
      vertex   4.450713e+00 -3.380539e+00 -3.375000e+00
    endloop
  endfacet
  facet normal 6.236871e-01 -6.590631e-01 -4.202978e-01
    outer loop
      vertex   4.427754e+00 -3.487437e+00 -3.241444e+00
      vertex   4.450713e+00 -3.380539e+00 -3.375000e+00
      vertex   4.549539e+00 -3.315333e+00 -3.330600e+00
    endloop
  endfacet
  facet normal 6.206330e-01 -5.854845e-01 -5.215579e-01
    outer loop
      vertex   4.549539e+00 -3.315333e+00 -3.330600e+00
      vertex   4.450713e+00 -3.380539e+00 -3.375000e+00
      vertex   4.574991e+00 -3.248800e+00 -3.375000e+00
    endloop
  endfacet
  facet normal -9.789392e-01 -4.835995e-02 -1.983415e-01
    outer loop
      vertex   -5.919722e+00 -2.250000e+00 -9.782090e-01
      vertex   -5.833631e+00 -2.250000e+00 -1.403122e+00
      vertex   -5.867378e+00 -2.478421e+00 -1.180866e+00
    endloop
  endfacet
  facet normal -9.692792e-01 -8.232118e-02 -2.317781e-01
    outer loop
      vertex   -5.867378e+00 -2.478421e+00 -1.180866e+00
      vertex   -5.833631e+00 -2.250000e+00 -1.403122e+00
      vertex   -5.766874e+00 -2.478421e+00 -1.601165e+00
    endloop
  endfacet
  facet normal -9.539161e-01 -1.949680e-01 -2.281044e-01
    outer loop
      vertex   -5.867378e+00 -2.478421e+00 -1.180866e+00
      vertex   -5.766874e+00 -2.478421e+00 -1.601165e+00
      vertex   -5.723844e+00 -2.702933e+00 -1.589217e+00
    endloop
  endfacet
  facet normal -9.349699e-01 -1.949680e-01 -2.963422e-01
    outer loop
      vertex   -5.723844e+00 -2.702933e+00 -1.589217e+00
      vertex   -5.766874e+00 -2.478421e+00 -1.601165e+00
      vertex   -5.594249e+00 -2.702933e+00 -1.998094e+00
    endloop
  endfacet
  facet normal -9.027347e-01 -3.212515e-01 -2.861251e-01
    outer loop
      vertex   -5.723844e+00 -2.702933e+00 -1.589217e+00
      vertex   -5.594249e+00 -2.702933e+00 -1.998094e+00
      vertex   -5.524955e+00 -2.919696e+00 -1.973345e+00
    endloop
  endfacet
  facet normal -8.797353e-01 -3.212515e-01 -3.505186e-01
    outer loop
      vertex   -5.524955e+00 -2.919696e+00 -1.973345e+00
      vertex   -5.594249e+00 -2.702933e+00 -1.998094e+00
      vertex   -5.368160e+00 -2.919696e+00 -2.366869e+00
    endloop
  endfacet
  facet normal -8.332801e-01 -4.420567e-01 -3.320092e-01
    outer loop
      vertex   -5.524955e+00 -2.919696e+00 -1.973345e+00
      vertex   -5.368160e+00 -2.919696e+00 -2.366869e+00
      vertex   -5.275521e+00 -3.125000e+00 -2.326023e+00
    endloop
  endfacet
  facet normal -8.071509e-01 -4.420567e-01 -3.912713e-01
    outer loop
      vertex   -5.275521e+00 -3.125000e+00 -2.326023e+00
      vertex   -5.368160e+00 -2.919696e+00 -2.366869e+00
      vertex   -5.093928e+00 -3.125000e+00 -2.700630e+00
    endloop
  endfacet
  facet normal -7.483458e-01 -5.553198e-01 -3.627651e-01
    outer loop
      vertex   -5.275521e+00 -3.125000e+00 -2.326023e+00
      vertex   -5.093928e+00 -3.125000e+00 -2.700630e+00
      vertex   -4.981566e+00 -3.315333e+00 -2.641059e+00
    endloop
  endfacet
  facet normal -7.202187e-01 -5.553198e-01 -4.158185e-01
    outer loop
      vertex   -4.981566e+00 -3.315333e+00 -2.641059e+00
      vertex   -5.093928e+00 -3.125000e+00 -2.700630e+00
      vertex   -4.778008e+00 -3.315333e+00 -2.993633e+00
    endloop
  endfacet
  facet normal -6.512969e-01 -6.591027e-01 -3.760265e-01
    outer loop
      vertex   -4.981566e+00 -3.315333e+00 -2.641059e+00
      vertex   -4.778008e+00 -3.315333e+00 -2.993633e+00
      vertex   -4.650107e+00 -3.487437e+00 -2.913498e+00
    endloop
  endfacet
  facet normal -6.224659e-01 -6.591027e-01 -4.220424e-01
    outer loop
      vertex   -4.650107e+00 -3.487437e+00 -2.913498e+00
      vertex   -4.778008e+00 -3.315333e+00 -2.993633e+00
      vertex   -4.427754e+00 -3.487437e+00 -3.241444e+00
    endloop
  endfacet
  facet normal -5.459344e-01 -7.516266e-01 -3.701527e-01
    outer loop
      vertex   -4.650107e+00 -3.487437e+00 -2.913498e+00
      vertex   -4.427754e+00 -3.487437e+00 -3.241444e+00
      vertex   -4.288884e+00 -3.638368e+00 -3.139782e+00
    endloop
  endfacet
  facet normal -5.246097e-01 -7.517813e-01 -3.995116e-01
    outer loop
      vertex   -4.288884e+00 -3.638368e+00 -3.139782e+00
      vertex   -4.427754e+00 -3.487437e+00 -3.241444e+00
      vertex   -4.166391e+00 -3.598847e+00 -3.375000e+00
    endloop
  endfacet
  facet normal -4.645370e-01 -8.014939e-01 -3.765807e-01
    outer loop
      vertex   -4.288884e+00 -3.638368e+00 -3.139782e+00
      vertex   -4.166391e+00 -3.598847e+00 -3.375000e+00
      vertex   -4.004650e+00 -3.692591e+00 -3.375000e+00
    endloop
  endfacet
  facet normal -9.620612e-01 -4.836178e-02 -2.685134e-01
    outer loop
      vertex   -5.833631e+00 -2.250000e+00 -1.403122e+00
      vertex   -5.717082e+00 -2.250000e+00 -1.820708e+00
      vertex   -5.766874e+00 -2.478421e+00 -1.601165e+00
    endloop
  endfacet
  facet normal -9.500281e-01 -8.231932e-02 -3.011150e-01
    outer loop
      vertex   -5.766874e+00 -2.478421e+00 -1.601165e+00
      vertex   -5.717082e+00 -2.250000e+00 -1.820708e+00
      vertex   -5.636305e+00 -2.478421e+00 -2.013116e+00
    endloop
  endfacet
  facet normal -9.349699e-01 -1.949680e-01 -2.963422e-01
    outer loop
      vertex   -5.766874e+00 -2.478421e+00 -1.601165e+00
      vertex   -5.636305e+00 -2.478421e+00 -2.013116e+00
      vertex   -5.594249e+00 -2.702933e+00 -1.998094e+00
    endloop
  endfacet
  facet normal -9.111493e-01 -1.949680e-01 -3.630351e-01
    outer loop
      vertex   -5.594249e+00 -2.702933e+00 -1.998094e+00
      vertex   -5.636305e+00 -2.478421e+00 -2.013116e+00
      vertex   -5.435488e+00 -2.702933e+00 -2.396554e+00
    endloop
  endfacet
  facet normal -8.797353e-01 -3.212515e-01 -3.505186e-01
    outer loop
      vertex   -5.594249e+00 -2.702933e+00 -1.998094e+00
      vertex   -5.435488e+00 -2.702933e+00 -2.396554e+00
      vertex   -5.368160e+00 -2.919696e+00 -2.366869e+00
    endloop
  endfacet
  facet normal -8.521494e-01 -3.212515e-01 -4.130846e-01
    outer loop
      vertex   -5.368160e+00 -2.919696e+00 -2.366869e+00
      vertex   -5.435488e+00 -2.702933e+00 -2.396554e+00
      vertex   -5.183379e+00 -2.919696e+00 -2.748054e+00
    endloop
  endfacet
  facet normal -8.071509e-01 -4.420567e-01 -3.912713e-01
    outer loop
      vertex   -5.368160e+00 -2.919696e+00 -2.366869e+00
      vertex   -5.183379e+00 -2.919696e+00 -2.748054e+00
      vertex   -5.093928e+00 -3.125000e+00 -2.700630e+00
    endloop
  endfacet
  facet normal -7.768136e-01 -4.420567e-01 -4.484935e-01
    outer loop
      vertex   -5.093928e+00 -3.125000e+00 -2.700630e+00
      vertex   -5.183379e+00 -2.919696e+00 -2.748054e+00
      vertex   -4.885778e+00 -3.125000e+00 -3.061156e+00
    endloop
  endfacet
  facet normal -7.202187e-01 -5.553198e-01 -4.158185e-01
    outer loop
      vertex   -5.093928e+00 -3.125000e+00 -2.700630e+00
      vertex   -4.885778e+00 -3.125000e+00 -3.061156e+00
      vertex   -4.778008e+00 -3.315333e+00 -2.993633e+00
    endloop
  endfacet
  facet normal -6.899908e-01 -5.553674e-01 -4.641980e-01
    outer loop
      vertex   -4.778008e+00 -3.315333e+00 -2.993633e+00
      vertex   -4.885778e+00 -3.125000e+00 -3.061156e+00
      vertex   -4.574991e+00 -3.248800e+00 -3.375000e+00
    endloop
  endfacet
  facet normal -6.808909e-01 -5.685611e-01 -4.616555e-01
    outer loop
      vertex   -4.778008e+00 -3.315333e+00 -2.993633e+00
      vertex   -4.574991e+00 -3.248800e+00 -3.375000e+00
      vertex   -4.549539e+00 -3.315333e+00 -3.330600e+00
    endloop
  endfacet
  facet normal -6.206330e-01 -5.854845e-01 -5.215579e-01
    outer loop
      vertex   -4.549539e+00 -3.315333e+00 -3.330600e+00
      vertex   -4.574991e+00 -3.248800e+00 -3.375000e+00
      vertex   -4.450713e+00 -3.380539e+00 -3.375000e+00
    endloop
  endfacet
  facet normal -6.236871e-01 -6.590631e-01 -4.202978e-01
    outer loop
      vertex   -4.549539e+00 -3.315333e+00 -3.330600e+00
      vertex   -4.450713e+00 -3.380539e+00 -3.375000e+00
      vertex   -4.427754e+00 -3.487437e+00 -3.241444e+00
    endloop
  endfacet
  facet normal -5.796642e-01 -6.818793e-01 -4.461278e-01
    outer loop
      vertex   -4.427754e+00 -3.487437e+00 -3.241444e+00
      vertex   -4.450713e+00 -3.380539e+00 -3.375000e+00
      vertex   -4.317117e+00 -3.494108e+00 -3.375000e+00
    endloop
  endfacet
  facet normal -5.239116e-01 -7.539422e-01 -3.963430e-01
    outer loop
      vertex   -4.427754e+00 -3.487437e+00 -3.241444e+00
      vertex   -4.317117e+00 -3.494108e+00 -3.375000e+00
      vertex   -4.166391e+00 -3.598847e+00 -3.375000e+00
    endloop
  endfacet
  facet normal -9.401600e-01 -4.836368e-02 -3.372833e-01
    outer loop
      vertex   -5.717082e+00 -2.250000e+00 -1.820708e+00
      vertex   -5.570682e+00 -2.250000e+00 -2.228788e+00
      vertex   -5.636305e+00 -2.478421e+00 -2.013116e+00
    endloop
  endfacet
  facet normal -9.258239e-01 -8.231739e-02 -3.688820e-01
    outer loop
      vertex   -5.636305e+00 -2.478421e+00 -2.013116e+00
      vertex   -5.570682e+00 -2.250000e+00 -2.228788e+00
      vertex   -5.476350e+00 -2.478421e+00 -2.414571e+00
    endloop
  endfacet
  facet normal -9.111493e-01 -1.949680e-01 -3.630351e-01
    outer loop
      vertex   -5.636305e+00 -2.478421e+00 -2.013116e+00
      vertex   -5.476350e+00 -2.478421e+00 -2.414571e+00
      vertex   -5.435488e+00 -2.702933e+00 -2.396554e+00
    endloop
  endfacet
  facet normal -8.825783e-01 -1.949680e-01 -4.278352e-01
    outer loop
      vertex   -5.435488e+00 -2.702933e+00 -2.396554e+00
      vertex   -5.476350e+00 -2.478421e+00 -2.414571e+00
      vertex   -5.248389e+00 -2.702933e+00 -2.782520e+00
    endloop
  endfacet
  facet normal -8.521494e-01 -3.212515e-01 -4.130846e-01
    outer loop
      vertex   -5.435488e+00 -2.702933e+00 -2.396554e+00
      vertex   -5.248389e+00 -2.702933e+00 -2.782520e+00
      vertex   -5.183379e+00 -2.919696e+00 -2.748054e+00
    endloop
  endfacet
  facet normal -8.201208e-01 -3.212515e-01 -4.734969e-01
    outer loop
      vertex   -5.183379e+00 -2.919696e+00 -2.748054e+00
      vertex   -5.248389e+00 -2.702933e+00 -2.782520e+00
      vertex   -4.971574e+00 -2.919696e+00 -3.114911e+00
    endloop
  endfacet
  facet normal -7.768136e-01 -4.420567e-01 -4.484935e-01
    outer loop
      vertex   -5.183379e+00 -2.919696e+00 -2.748054e+00
      vertex   -4.971574e+00 -2.919696e+00 -3.114911e+00
      vertex   -4.885778e+00 -3.125000e+00 -3.061156e+00
    endloop
  endfacet
  facet normal -7.487549e-01 -4.421921e-01 -4.937937e-01
    outer loop
      vertex   -4.885778e+00 -3.125000e+00 -3.061156e+00
      vertex   -4.971574e+00 -2.919696e+00 -3.114911e+00
      vertex   -4.785069e+00 -2.945061e+00 -3.375000e+00
    endloop
  endfacet
  facet normal -7.378369e-01 -4.556295e-01 -4.979944e-01
    outer loop
      vertex   -4.885778e+00 -3.125000e+00 -3.061156e+00
      vertex   -4.785069e+00 -2.945061e+00 -3.375000e+00
      vertex   -4.688767e+00 -3.101010e+00 -3.375000e+00
    endloop
  endfacet
  facet normal -9.133502e-01 -4.836565e-02 -4.042922e-01
    outer loop
      vertex   -5.570682e+00 -2.250000e+00 -2.228788e+00
      vertex   -5.395198e+00 -2.250000e+00 -2.625232e+00
      vertex   -5.476350e+00 -2.478421e+00 -2.414571e+00
    endloop
  endfacet
  facet normal -8.967930e-01 -8.231539e-02 -4.347258e-01
    outer loop
      vertex   -5.476350e+00 -2.478421e+00 -2.414571e+00
      vertex   -5.395198e+00 -2.250000e+00 -2.625232e+00
      vertex   -5.287845e+00 -2.478421e+00 -2.803438e+00
    endloop
  endfacet
  facet normal -8.825783e-01 -1.949680e-01 -4.278352e-01
    outer loop
      vertex   -5.476350e+00 -2.478421e+00 -2.414571e+00
      vertex   -5.287845e+00 -2.478421e+00 -2.803438e+00
      vertex   -5.248389e+00 -2.702933e+00 -2.782520e+00
    endloop
  endfacet
  facet normal -8.494060e-01 -1.949680e-01 -4.904048e-01
    outer loop
      vertex   -5.248389e+00 -2.702933e+00 -2.782520e+00
      vertex   -5.287845e+00 -2.478421e+00 -2.803438e+00
      vertex   -5.033927e+00 -2.702933e+00 -3.153978e+00
    endloop
  endfacet
  facet normal -8.201208e-01 -3.212515e-01 -4.734969e-01
    outer loop
      vertex   -5.248389e+00 -2.702933e+00 -2.782520e+00
      vertex   -5.033927e+00 -2.702933e+00 -3.153978e+00
      vertex   -4.971574e+00 -2.919696e+00 -3.114911e+00
    endloop
  endfacet
  facet normal -7.964535e-01 -3.214194e-01 -5.122025e-01
    outer loop
      vertex   -4.971574e+00 -2.919696e+00 -3.114911e+00
      vertex   -5.033927e+00 -2.702933e+00 -3.153978e+00
      vertex   -4.858339e+00 -2.785815e+00 -3.375000e+00
    endloop
  endfacet
  facet normal -7.753187e-01 -3.567290e-01 -5.211768e-01
    outer loop
      vertex   -4.971574e+00 -2.919696e+00 -3.114911e+00
      vertex   -4.858339e+00 -2.785815e+00 -3.375000e+00
      vertex   -4.785069e+00 -2.945061e+00 -3.375000e+00
    endloop
  endfacet
  facet normal -8.817716e-01 -4.836770e-02 -4.691903e-01
    outer loop
      vertex   -5.395198e+00 -2.250000e+00 -2.625232e+00
      vertex   -5.191544e+00 -2.250000e+00 -3.007968e+00
      vertex   -5.287845e+00 -2.478421e+00 -2.803438e+00
    endloop
  endfacet
  facet normal -8.630865e-01 -8.231332e-02 -4.983033e-01
    outer loop
      vertex   -5.287845e+00 -2.478421e+00 -2.803438e+00
      vertex   -5.191544e+00 -2.250000e+00 -3.007968e+00
      vertex   -5.071771e+00 -2.478421e+00 -3.177689e+00
    endloop
  endfacet
  facet normal -8.494060e-01 -1.949680e-01 -4.904048e-01
    outer loop
      vertex   -5.287845e+00 -2.478421e+00 -2.803438e+00
      vertex   -5.071771e+00 -2.478421e+00 -3.177689e+00
      vertex   -5.033927e+00 -2.702933e+00 -3.153978e+00
    endloop
  endfacet
  facet normal -8.242817e-01 -1.950744e-01 -5.315126e-01
    outer loop
      vertex   -5.033927e+00 -2.702933e+00 -3.153978e+00
      vertex   -5.071771e+00 -2.478421e+00 -3.177689e+00
      vertex   -4.913192e+00 -2.610885e+00 -3.375000e+00
    endloop
  endfacet
  facet normal -8.015524e-01 -2.513440e-01 -5.425310e-01
    outer loop
      vertex   -5.033927e+00 -2.702933e+00 -3.153978e+00
      vertex   -4.913192e+00 -2.610885e+00 -3.375000e+00
      vertex   -4.858339e+00 -2.785815e+00 -3.375000e+00
    endloop
  endfacet
  facet normal -8.451107e-01 -5.889000e-02 -5.313378e-01
    outer loop
      vertex   -4.960784e+00 -2.250000e+00 -3.375000e+00
      vertex   -4.948371e+00 -2.428138e+00 -3.375000e+00
      vertex   -5.191544e+00 -2.250000e+00 -3.007968e+00
    endloop
  endfacet
  facet normal -8.422094e-01 -4.224793e-02 -5.374927e-01
    outer loop
      vertex   -5.191544e+00 -2.250000e+00 -3.007968e+00
      vertex   -4.948371e+00 -2.428138e+00 -3.375000e+00
      vertex   -5.071771e+00 -2.478421e+00 -3.177689e+00
    endloop
  endfacet
  facet normal -8.186933e-01 -1.575973e-01 -5.521815e-01
    outer loop
      vertex   -4.948371e+00 -2.428138e+00 -3.375000e+00
      vertex   -4.913192e+00 -2.610885e+00 -3.375000e+00
      vertex   -5.071771e+00 -2.478421e+00 -3.177689e+00
    endloop
  endfacet
  facet normal -6.960469e-01 -5.358511e-01 -4.778935e-01
    outer loop
      vertex   -4.688767e+00 -3.101010e+00 -3.375000e+00
      vertex   -4.574991e+00 -3.248800e+00 -3.375000e+00
      vertex   -4.885778e+00 -3.125000e+00 -3.061156e+00
    endloop
  endfacet
  facet normal -2.240460e-01 -9.517380e-01 -2.097576e-01
    outer loop
      vertex   -3.504863e+00 -3.887615e+00 -3.375000e+00
      vertex   -3.325825e+00 -3.929762e+00 -3.375000e+00
      vertex   -3.355361e+00 -3.940370e+00 -3.295320e+00
    endloop
  endfacet
  facet normal -1.692726e-01 -9.667938e-01 -1.914588e-01
    outer loop
      vertex   -3.355361e+00 -3.940370e+00 -3.295320e+00
      vertex   -3.325825e+00 -3.929762e+00 -3.375000e+00
      vertex   -3.141596e+00 -3.962018e+00 -3.375000e+00
    endloop
  endfacet
  facet normal -9.836454e-02 -9.729191e-01 -2.091716e-01
    outer loop
      vertex   -2.069884e+00 -3.983954e+00 -3.980413e+00
      vertex   -1.745492e+00 -3.983954e+00 -4.132961e+00
      vertex   -1.880440e+00 -3.985029e+00 -4.064505e+00
    endloop
  endfacet
  facet normal -3.786055e-02 -9.951993e-01 -9.024908e-02
    outer loop
      vertex   -1.880440e+00 -3.985029e+00 -4.064505e+00
      vertex   -1.745492e+00 -3.983954e+00 -4.132961e+00
      vertex   -1.582253e+00 -3.985029e+00 -4.189598e+00
    endloop
  endfacet
  facet normal -8.278377e-02 -9.719429e-01 -2.201679e-01
    outer loop
      vertex   -1.745492e+00 -3.983954e+00 -4.132961e+00
      vertex   -1.409957e+00 -3.983954e+00 -4.259123e+00
      vertex   -1.582253e+00 -3.985029e+00 -4.189598e+00
    endloop
  endfacet
  facet normal -3.139260e-02 -9.951552e-01 -9.316990e-02
    outer loop
      vertex   -1.582253e+00 -3.985029e+00 -4.189598e+00
      vertex   -1.409957e+00 -3.983954e+00 -4.259123e+00
      vertex   -1.275816e+00 -3.985029e+00 -4.292848e+00
    endloop
  endfacet
  facet normal -6.250545e-02 -9.740363e-01 -2.175924e-01
    outer loop
      vertex   -1.409957e+00 -3.983954e+00 -4.259123e+00
      vertex   -1.065420e+00 -3.983954e+00 -4.358094e+00
      vertex   -1.275816e+00 -3.985029e+00 -4.292848e+00
    endloop
  endfacet
  facet normal -2.531722e-02 -9.948627e-01 -9.801611e-02
    outer loop
      vertex   -1.275816e+00 -3.985029e+00 -4.292848e+00
      vertex   -1.065420e+00 -3.983954e+00 -4.358094e+00
      vertex   -9.627281e-01 -3.985029e+00 -4.373718e+00
    endloop
  endfacet
  facet normal -4.113690e-02 -9.782857e-01 -2.031377e-01
    outer loop
      vertex   -1.065420e+00 -3.983954e+00 -4.358094e+00
      vertex   -7.140813e-01 -3.983954e+00 -4.429243e+00
      vertex   -9.627281e-01 -3.985029e+00 -4.373718e+00
    endloop
  endfacet
  facet normal -1.922838e-02 -9.942505e-01 -1.053384e-01
    outer loop
      vertex   -9.627281e-01 -3.985029e+00 -4.373718e+00
      vertex   -7.140813e-01 -3.983954e+00 -4.429243e+00
      vertex   -6.446208e-01 -3.985029e+00 -4.431785e+00
    endloop
  endfacet
  facet normal -2.183590e-02 -9.831910e-01 -1.812697e-01
    outer loop
      vertex   -7.140813e-01 -3.983954e+00 -4.429243e+00
      vertex   -3.581840e-01 -3.983954e+00 -4.472115e+00
      vertex   -6.446208e-01 -3.985029e+00 -4.431785e+00
    endloop
  endfacet
  facet normal -1.263974e-02 -9.931430e-01 -1.162205e-01
    outer loop
      vertex   -6.446208e-01 -3.985029e+00 -4.431785e+00
      vertex   -3.581840e-01 -3.983954e+00 -4.472115e+00
      vertex   -3.231528e-01 -3.985029e+00 -4.466747e+00
    endloop
  endfacet
  facet normal -6.265693e-03 -9.876246e-01 -1.567114e-01
    outer loop
      vertex   -3.581840e-01 -3.983954e+00 -4.472115e+00
      vertex   -5.494299e-16 -3.983954e+00 -4.486436e+00
      vertex   -3.231528e-01 -3.985029e+00 -4.466747e+00
    endloop
  endfacet
  facet normal -4.798071e-03 -9.911292e-01 -1.328150e-01
    outer loop
      vertex   -3.231528e-01 -3.985029e+00 -4.466747e+00
      vertex   -5.494299e-16 -3.983954e+00 -4.486436e+00
      vertex   5.484484e-16 -3.985029e+00 -4.478421e+00
    endloop
  endfacet
  facet normal -3.473953e-01 -8.967583e-01 -2.741187e-01
    outer loop
      vertex   -4.135307e+00 -3.765544e+00 -3.027352e+00
      vertex   -3.906081e+00 -3.765544e+00 -3.317855e+00
      vertex   -3.749606e+00 -3.866789e+00 -3.184944e+00
    endloop
  endfacet
  facet normal -3.473953e-01 -8.967583e-01 -2.741187e-01
    outer loop
      vertex   -4.135307e+00 -3.765544e+00 -3.027352e+00
      vertex   -3.749606e+00 -3.866789e+00 -3.184944e+00
      vertex   -3.969650e+00 -3.866789e+00 -2.906078e+00
    endloop
  endfacet
  facet normal -2.524896e-01 -9.468663e-01 -1.992316e-01
    outer loop
      vertex   -3.969650e+00 -3.866789e+00 -2.906078e+00
      vertex   -3.749606e+00 -3.866789e+00 -3.184944e+00
      vertex   -3.584397e+00 -3.940370e+00 -3.044615e+00
    endloop
  endfacet
  facet normal -1.615754e-01 -9.807609e-01 -1.095509e-01
    outer loop
      vertex   -3.795057e+00 -3.985029e+00 -2.377771e+00
      vertex   -3.985311e+00 -3.940370e+00 -2.496974e+00
      vertex   -3.613589e+00 -3.985029e+00 -2.645416e+00
    endloop
  endfacet
  facet normal -1.615754e-01 -9.807609e-01 -1.095509e-01
    outer loop
      vertex   -3.613589e+00 -3.985029e+00 -2.645416e+00
      vertex   -3.985311e+00 -3.940370e+00 -2.496974e+00
      vertex   -3.794746e+00 -3.940370e+00 -2.778036e+00
    endloop
  endfacet
  facet normal -1.532493e-01 -9.807609e-01 -1.209242e-01
    outer loop
      vertex   -3.613589e+00 -3.985029e+00 -2.645416e+00
      vertex   -3.794746e+00 -3.940370e+00 -2.778036e+00
      vertex   -3.413282e+00 -3.985029e+00 -2.899268e+00
    endloop
  endfacet
  facet normal -2.662075e-01 -9.468663e-01 -1.804932e-01
    outer loop
      vertex   -3.794746e+00 -3.940370e+00 -2.778036e+00
      vertex   -3.985311e+00 -3.940370e+00 -2.496974e+00
      vertex   -4.168998e+00 -3.866789e+00 -2.612062e+00
    endloop
  endfacet
  facet normal -2.785376e-01 -9.468663e-01 -1.608137e-01
    outer loop
      vertex   -4.168998e+00 -3.866789e+00 -2.612062e+00
      vertex   -3.985311e+00 -3.940370e+00 -2.496974e+00
      vertex   -4.346611e+00 -3.866789e+00 -2.304427e+00
    endloop
  endfacet
  facet normal -3.832342e-01 -8.967583e-01 -2.212604e-01
    outer loop
      vertex   -4.168998e+00 -3.866789e+00 -2.612062e+00
      vertex   -4.346611e+00 -3.866789e+00 -2.304427e+00
      vertex   -4.527999e+00 -3.765544e+00 -2.400593e+00
    endloop
  endfacet
  facet normal -3.982008e-01 -8.967583e-01 -1.930303e-01
    outer loop
      vertex   -4.527999e+00 -3.765544e+00 -2.400593e+00
      vertex   -4.346611e+00 -3.866789e+00 -2.304427e+00
      vertex   -4.689417e+00 -3.765544e+00 -2.067605e+00
    endloop
  endfacet
  facet normal -5.001535e-01 -8.313022e-01 -2.424524e-01
    outer loop
      vertex   -4.527999e+00 -3.765544e+00 -2.400593e+00
      vertex   -4.689417e+00 -3.765544e+00 -2.067605e+00
      vertex   -4.863573e+00 -3.638368e+00 -2.144392e+00
    endloop
  endfacet
  facet normal -5.163445e-01 -8.313022e-01 -2.057305e-01
    outer loop
      vertex   -4.863573e+00 -3.638368e+00 -2.144392e+00
      vertex   -4.689417e+00 -3.765544e+00 -2.067605e+00
      vertex   -5.005629e+00 -3.638368e+00 -1.787858e+00
    endloop
  endfacet
  facet normal -6.127427e-01 -7.516266e-01 -2.441390e-01
    outer loop
      vertex   -4.863573e+00 -3.638368e+00 -2.144392e+00
      vertex   -5.005629e+00 -3.638368e+00 -1.787858e+00
      vertex   -5.167706e+00 -3.487437e+00 -1.845746e+00
    endloop
  endfacet
  facet normal -6.287619e-01 -7.516266e-01 -1.992884e-01
    outer loop
      vertex   -5.167706e+00 -3.487437e+00 -1.845746e+00
      vertex   -5.005629e+00 -3.638368e+00 -1.787858e+00
      vertex   -5.287420e+00 -3.487437e+00 -1.468045e+00
    endloop
  endfacet
  facet normal -7.169045e-01 -6.591027e-01 -2.272256e-01
    outer loop
      vertex   -5.167706e+00 -3.487437e+00 -1.845746e+00
      vertex   -5.287420e+00 -3.487437e+00 -1.468045e+00
      vertex   -5.432850e+00 -3.315333e+00 -1.508423e+00
    endloop
  endfacet
  facet normal -7.314318e-01 -6.591027e-01 -1.749030e-01
    outer loop
      vertex   -5.432850e+00 -3.315333e+00 -1.508423e+00
      vertex   -5.287420e+00 -3.487437e+00 -1.468045e+00
      vertex   -5.527532e+00 -3.315333e+00 -1.112469e+00
    endloop
  endfacet
  facet normal -8.088337e-01 -5.553198e-01 -1.934117e-01
    outer loop
      vertex   -5.432850e+00 -3.315333e+00 -1.508423e+00
      vertex   -5.527532e+00 -3.315333e+00 -1.112469e+00
      vertex   -5.652208e+00 -3.125000e+00 -1.137561e+00
    endloop
  endfacet
  facet normal -8.206814e-01 -5.553198e-01 -1.345439e-01
    outer loop
      vertex   -5.652208e+00 -3.125000e+00 -1.137561e+00
      vertex   -5.527532e+00 -3.315333e+00 -1.112469e+00
      vertex   -5.719558e+00 -3.125000e+00 -7.267452e-01
    endloop
  endfacet
  facet normal -8.851707e-01 -4.420567e-01 -1.451164e-01
    outer loop
      vertex   -5.652208e+00 -3.125000e+00 -1.137561e+00
      vertex   -5.719558e+00 -3.125000e+00 -7.267452e-01
      vertex   -5.819995e+00 -2.919696e+00 -7.395071e-01
    endloop
  endfacet
  facet normal -8.933345e-01 -4.420567e-01 -8.086615e-02
    outer loop
      vertex   -5.819995e+00 -2.919696e+00 -7.395071e-01
      vertex   -5.719558e+00 -3.125000e+00 -7.267452e-01
      vertex   -5.858185e+00 -2.919696e+00 -3.176216e-01
    endloop
  endfacet
  facet normal -9.431377e-01 -3.212515e-01 -8.537442e-02
    outer loop
      vertex   -5.819995e+00 -2.919696e+00 -7.395071e-01
      vertex   -5.858185e+00 -2.919696e+00 -3.176216e-01
      vertex   -5.931658e+00 -2.702933e+00 -3.216052e-01
    endloop
  endfacet
  facet normal -9.468395e-01 -3.212515e-01 -1.709717e-02
    outer loop
      vertex   -5.931658e+00 -2.702933e+00 -3.216052e-01
      vertex   -5.858185e+00 -2.919696e+00 -3.176216e-01
      vertex   -5.939402e+00 -2.702933e+00 1.072483e-01
    endloop
  endfacet
  facet normal -9.806497e-01 -1.949680e-01 -1.770768e-02
    outer loop
      vertex   -5.931658e+00 -2.702933e+00 -3.216052e-01
      vertex   -5.939402e+00 -2.702933e+00 1.072483e-01
      vertex   -5.984053e+00 -2.478421e+00 1.080546e-01
    endloop
  endfacet
  facet normal -9.793712e-01 -1.949680e-01 5.309996e-02
    outer loop
      vertex   -5.984053e+00 -2.478421e+00 1.080546e-01
      vertex   -5.939402e+00 -2.702933e+00 1.072483e-01
      vertex   -5.960657e+00 -2.478421e+00 5.395688e-01
    endloop
  endfacet
  facet normal -1.690592e-01 -9.807609e-01 -9.760637e-02
    outer loop
      vertex   -3.985311e+00 -3.940370e+00 -2.496974e+00
      vertex   -3.795057e+00 -3.985029e+00 -2.377771e+00
      vertex   -4.155098e+00 -3.940370e+00 -2.202894e+00
    endloop
  endfacet
  facet normal -1.690592e-01 -9.807609e-01 -9.760637e-02
    outer loop
      vertex   -4.155098e+00 -3.940370e+00 -2.202894e+00
      vertex   -3.795057e+00 -3.985029e+00 -2.377771e+00
      vertex   -3.956739e+00 -3.985029e+00 -2.097730e+00
    endloop
  endfacet
  facet normal -1.756615e-01 -9.807609e-01 -8.515300e-02
    outer loop
      vertex   -4.155098e+00 -3.940370e+00 -2.202894e+00
      vertex   -3.956739e+00 -3.985029e+00 -2.097730e+00
      vertex   -4.303223e+00 -3.940370e+00 -1.897329e+00
    endloop
  endfacet
  facet normal -1.756615e-01 -9.807609e-01 -8.515300e-02
    outer loop
      vertex   -4.303223e+00 -3.940370e+00 -1.897329e+00
      vertex   -3.956739e+00 -3.985029e+00 -2.097730e+00
      vertex   -4.097792e+00 -3.985029e+00 -1.806752e+00
    endloop
  endfacet
  facet normal -1.813481e-01 -9.807609e-01 -7.225568e-02
    outer loop
      vertex   -4.303223e+00 -3.940370e+00 -1.897329e+00
      vertex   -4.097792e+00 -3.985029e+00 -1.806752e+00
      vertex   -4.428912e+00 -3.940370e+00 -1.581872e+00
    endloop
  endfacet
  facet normal -1.813481e-01 -9.807609e-01 -7.225568e-02
    outer loop
      vertex   -4.428912e+00 -3.940370e+00 -1.581872e+00
      vertex   -4.097792e+00 -3.985029e+00 -1.806752e+00
      vertex   -4.217481e+00 -3.985029e+00 -1.506355e+00
    endloop
  endfacet
  facet normal -1.860892e-01 -9.807609e-01 -5.898166e-02
    outer loop
      vertex   -4.428912e+00 -3.940370e+00 -1.581872e+00
      vertex   -4.217481e+00 -3.985029e+00 -1.506355e+00
      vertex   -4.531511e+00 -3.940370e+00 -1.258168e+00
    endloop
  endfacet
  facet normal -1.860892e-01 -9.807609e-01 -5.898166e-02
    outer loop
      vertex   -4.531511e+00 -3.940370e+00 -1.258168e+00
      vertex   -4.217481e+00 -3.985029e+00 -1.506355e+00
      vertex   -4.315182e+00 -3.985029e+00 -1.198104e+00
    endloop
  endfacet
  facet normal -1.898601e-01 -9.807609e-01 -4.540013e-02
    outer loop
      vertex   -4.531511e+00 -3.940370e+00 -1.258168e+00
      vertex   -4.315182e+00 -3.985029e+00 -1.198104e+00
      vertex   -4.610485e+00 -3.940370e+00 -9.279045e-01
    endloop
  endfacet
  facet normal -1.898601e-01 -9.807609e-01 -4.540013e-02
    outer loop
      vertex   -4.610485e+00 -3.940370e+00 -9.279045e-01
      vertex   -4.315182e+00 -3.985029e+00 -1.198104e+00
      vertex   -4.390386e+00 -3.985029e+00 -8.836074e-01
    endloop
  endfacet
  facet normal -1.926411e-01 -9.807609e-01 -3.158191e-02
    outer loop
      vertex   -4.610485e+00 -3.940370e+00 -9.279045e-01
      vertex   -4.390386e+00 -3.985029e+00 -8.836074e-01
      vertex   -4.665422e+00 -3.940370e+00 -5.928034e-01
    endloop
  endfacet
  facet normal -3.662695e-01 -8.967583e-01 -2.483369e-01
    outer loop
      vertex   -4.135307e+00 -3.765544e+00 -3.027352e+00
      vertex   -3.969650e+00 -3.866789e+00 -2.906078e+00
      vertex   -4.342974e+00 -3.765544e+00 -2.721066e+00
    endloop
  endfacet
  facet normal -4.600467e-01 -8.313022e-01 -3.119194e-01
    outer loop
      vertex   -4.135307e+00 -3.765544e+00 -3.027352e+00
      vertex   -4.342974e+00 -3.765544e+00 -2.721066e+00
      vertex   -4.504264e+00 -3.638368e+00 -2.822121e+00
    endloop
  endfacet
  facet normal -4.813549e-01 -8.313022e-01 -2.779104e-01
    outer loop
      vertex   -4.504264e+00 -3.638368e+00 -2.822121e+00
      vertex   -4.342974e+00 -3.765544e+00 -2.721066e+00
      vertex   -4.696160e+00 -3.638368e+00 -2.489747e+00
    endloop
  endfacet
  facet normal -5.712207e-01 -7.516266e-01 -3.297944e-01
    outer loop
      vertex   -4.504264e+00 -3.638368e+00 -2.822121e+00
      vertex   -4.696160e+00 -3.638368e+00 -2.489747e+00
      vertex   -4.848217e+00 -3.487437e+00 -2.570362e+00
    endloop
  endfacet
  facet normal -5.935289e-01 -7.516266e-01 -2.877167e-01
    outer loop
      vertex   -4.848217e+00 -3.487437e+00 -2.570362e+00
      vertex   -4.696160e+00 -3.638368e+00 -2.489747e+00
      vertex   -5.021050e+00 -3.487437e+00 -2.213825e+00
    endloop
  endfacet
  facet normal -6.767324e-01 -6.591027e-01 -3.280501e-01
    outer loop
      vertex   -4.848217e+00 -3.487437e+00 -2.570362e+00
      vertex   -5.021050e+00 -3.487437e+00 -2.213825e+00
      vertex   -5.159153e+00 -3.315333e+00 -2.274716e+00
    endloop
  endfacet
  facet normal -6.986396e-01 -6.591027e-01 -2.783635e-01
    outer loop
      vertex   -5.159153e+00 -3.315333e+00 -2.274716e+00
      vertex   -5.021050e+00 -3.487437e+00 -2.213825e+00
      vertex   -5.309843e+00 -3.315333e+00 -1.896513e+00
    endloop
  endfacet
  facet normal -7.725713e-01 -5.553198e-01 -3.078206e-01
    outer loop
      vertex   -5.159153e+00 -3.315333e+00 -2.274716e+00
      vertex   -5.309843e+00 -3.315333e+00 -1.896513e+00
      vertex   -5.429609e+00 -3.125000e+00 -1.939290e+00
    endloop
  endfacet
  facet normal -7.927691e-01 -5.553198e-01 -2.512711e-01
    outer loop
      vertex   -5.429609e+00 -3.125000e+00 -1.939290e+00
      vertex   -5.309843e+00 -3.315333e+00 -1.896513e+00
      vertex   -5.555390e+00 -3.125000e+00 -1.542447e+00
    endloop
  endfacet
  facet normal -8.550650e-01 -4.420567e-01 -2.710161e-01
    outer loop
      vertex   -5.429609e+00 -3.125000e+00 -1.939290e+00
      vertex   -5.555390e+00 -3.125000e+00 -1.542447e+00
      vertex   -5.652945e+00 -2.919696e+00 -1.569532e+00
    endloop
  endfacet
  facet normal -8.723920e-01 -4.420567e-01 -2.086100e-01
    outer loop
      vertex   -5.652945e+00 -2.919696e+00 -1.569532e+00
      vertex   -5.555390e+00 -3.125000e+00 -1.542447e+00
      vertex   -5.751463e+00 -2.919696e+00 -1.157537e+00
    endloop
  endfacet
  facet normal -9.210276e-01 -3.212515e-01 -2.202400e-01
    outer loop
      vertex   -5.652945e+00 -2.919696e+00 -1.569532e+00
      vertex   -5.751463e+00 -2.919696e+00 -1.157537e+00
      vertex   -5.823597e+00 -2.702933e+00 -1.172055e+00
    endloop
  endfacet
  facet normal -9.345187e-01 -3.212515e-01 -1.532066e-01
    outer loop
      vertex   -5.823597e+00 -2.702933e+00 -1.172055e+00
      vertex   -5.751463e+00 -2.919696e+00 -1.157537e+00
      vertex   -5.892989e+00 -2.702933e+00 -7.487819e-01
    endloop
  endfacet
  facet normal -9.678889e-01 -1.949680e-01 -1.586773e-01
    outer loop
      vertex   -5.823597e+00 -2.702933e+00 -1.172055e+00
      vertex   -5.892989e+00 -2.702933e+00 -7.487819e-01
      vertex   -5.937291e+00 -2.478421e+00 -7.544111e-01
    endloop
  endfacet
  facet normal -9.768157e-01 -1.949680e-01 -8.842301e-02
    outer loop
      vertex   -5.937291e+00 -2.478421e+00 -7.544111e-01
      vertex   -5.892989e+00 -2.702933e+00 -7.487819e-01
      vertex   -5.976251e+00 -2.478421e+00 -3.240229e-01
    endloop
  endfacet
  facet normal -6.224659e-01 -6.591027e-01 -4.220424e-01
    outer loop
      vertex   -4.549539e+00 -3.315333e+00 -3.330600e+00
      vertex   -4.427754e+00 -3.487437e+00 -3.241444e+00
      vertex   -4.778008e+00 -3.315333e+00 -2.993633e+00
    endloop
  endfacet
  facet normal -2.785376e-01 -9.468663e-01 -1.608137e-01
    outer loop
      vertex   -3.985311e+00 -3.940370e+00 -2.496974e+00
      vertex   -4.155098e+00 -3.940370e+00 -2.202894e+00
      vertex   -4.346611e+00 -3.866789e+00 -2.304427e+00
    endloop
  endfacet
  facet normal -2.894154e-01 -9.468663e-01 -1.402959e-01
    outer loop
      vertex   -4.346611e+00 -3.866789e+00 -2.304427e+00
      vertex   -4.155098e+00 -3.940370e+00 -2.202894e+00
      vertex   -4.501562e+00 -3.866789e+00 -1.984778e+00
    endloop
  endfacet
  facet normal -3.982008e-01 -8.967583e-01 -1.930303e-01
    outer loop
      vertex   -4.346611e+00 -3.866789e+00 -2.304427e+00
      vertex   -4.501562e+00 -3.866789e+00 -1.984778e+00
      vertex   -4.689417e+00 -3.765544e+00 -2.067605e+00
    endloop
  endfacet
  facet normal -4.110915e-01 -8.967583e-01 -1.637938e-01
    outer loop
      vertex   -4.689417e+00 -3.765544e+00 -2.067605e+00
      vertex   -4.501562e+00 -3.866789e+00 -1.984778e+00
      vertex   -4.826387e+00 -3.765544e+00 -1.723838e+00
    endloop
  endfacet
  facet normal -5.163445e-01 -8.313022e-01 -2.057305e-01
    outer loop
      vertex   -4.689417e+00 -3.765544e+00 -2.067605e+00
      vertex   -4.826387e+00 -3.765544e+00 -1.723838e+00
      vertex   -5.005629e+00 -3.638368e+00 -1.787858e+00
    endloop
  endfacet
  facet normal -5.298436e-01 -8.313022e-01 -1.679359e-01
    outer loop
      vertex   -5.005629e+00 -3.638368e+00 -1.787858e+00
      vertex   -4.826387e+00 -3.765544e+00 -1.723838e+00
      vertex   -5.121589e+00 -3.638368e+00 -1.422002e+00
    endloop
  endfacet
  facet normal -6.287619e-01 -7.516266e-01 -1.992884e-01
    outer loop
      vertex   -5.005629e+00 -3.638368e+00 -1.787858e+00
      vertex   -5.121589e+00 -3.638368e+00 -1.422002e+00
      vertex   -5.287420e+00 -3.487437e+00 -1.468045e+00
    endloop
  endfacet
  facet normal -6.415031e-01 -7.516266e-01 -1.533989e-01
    outer loop
      vertex   -5.287420e+00 -3.487437e+00 -1.468045e+00
      vertex   -5.121589e+00 -3.638368e+00 -1.422002e+00
      vertex   -5.379567e+00 -3.487437e+00 -1.082690e+00
    endloop
  endfacet
  facet normal -7.314318e-01 -6.591027e-01 -1.749030e-01
    outer loop
      vertex   -5.287420e+00 -3.487437e+00 -1.468045e+00
      vertex   -5.379567e+00 -3.487437e+00 -1.082690e+00
      vertex   -5.527532e+00 -3.315333e+00 -1.112469e+00
    endloop
  endfacet
  facet normal -7.421458e-01 -6.591027e-01 -1.216686e-01
    outer loop
      vertex   -5.527532e+00 -3.315333e+00 -1.112469e+00
      vertex   -5.379567e+00 -3.487437e+00 -1.082690e+00
      vertex   -5.593396e+00 -3.315333e+00 -7.107147e-01
    endloop
  endfacet
  facet normal -8.206814e-01 -5.553198e-01 -1.345439e-01
    outer loop
      vertex   -5.527532e+00 -3.315333e+00 -1.112469e+00
      vertex   -5.593396e+00 -3.315333e+00 -7.107147e-01
      vertex   -5.719558e+00 -3.125000e+00 -7.267452e-01
    endloop
  endfacet
  facet normal -8.282504e-01 -5.553198e-01 -7.497463e-02
    outer loop
      vertex   -5.719558e+00 -3.125000e+00 -7.267452e-01
      vertex   -5.593396e+00 -3.315333e+00 -7.107147e-01
      vertex   -5.757089e+00 -3.125000e+00 -3.121403e-01
    endloop
  endfacet
  facet normal -8.933345e-01 -4.420567e-01 -8.086615e-02
    outer loop
      vertex   -5.719558e+00 -3.125000e+00 -7.267452e-01
      vertex   -5.757089e+00 -3.125000e+00 -3.121403e-01
      vertex   -5.858185e+00 -2.919696e+00 -3.176216e-01
    endloop
  endfacet
  facet normal -8.968409e-01 -4.420567e-01 -1.619434e-02
    outer loop
      vertex   -5.858185e+00 -2.919696e+00 -3.176216e-01
      vertex   -5.757089e+00 -3.125000e+00 -3.121403e-01
      vertex   -5.865833e+00 -2.919696e+00 1.059199e-01
    endloop
  endfacet
  facet normal -9.468395e-01 -3.212515e-01 -1.709717e-02
    outer loop
      vertex   -5.858185e+00 -2.919696e+00 -3.176216e-01
      vertex   -5.865833e+00 -2.919696e+00 1.059199e-01
      vertex   -5.939402e+00 -2.702933e+00 1.072483e-01
    endloop
  endfacet
  facet normal -9.456050e-01 -3.212515e-01 5.126922e-02
    outer loop
      vertex   -5.939402e+00 -2.702933e+00 1.072483e-01
      vertex   -5.865833e+00 -2.919696e+00 1.059199e-01
      vertex   -5.916181e+00 -2.702933e+00 5.355427e-01
    endloop
  endfacet
  facet normal -9.793712e-01 -1.949680e-01 5.309996e-02
    outer loop
      vertex   -5.939402e+00 -2.702933e+00 1.072483e-01
      vertex   -5.916181e+00 -2.702933e+00 5.355427e-01
      vertex   -5.960657e+00 -2.478421e+00 5.395688e-01
    endloop
  endfacet
  facet normal -9.729866e-01 -1.949680e-01 1.236308e-01
    outer loop
      vertex   -5.960657e+00 -2.478421e+00 5.395688e-01
      vertex   -5.916181e+00 -2.702933e+00 5.355427e-01
      vertex   -5.906185e+00 -2.478421e+00 9.682699e-01
    endloop
  endfacet
  facet normal -2.894154e-01 -9.468663e-01 -1.402959e-01
    outer loop
      vertex   -4.501562e+00 -3.866789e+00 -1.984778e+00
      vertex   -4.155098e+00 -3.940370e+00 -2.202894e+00
      vertex   -4.303223e+00 -3.940370e+00 -1.897329e+00
    endloop
  endfacet
  facet normal -2.987844e-01 -9.468663e-01 -1.190466e-01
    outer loop
      vertex   -4.501562e+00 -3.866789e+00 -1.984778e+00
      vertex   -4.303223e+00 -3.940370e+00 -1.897329e+00
      vertex   -4.633045e+00 -3.866789e+00 -1.654782e+00
    endloop
  endfacet
  facet normal -2.987844e-01 -9.468663e-01 -1.190466e-01
    outer loop
      vertex   -4.633045e+00 -3.866789e+00 -1.654782e+00
      vertex   -4.303223e+00 -3.940370e+00 -1.897329e+00
      vertex   -4.428912e+00 -3.940370e+00 -1.581872e+00
    endloop
  endfacet
  facet normal -3.065957e-01 -9.468663e-01 -9.717666e-02
    outer loop
      vertex   -4.633045e+00 -3.866789e+00 -1.654782e+00
      vertex   -4.428912e+00 -3.940370e+00 -1.581872e+00
      vertex   -4.740373e+00 -3.866789e+00 -1.316158e+00
    endloop
  endfacet
  facet normal -3.065957e-01 -9.468663e-01 -9.717666e-02
    outer loop
      vertex   -4.740373e+00 -3.866789e+00 -1.316158e+00
      vertex   -4.428912e+00 -3.940370e+00 -1.581872e+00
      vertex   -4.531511e+00 -3.940370e+00 -1.258168e+00
    endloop
  endfacet
  facet normal -3.128085e-01 -9.468663e-01 -7.480008e-02
    outer loop
      vertex   -4.740373e+00 -3.866789e+00 -1.316158e+00
      vertex   -4.531511e+00 -3.940370e+00 -1.258168e+00
      vertex   -4.822987e+00 -3.866789e+00 -9.706725e-01
    endloop
  endfacet
  facet normal -3.128085e-01 -9.468663e-01 -7.480008e-02
    outer loop
      vertex   -4.822987e+00 -3.866789e+00 -9.706725e-01
      vertex   -4.531511e+00 -3.940370e+00 -1.258168e+00
      vertex   -4.610485e+00 -3.940370e+00 -9.279045e-01
    endloop
  endfacet
  facet normal -3.173905e-01 -9.468663e-01 -5.203353e-02
    outer loop
      vertex   -4.822987e+00 -3.866789e+00 -9.706725e-01
      vertex   -4.610485e+00 -3.940370e+00 -9.279045e-01
      vertex   -4.880456e+00 -3.866789e+00 -6.201263e-01
    endloop
  endfacet
  facet normal -3.173905e-01 -9.468663e-01 -5.203353e-02
    outer loop
      vertex   -4.880456e+00 -3.866789e+00 -6.201263e-01
      vertex   -4.610485e+00 -3.940370e+00 -9.279045e-01
      vertex   -4.665422e+00 -3.940370e+00 -5.928034e-01
    endloop
  endfacet
  facet normal -3.203178e-01 -9.468663e-01 -2.899571e-02
    outer loop
      vertex   -4.880456e+00 -3.866789e+00 -6.201263e-01
      vertex   -4.665422e+00 -3.940370e+00 -5.928034e-01
      vertex   -4.912481e+00 -3.866789e+00 -2.663470e-01
    endloop
  endfacet
  facet normal -4.110915e-01 -8.967583e-01 -1.637938e-01
    outer loop
      vertex   -4.501562e+00 -3.866789e+00 -1.984778e+00
      vertex   -4.633045e+00 -3.866789e+00 -1.654782e+00
      vertex   -4.826387e+00 -3.765544e+00 -1.723838e+00
    endloop
  endfacet
  facet normal -4.218388e-01 -8.967583e-01 -1.337034e-01
    outer loop
      vertex   -4.826387e+00 -3.765544e+00 -1.723838e+00
      vertex   -4.633045e+00 -3.866789e+00 -1.654782e+00
      vertex   -4.938194e+00 -3.765544e+00 -1.371083e+00
    endloop
  endfacet
  facet normal -5.298436e-01 -8.313022e-01 -1.679359e-01
    outer loop
      vertex   -4.826387e+00 -3.765544e+00 -1.723838e+00
      vertex   -4.938194e+00 -3.765544e+00 -1.371083e+00
      vertex   -5.121589e+00 -3.638368e+00 -1.422002e+00
    endloop
  endfacet
  facet normal -5.405803e-01 -8.313022e-01 -1.292658e-01
    outer loop
      vertex   -5.121589e+00 -3.638368e+00 -1.422002e+00
      vertex   -4.938194e+00 -3.765544e+00 -1.371083e+00
      vertex   -5.210846e+00 -3.638368e+00 -1.048733e+00
    endloop
  endfacet
  facet normal -6.415031e-01 -7.516266e-01 -1.533989e-01
    outer loop
      vertex   -5.121589e+00 -3.638368e+00 -1.422002e+00
      vertex   -5.210846e+00 -3.638368e+00 -1.048733e+00
      vertex   -5.379567e+00 -3.487437e+00 -1.082690e+00
    endloop
  endfacet
  facet normal -6.508998e-01 -7.516266e-01 -1.067096e-01
    outer loop
      vertex   -5.379567e+00 -3.487437e+00 -1.082690e+00
      vertex   -5.210846e+00 -3.638368e+00 -1.048733e+00
      vertex   -5.443669e+00 -3.487437e+00 -6.916898e-01
    endloop
  endfacet
  facet normal -7.421458e-01 -6.591027e-01 -1.216686e-01
    outer loop
      vertex   -5.379567e+00 -3.487437e+00 -1.082690e+00
      vertex   -5.443669e+00 -3.487437e+00 -6.916898e-01
      vertex   -5.593396e+00 -3.315333e+00 -7.107147e-01
    endloop
  endfacet
  facet normal -7.489905e-01 -6.591027e-01 -6.779989e-02
    outer loop
      vertex   -5.593396e+00 -3.315333e+00 -7.107147e-01
      vertex   -5.443669e+00 -3.487437e+00 -6.916898e-01
      vertex   -5.630099e+00 -3.315333e+00 -3.052551e-01
    endloop
  endfacet
  facet normal -8.282504e-01 -5.553198e-01 -7.497463e-02
    outer loop
      vertex   -5.593396e+00 -3.315333e+00 -7.107147e-01
      vertex   -5.630099e+00 -3.315333e+00 -3.052551e-01
      vertex   -5.757089e+00 -3.125000e+00 -3.121403e-01
    endloop
  endfacet
  facet normal -8.315014e-01 -5.553198e-01 -1.501450e-02
    outer loop
      vertex   -5.757089e+00 -3.125000e+00 -3.121403e-01
      vertex   -5.630099e+00 -3.315333e+00 -3.052551e-01
      vertex   -5.764605e+00 -3.125000e+00 1.040920e-01
    endloop
  endfacet
  facet normal -8.968409e-01 -4.420567e-01 -1.619434e-02
    outer loop
      vertex   -5.757089e+00 -3.125000e+00 -3.121403e-01
      vertex   -5.764605e+00 -3.125000e+00 1.040920e-01
      vertex   -5.865833e+00 -2.919696e+00 1.059199e-01
    endloop
  endfacet
  facet normal -8.956716e-01 -4.420567e-01 4.856190e-02
    outer loop
      vertex   -5.865833e+00 -2.919696e+00 1.059199e-01
      vertex   -5.764605e+00 -3.125000e+00 1.040920e-01
      vertex   -5.842899e+00 -2.919696e+00 5.289091e-01
    endloop
  endfacet
  facet normal -9.456050e-01 -3.212515e-01 5.126922e-02
    outer loop
      vertex   -5.865833e+00 -2.919696e+00 1.059199e-01
      vertex   -5.842899e+00 -2.919696e+00 5.289091e-01
      vertex   -5.916181e+00 -2.702933e+00 5.355427e-01
    endloop
  endfacet
  facet normal -9.394406e-01 -3.212515e-01 1.193683e-01
    outer loop
      vertex   -5.916181e+00 -2.702933e+00 5.355427e-01
      vertex   -5.842899e+00 -2.919696e+00 5.289091e-01
      vertex   -5.862115e+00 -2.702933e+00 9.610450e-01
    endloop
  endfacet
  facet normal -9.729866e-01 -1.949680e-01 1.236308e-01
    outer loop
      vertex   -5.916181e+00 -2.702933e+00 5.355427e-01
      vertex   -5.862115e+00 -2.702933e+00 9.610450e-01
      vertex   -5.906185e+00 -2.478421e+00 9.682699e-01
    endloop
  endfacet
  facet normal -9.615293e-01 -1.949680e-01 1.935170e-01
    outer loop
      vertex   -5.906185e+00 -2.478421e+00 9.682699e-01
      vertex   -5.862115e+00 -2.702933e+00 9.610450e-01
      vertex   -5.820921e+00 -2.478421e+00 1.391923e+00
    endloop
  endfacet
  facet normal -4.218388e-01 -8.967583e-01 -1.337034e-01
    outer loop
      vertex   -4.938194e+00 -3.765544e+00 -1.371083e+00
      vertex   -4.633045e+00 -3.866789e+00 -1.654782e+00
      vertex   -4.740373e+00 -3.866789e+00 -1.316158e+00
    endloop
  endfacet
  facet normal -4.303869e-01 -8.967583e-01 -1.029159e-01
    outer loop
      vertex   -4.938194e+00 -3.765544e+00 -1.371083e+00
      vertex   -4.740373e+00 -3.866789e+00 -1.316158e+00
      vertex   -5.024255e+00 -3.765544e+00 -1.011180e+00
    endloop
  endfacet
  facet normal -4.303869e-01 -8.967583e-01 -1.029159e-01
    outer loop
      vertex   -5.024255e+00 -3.765544e+00 -1.011180e+00
      vertex   -4.740373e+00 -3.866789e+00 -1.316158e+00
      vertex   -4.822987e+00 -3.866789e+00 -9.706725e-01
    endloop
  endfacet
  facet normal -4.366912e-01 -8.967583e-01 -7.159189e-02
    outer loop
      vertex   -5.024255e+00 -3.765544e+00 -1.011180e+00
      vertex   -4.822987e+00 -3.866789e+00 -9.706725e-01
      vertex   -5.084123e+00 -3.765544e+00 -6.460048e-01
    endloop
  endfacet
  facet normal -4.366912e-01 -8.967583e-01 -7.159189e-02
    outer loop
      vertex   -5.084123e+00 -3.765544e+00 -6.460048e-01
      vertex   -4.822987e+00 -3.866789e+00 -9.706725e-01
      vertex   -4.880456e+00 -3.866789e+00 -6.201263e-01
    endloop
  endfacet
  facet normal -4.407187e-01 -8.967583e-01 -3.989461e-02
    outer loop
      vertex   -5.084123e+00 -3.765544e+00 -6.460048e-01
      vertex   -4.880456e+00 -3.866789e+00 -6.201263e-01
      vertex   -5.117484e+00 -3.765544e+00 -2.774619e-01
    endloop
  endfacet
  facet normal -4.407187e-01 -8.967583e-01 -3.989461e-02
    outer loop
      vertex   -5.117484e+00 -3.765544e+00 -2.774619e-01
      vertex   -4.880456e+00 -3.866789e+00 -6.201263e-01
      vertex   -4.912481e+00 -3.866789e+00 -2.663470e-01
    endloop
  endfacet
  facet normal -4.424486e-01 -8.967583e-01 -7.989335e-03
    outer loop
      vertex   -5.117484e+00 -3.765544e+00 -2.774619e-01
      vertex   -4.912481e+00 -3.866789e+00 -2.663470e-01
      vertex   -5.124165e+00 -3.765544e+00 9.252751e-02
    endloop
  endfacet
  facet normal -5.484986e-01 -8.313022e-01 -8.992178e-02
    outer loop
      vertex   -5.084123e+00 -3.765544e+00 -6.460048e-01
      vertex   -5.272937e+00 -3.638368e+00 -6.699961e-01
      vertex   -5.024255e+00 -3.765544e+00 -1.011180e+00
    endloop
  endfacet
  facet normal -5.484986e-01 -8.313022e-01 -8.992178e-02
    outer loop
      vertex   -5.024255e+00 -3.765544e+00 -1.011180e+00
      vertex   -5.272937e+00 -3.638368e+00 -6.699961e-01
      vertex   -5.210846e+00 -3.638368e+00 -1.048733e+00
    endloop
  endfacet
  facet normal -5.405803e-01 -8.313022e-01 -1.292658e-01
    outer loop
      vertex   -5.024255e+00 -3.765544e+00 -1.011180e+00
      vertex   -5.210846e+00 -3.638368e+00 -1.048733e+00
      vertex   -4.938194e+00 -3.765544e+00 -1.371083e+00
    endloop
  endfacet
  facet normal -6.508998e-01 -7.516266e-01 -1.067096e-01
    outer loop
      vertex   -5.210846e+00 -3.638368e+00 -1.048733e+00
      vertex   -5.272937e+00 -3.638368e+00 -6.699961e-01
      vertex   -5.443669e+00 -3.487437e+00 -6.916898e-01
    endloop
  endfacet
  facet normal -6.569029e-01 -7.516266e-01 -5.946397e-02
    outer loop
      vertex   -5.443669e+00 -3.487437e+00 -6.916898e-01
      vertex   -5.272937e+00 -3.638368e+00 -6.699961e-01
      vertex   -5.479389e+00 -3.487437e+00 -2.970838e-01
    endloop
  endfacet
  facet normal -7.489905e-01 -6.591027e-01 -6.779989e-02
    outer loop
      vertex   -5.443669e+00 -3.487437e+00 -6.916898e-01
      vertex   -5.479389e+00 -3.487437e+00 -2.970838e-01
      vertex   -5.630099e+00 -3.315333e+00 -3.052551e-01
    endloop
  endfacet
  facet normal -7.519303e-01 -6.591027e-01 -1.357768e-02
    outer loop
      vertex   -5.630099e+00 -3.315333e+00 -3.052551e-01
      vertex   -5.479389e+00 -3.487437e+00 -2.970838e-01
      vertex   -5.637449e+00 -3.315333e+00 1.017959e-01
    endloop
  endfacet
  facet normal -8.315014e-01 -5.553198e-01 -1.501450e-02
    outer loop
      vertex   -5.630099e+00 -3.315333e+00 -3.052551e-01
      vertex   -5.637449e+00 -3.315333e+00 1.017959e-01
      vertex   -5.764605e+00 -3.125000e+00 1.040920e-01
    endloop
  endfacet
  facet normal -8.304172e-01 -5.553198e-01 4.502391e-02
    outer loop
      vertex   -5.764605e+00 -3.125000e+00 1.040920e-01
      vertex   -5.637449e+00 -3.315333e+00 1.017959e-01
      vertex   -5.742067e+00 -3.125000e+00 5.197816e-01
    endloop
  endfacet
  facet normal -8.956716e-01 -4.420567e-01 4.856190e-02
    outer loop
      vertex   -5.764605e+00 -3.125000e+00 1.040920e-01
      vertex   -5.742067e+00 -3.125000e+00 5.197816e-01
      vertex   -5.842899e+00 -2.919696e+00 5.289091e-01
    endloop
  endfacet
  facet normal -8.898327e-01 -4.420567e-01 1.130650e-01
    outer loop
      vertex   -5.842899e+00 -2.919696e+00 5.289091e-01
      vertex   -5.742067e+00 -3.125000e+00 5.197816e-01
      vertex   -5.789503e+00 -2.919696e+00 9.491409e-01
    endloop
  endfacet
  facet normal -9.394406e-01 -3.212515e-01 1.193683e-01
    outer loop
      vertex   -5.842899e+00 -2.919696e+00 5.289091e-01
      vertex   -5.789503e+00 -2.919696e+00 9.491409e-01
      vertex   -5.862115e+00 -2.702933e+00 9.610450e-01
    endloop
  endfacet
  facet normal -9.283784e-01 -3.212515e-01 1.868451e-01
    outer loop
      vertex   -5.862115e+00 -2.702933e+00 9.610450e-01
      vertex   -5.789503e+00 -2.919696e+00 9.491409e-01
      vertex   -5.777487e+00 -2.702933e+00 1.381537e+00
    endloop
  endfacet
  facet normal -9.615293e-01 -1.949680e-01 1.935170e-01
    outer loop
      vertex   -5.862115e+00 -2.702933e+00 9.610450e-01
      vertex   -5.777487e+00 -2.702933e+00 1.381537e+00
      vertex   -5.820921e+00 -2.478421e+00 1.391923e+00
    endloop
  endfacet
  facet normal -9.450591e-01 -1.949680e-01 2.623944e-01
    outer loop
      vertex   -5.820921e+00 -2.478421e+00 1.391923e+00
      vertex   -5.777487e+00 -2.702933e+00 1.381537e+00
      vertex   -5.705309e+00 -2.478421e+00 1.808319e+00
    endloop
  endfacet
  facet normal -5.535574e-01 -8.313022e-01 -5.010895e-02
    outer loop
      vertex   -5.272937e+00 -3.638368e+00 -6.699961e-01
      vertex   -5.084123e+00 -3.765544e+00 -6.460048e-01
      vertex   -5.307537e+00 -3.638368e+00 -2.877663e-01
    endloop
  endfacet
  facet normal -5.535574e-01 -8.313022e-01 -5.010895e-02
    outer loop
      vertex   -5.307537e+00 -3.638368e+00 -2.877663e-01
      vertex   -5.084123e+00 -3.765544e+00 -6.460048e-01
      vertex   -5.117484e+00 -3.765544e+00 -2.774619e-01
    endloop
  endfacet
  facet normal -5.557301e-01 -8.313022e-01 -1.003487e-02
    outer loop
      vertex   -5.307537e+00 -3.638368e+00 -2.877663e-01
      vertex   -5.117484e+00 -3.765544e+00 -2.774619e-01
      vertex   -5.314466e+00 -3.638368e+00 9.596381e-02
    endloop
  endfacet
  facet normal -5.557301e-01 -8.313022e-01 -1.003487e-02
    outer loop
      vertex   -5.314466e+00 -3.638368e+00 9.596381e-02
      vertex   -5.117484e+00 -3.765544e+00 -2.774619e-01
      vertex   -5.124165e+00 -3.765544e+00 9.252751e-02
    endloop
  endfacet
  facet normal -5.550056e-01 -8.313022e-01 3.009153e-02
    outer loop
      vertex   -5.314466e+00 -3.638368e+00 9.596381e-02
      vertex   -5.124165e+00 -3.765544e+00 9.252751e-02
      vertex   -5.293688e+00 -3.638368e+00 4.791936e-01
    endloop
  endfacet
  facet normal -6.569029e-01 -7.516266e-01 -5.946397e-02
    outer loop
      vertex   -5.272937e+00 -3.638368e+00 -6.699961e-01
      vertex   -5.307537e+00 -3.638368e+00 -2.877663e-01
      vertex   -5.479389e+00 -3.487437e+00 -2.970838e-01
    endloop
  endfacet
  facet normal -6.594813e-01 -7.516266e-01 -1.190832e-02
    outer loop
      vertex   -5.479389e+00 -3.487437e+00 -2.970838e-01
      vertex   -5.307537e+00 -3.638368e+00 -2.877663e-01
      vertex   -5.486542e+00 -3.487437e+00 9.907100e-02
    endloop
  endfacet
  facet normal -7.519303e-01 -6.591027e-01 -1.357768e-02
    outer loop
      vertex   -5.479389e+00 -3.487437e+00 -2.970838e-01
      vertex   -5.486542e+00 -3.487437e+00 9.907100e-02
      vertex   -5.637449e+00 -3.315333e+00 1.017959e-01
    endloop
  endfacet
  facet normal -7.509500e-01 -6.591027e-01 4.071532e-02
    outer loop
      vertex   -5.637449e+00 -3.315333e+00 1.017959e-01
      vertex   -5.486542e+00 -3.487437e+00 9.907100e-02
      vertex   -5.615408e+00 -3.315333e+00 5.083163e-01
    endloop
  endfacet
  facet normal -8.304172e-01 -5.553198e-01 4.502391e-02
    outer loop
      vertex   -5.637449e+00 -3.315333e+00 1.017959e-01
      vertex   -5.615408e+00 -3.315333e+00 5.083163e-01
      vertex   -5.742067e+00 -3.125000e+00 5.197816e-01
    endloop
  endfacet
  facet normal -8.250037e-01 -5.553198e-01 1.048276e-01
    outer loop
      vertex   -5.742067e+00 -3.125000e+00 5.197816e-01
      vertex   -5.615408e+00 -3.315333e+00 5.083163e-01
      vertex   -5.689592e+00 -3.125000e+00 9.327613e-01
    endloop
  endfacet
  facet normal -8.898327e-01 -4.420567e-01 1.130650e-01
    outer loop
      vertex   -5.742067e+00 -3.125000e+00 5.197816e-01
      vertex   -5.689592e+00 -3.125000e+00 9.327613e-01
      vertex   -5.789503e+00 -2.919696e+00 9.491409e-01
    endloop
  endfacet
  facet normal -8.793546e-01 -4.420567e-01 1.769786e-01
    outer loop
      vertex   -5.789503e+00 -2.919696e+00 9.491409e-01
      vertex   -5.689592e+00 -3.125000e+00 9.327613e-01
      vertex   -5.705923e+00 -2.919696e+00 1.364424e+00
    endloop
  endfacet
  facet normal -9.283784e-01 -3.212515e-01 1.868451e-01
    outer loop
      vertex   -5.789503e+00 -2.919696e+00 9.491409e-01
      vertex   -5.705923e+00 -2.919696e+00 1.364424e+00
      vertex   -5.777487e+00 -2.702933e+00 1.381537e+00
    endloop
  endfacet
  facet normal -9.124760e-01 -3.212515e-01 2.533477e-01
    outer loop
      vertex   -5.777487e+00 -2.702933e+00 1.381537e+00
      vertex   -5.705923e+00 -2.919696e+00 1.364424e+00
      vertex   -5.662738e+00 -2.702933e+00 1.794826e+00
    endloop
  endfacet
  facet normal -9.450591e-01 -1.949680e-01 2.623944e-01
    outer loop
      vertex   -5.777487e+00 -2.702933e+00 1.381537e+00
      vertex   -5.662738e+00 -2.702933e+00 1.794826e+00
      vertex   -5.705309e+00 -2.478421e+00 1.808319e+00
    endloop
  endfacet
  facet normal -9.236618e-01 -1.949680e-01 3.299037e-01
    outer loop
      vertex   -5.705309e+00 -2.478421e+00 1.808319e+00
      vertex   -5.662738e+00 -2.702933e+00 1.794826e+00
      vertex   -5.559952e+00 -2.478421e+00 2.215287e+00
    endloop
  endfacet
  facet normal -6.594813e-01 -7.516266e-01 -1.190832e-02
    outer loop
      vertex   -5.486542e+00 -3.487437e+00 9.907100e-02
      vertex   -5.307537e+00 -3.638368e+00 -2.877663e-01
      vertex   -5.314466e+00 -3.638368e+00 9.596381e-02
    endloop
  endfacet
  facet normal -6.586215e-01 -7.516266e-01 3.570942e-02
    outer loop
      vertex   -5.486542e+00 -3.487437e+00 9.907100e-02
      vertex   -5.314466e+00 -3.638368e+00 9.596381e-02
      vertex   -5.465092e+00 -3.487437e+00 4.947093e-01
    endloop
  endfacet
  facet normal -6.586215e-01 -7.516266e-01 3.570942e-02
    outer loop
      vertex   -5.465092e+00 -3.487437e+00 4.947093e-01
      vertex   -5.314466e+00 -3.638368e+00 9.596381e-02
      vertex   -5.293688e+00 -3.638368e+00 4.791936e-01
    endloop
  endfacet
  facet normal -6.543279e-01 -7.516266e-01 8.314098e-02
    outer loop
      vertex   -5.465092e+00 -3.487437e+00 4.947093e-01
      vertex   -5.293688e+00 -3.638368e+00 4.791936e-01
      vertex   -5.415148e+00 -3.487437e+00 8.877685e-01
    endloop
  endfacet
  facet normal -7.509500e-01 -6.591027e-01 4.071532e-02
    outer loop
      vertex   -5.486542e+00 -3.487437e+00 9.907100e-02
      vertex   -5.465092e+00 -3.487437e+00 4.947093e-01
      vertex   -5.615408e+00 -3.315333e+00 5.083163e-01
    endloop
  endfacet
  facet normal -7.460545e-01 -6.591027e-01 9.479605e-02
    outer loop
      vertex   -5.615408e+00 -3.315333e+00 5.083163e-01
      vertex   -5.465092e+00 -3.487437e+00 4.947093e-01
      vertex   -5.564091e+00 -3.315333e+00 9.121865e-01
    endloop
  endfacet
  facet normal -8.250037e-01 -5.553198e-01 1.048276e-01
    outer loop
      vertex   -5.615408e+00 -3.315333e+00 5.083163e-01
      vertex   -5.564091e+00 -3.315333e+00 9.121865e-01
      vertex   -5.689592e+00 -3.125000e+00 9.327613e-01
    endloop
  endfacet
  facet normal -8.152890e-01 -5.553198e-01 1.640847e-01
    outer loop
      vertex   -5.689592e+00 -3.125000e+00 9.327613e-01
      vertex   -5.564091e+00 -3.315333e+00 9.121865e-01
      vertex   -5.607455e+00 -3.125000e+00 1.340878e+00
    endloop
  endfacet
  facet normal -8.793546e-01 -4.420567e-01 1.769786e-01
    outer loop
      vertex   -5.689592e+00 -3.125000e+00 9.327613e-01
      vertex   -5.607455e+00 -3.125000e+00 1.340878e+00
      vertex   -5.705923e+00 -2.919696e+00 1.364424e+00
    endloop
  endfacet
  facet normal -8.642919e-01 -4.420567e-01 2.399695e-01
    outer loop
      vertex   -5.705923e+00 -2.919696e+00 1.364424e+00
      vertex   -5.607455e+00 -3.125000e+00 1.340878e+00
      vertex   -5.592596e+00 -2.919696e+00 1.772594e+00
    endloop
  endfacet
  facet normal -9.124760e-01 -3.212515e-01 2.533477e-01
    outer loop
      vertex   -5.705923e+00 -2.919696e+00 1.364424e+00
      vertex   -5.592596e+00 -2.919696e+00 1.772594e+00
      vertex   -5.662738e+00 -2.702933e+00 1.794826e+00
    endloop
  endfacet
  facet normal -8.918163e-01 -3.212515e-01 3.185295e-01
    outer loop
      vertex   -5.662738e+00 -2.702933e+00 1.794826e+00
      vertex   -5.592596e+00 -2.919696e+00 1.772594e+00
      vertex   -5.518466e+00 -2.702933e+00 2.198758e+00
    endloop
  endfacet
  facet normal -9.236618e-01 -1.949680e-01 3.299037e-01
    outer loop
      vertex   -5.662738e+00 -2.702933e+00 1.794826e+00
      vertex   -5.518466e+00 -2.702933e+00 2.198758e+00
      vertex   -5.559952e+00 -2.478421e+00 2.215287e+00
    endloop
  endfacet
  facet normal -8.974489e-01 -1.949680e-01 3.956931e-01
    outer loop
      vertex   -5.559952e+00 -2.478421e+00 2.215287e+00
      vertex   -5.518466e+00 -2.702933e+00 2.198758e+00
      vertex   -5.385608e+00 -2.478421e+00 2.610706e+00
    endloop
  endfacet
  facet normal -7.460545e-01 -6.591027e-01 9.479605e-02
    outer loop
      vertex   -5.564091e+00 -3.315333e+00 9.121865e-01
      vertex   -5.465092e+00 -3.487437e+00 4.947093e-01
      vertex   -5.415148e+00 -3.487437e+00 8.877685e-01
    endloop
  endfacet
  facet normal -8.152890e-01 -5.553198e-01 1.640847e-01
    outer loop
      vertex   -5.607455e+00 -3.125000e+00 1.340878e+00
      vertex   -5.564091e+00 -3.315333e+00 9.121865e-01
      vertex   -5.483766e+00 -3.315333e+00 1.311301e+00
    endloop
  endfacet
  facet normal -7.372694e-01 -6.591027e-01 1.483826e-01
    outer loop
      vertex   -5.483766e+00 -3.315333e+00 1.311301e+00
      vertex   -5.564091e+00 -3.315333e+00 9.121865e-01
      vertex   -5.415148e+00 -3.487437e+00 8.877685e-01
    endloop
  endfacet
  facet normal -1.880972e-01 -9.807609e-01 5.222494e-02
    outer loop
      vertex   -4.355624e+00 -3.985029e+00 1.041535e+00
      vertex   -4.269115e+00 -3.985029e+00 1.353112e+00
      vertex   -4.483134e+00 -3.940370e+00 1.420946e+00
    endloop
  endfacet
  facet normal -1.838385e-01 -9.807609e-01 6.566147e-02
    outer loop
      vertex   -4.483134e+00 -3.940370e+00 1.420946e+00
      vertex   -4.269115e+00 -3.985029e+00 1.353112e+00
      vertex   -4.368916e+00 -3.940370e+00 1.740735e+00
    endloop
  endfacet
  facet normal -3.028875e-01 -9.468663e-01 1.081822e-01
    outer loop
      vertex   -4.483134e+00 -3.940370e+00 1.420946e+00
      vertex   -4.368916e+00 -3.940370e+00 1.740735e+00
      vertex   -4.570283e+00 -3.866789e+00 1.820967e+00
    endloop
  endfacet
  facet normal -2.942918e-01 -9.468663e-01 1.297558e-01
    outer loop
      vertex   -4.570283e+00 -3.866789e+00 1.820967e+00
      vertex   -4.368916e+00 -3.940370e+00 1.740735e+00
      vertex   -4.426972e+00 -3.866789e+00 2.146002e+00
    endloop
  endfacet
  facet normal -4.049101e-01 -8.967583e-01 1.785284e-01
    outer loop
      vertex   -4.570283e+00 -3.866789e+00 1.820967e+00
      vertex   -4.426972e+00 -3.866789e+00 2.146002e+00
      vertex   -4.611715e+00 -3.765544e+00 2.235557e+00
    endloop
  endfacet
  facet normal -3.909724e-01 -8.967583e-01 2.072804e-01
    outer loop
      vertex   -4.611715e+00 -3.765544e+00 2.235557e+00
      vertex   -4.426972e+00 -3.866789e+00 2.146002e+00
      vertex   -4.438380e+00 -3.765544e+00 2.562500e+00
    endloop
  endfacet
  facet normal -4.910743e-01 -8.313022e-01 2.603511e-01
    outer loop
      vertex   -4.611715e+00 -3.765544e+00 2.235557e+00
      vertex   -4.438380e+00 -3.765544e+00 2.562500e+00
      vertex   -4.603213e+00 -3.638368e+00 2.657666e+00
    endloop
  endfacet
  facet normal -4.710078e-01 -8.313022e-01 2.951073e-01
    outer loop
      vertex   -4.603213e+00 -3.638368e+00 2.657666e+00
      vertex   -4.438380e+00 -3.765544e+00 2.562500e+00
      vertex   -4.399442e+00 -3.638368e+00 2.982896e+00
    endloop
  endfacet
  facet normal -5.589419e-01 -7.516266e-01 3.502019e-01
    outer loop
      vertex   -4.603213e+00 -3.638368e+00 2.657666e+00
      vertex   -4.399442e+00 -3.638368e+00 2.982896e+00
      vertex   -4.541891e+00 -3.487437e+00 3.079479e+00
    endloop
  endfacet
  facet normal -5.322151e-01 -7.516266e-01 3.896210e-01
    outer loop
      vertex   -4.541891e+00 -3.487437e+00 3.079479e+00
      vertex   -4.399442e+00 -3.638368e+00 2.982896e+00
      vertex   -4.307843e+00 -3.487437e+00 3.399184e+00
    endloop
  endfacet
  facet normal -6.068234e-01 -6.591027e-01 4.442398e-01
    outer loop
      vertex   -4.541891e+00 -3.487437e+00 3.079479e+00
      vertex   -4.307843e+00 -3.487437e+00 3.399184e+00
      vertex   -4.426330e+00 -3.315333e+00 3.492678e+00
    endloop
  endfacet
  facet normal -5.731862e-01 -6.591027e-01 4.868687e-01
    outer loop
      vertex   -4.426330e+00 -3.315333e+00 3.492678e+00
      vertex   -4.307843e+00 -3.487437e+00 3.399184e+00
      vertex   -4.162768e+00 -3.315333e+00 3.802967e+00
    endloop
  endfacet
  facet normal -6.338421e-01 -5.553198e-01 5.383903e-01
    outer loop
      vertex   -4.426330e+00 -3.315333e+00 3.492678e+00
      vertex   -4.162768e+00 -3.315333e+00 3.802967e+00
      vertex   -4.256661e+00 -3.125000e+00 3.888745e+00
    endloop
  endfacet
  facet normal -5.933408e-01 -5.553198e-01 5.827235e-01
    outer loop
      vertex   -4.256661e+00 -3.125000e+00 3.888745e+00
      vertex   -4.162768e+00 -3.315333e+00 3.802967e+00
      vertex   -3.964962e+00 -3.125000e+00 4.185759e+00
    endloop
  endfacet
  facet normal -6.399656e-01 -4.420567e-01 6.285140e-01
    outer loop
      vertex   -4.256661e+00 -3.125000e+00 3.888745e+00
      vertex   -3.964962e+00 -3.125000e+00 4.185759e+00
      vertex   -4.034588e+00 -2.919696e+00 4.259262e+00
    endloop
  endfacet
  facet normal -5.929452e-01 -4.420567e-01 6.730541e-01
    outer loop
      vertex   -4.034588e+00 -2.919696e+00 4.259262e+00
      vertex   -3.964962e+00 -3.125000e+00 4.185759e+00
      vertex   -3.716732e+00 -2.919696e+00 4.539286e+00
    endloop
  endfacet
  facet normal -6.260018e-01 -3.212515e-01 7.105767e-01
    outer loop
      vertex   -4.034588e+00 -2.919696e+00 4.259262e+00
      vertex   -3.716732e+00 -2.919696e+00 4.539286e+00
      vertex   -3.763347e+00 -2.702933e+00 4.596218e+00
    endloop
  endfacet
  facet normal -5.730963e-01 -3.212515e-01 7.538953e-01
    outer loop
      vertex   -3.763347e+00 -2.702933e+00 4.596218e+00
      vertex   -3.716732e+00 -2.919696e+00 4.539286e+00
      vertex   -3.421884e+00 -2.702933e+00 4.855791e+00
    endloop
  endfacet
  facet normal -5.935607e-01 -1.949680e-01 7.808157e-01
    outer loop
      vertex   -3.763347e+00 -2.702933e+00 4.596218e+00
      vertex   -3.421884e+00 -2.702933e+00 4.855791e+00
      vertex   -3.447609e+00 -2.478421e+00 4.892296e+00
    endloop
  endfacet
  facet normal -5.356715e-01 -1.949680e-01 8.216103e-01
    outer loop
      vertex   -3.447609e+00 -2.478421e+00 4.892296e+00
      vertex   -3.421884e+00 -2.702933e+00 4.855791e+00
      vertex   -3.085605e+00 -2.478421e+00 5.128315e+00
    endloop
  endfacet
  facet normal -8.013237e-01 -5.553198e-01 2.224864e-01
    outer loop
      vertex   -5.607455e+00 -3.125000e+00 1.340878e+00
      vertex   -5.483766e+00 -3.315333e+00 1.311301e+00
      vertex   -5.496083e+00 -3.125000e+00 1.742004e+00
    endloop
  endfacet
  facet normal -8.642919e-01 -4.420567e-01 2.399695e-01
    outer loop
      vertex   -5.607455e+00 -3.125000e+00 1.340878e+00
      vertex   -5.496083e+00 -3.125000e+00 1.742004e+00
      vertex   -5.592596e+00 -2.919696e+00 1.772594e+00
    endloop
  endfacet
  facet normal -8.447232e-01 -4.420567e-01 3.017093e-01
    outer loop
      vertex   -5.592596e+00 -2.919696e+00 1.772594e+00
      vertex   -5.496083e+00 -3.125000e+00 1.742004e+00
      vertex   -5.450111e+00 -2.919696e+00 2.171523e+00
    endloop
  endfacet
  facet normal -8.918163e-01 -3.212515e-01 3.185295e-01
    outer loop
      vertex   -5.592596e+00 -2.919696e+00 1.772594e+00
      vertex   -5.450111e+00 -2.919696e+00 2.171523e+00
      vertex   -5.518466e+00 -2.702933e+00 2.198758e+00
    endloop
  endfacet
  facet normal -8.665072e-01 -3.212515e-01 3.820506e-01
    outer loop
      vertex   -5.518466e+00 -2.702933e+00 2.198758e+00
      vertex   -5.450111e+00 -2.919696e+00 2.171523e+00
      vertex   -5.345423e+00 -2.702933e+00 2.591226e+00
    endloop
  endfacet
  facet normal -8.974489e-01 -1.949680e-01 3.956931e-01
    outer loop
      vertex   -5.518466e+00 -2.702933e+00 2.198758e+00
      vertex   -5.345423e+00 -2.702933e+00 2.591226e+00
      vertex   -5.385608e+00 -2.478421e+00 2.610706e+00
    endloop
  endfacet
  facet normal -8.665571e-01 -1.949680e-01 4.594195e-01
    outer loop
      vertex   -5.385608e+00 -2.478421e+00 2.610706e+00
      vertex   -5.345423e+00 -2.702933e+00 2.591226e+00
      vertex   -5.183187e+00 -2.478421e+00 2.992514e+00
    endloop
  endfacet
  facet normal -1.838385e-01 -9.807609e-01 6.566147e-02
    outer loop
      vertex   -4.269115e+00 -3.985029e+00 1.353112e+00
      vertex   -4.160349e+00 -3.985029e+00 1.657634e+00
      vertex   -4.368916e+00 -3.940370e+00 1.740735e+00
    endloop
  endfacet
  facet normal -1.786213e-01 -9.807609e-01 7.875568e-02
    outer loop
      vertex   -4.368916e+00 -3.940370e+00 1.740735e+00
      vertex   -4.160349e+00 -3.985029e+00 1.657634e+00
      vertex   -4.231919e+00 -3.940370e+00 2.051449e+00
    endloop
  endfacet
  facet normal -2.942918e-01 -9.468663e-01 1.297558e-01
    outer loop
      vertex   -4.368916e+00 -3.940370e+00 1.740735e+00
      vertex   -4.231919e+00 -3.940370e+00 2.051449e+00
      vertex   -4.426972e+00 -3.866789e+00 2.146002e+00
    endloop
  endfacet
  facet normal -2.841617e-01 -9.468663e-01 1.506530e-01
    outer loop
      vertex   -4.426972e+00 -3.866789e+00 2.146002e+00
      vertex   -4.231919e+00 -3.940370e+00 2.051449e+00
      vertex   -4.260582e+00 -3.866789e+00 2.459848e+00
    endloop
  endfacet
  facet normal -3.909724e-01 -8.967583e-01 2.072804e-01
    outer loop
      vertex   -4.426972e+00 -3.866789e+00 2.146002e+00
      vertex   -4.260582e+00 -3.866789e+00 2.459848e+00
      vertex   -4.438380e+00 -3.765544e+00 2.562500e+00
    endloop
  endfacet
  facet normal -3.749963e-01 -8.967583e-01 2.349518e-01
    outer loop
      vertex   -4.438380e+00 -3.765544e+00 2.562500e+00
      vertex   -4.260582e+00 -3.866789e+00 2.459848e+00
      vertex   -4.241906e+00 -3.765544e+00 2.876084e+00
    endloop
  endfacet
  facet normal -4.710078e-01 -8.313022e-01 2.951073e-01
    outer loop
      vertex   -4.438380e+00 -3.765544e+00 2.562500e+00
      vertex   -4.241906e+00 -3.765544e+00 2.876084e+00
      vertex   -4.399442e+00 -3.638368e+00 2.982896e+00
    endloop
  endfacet
  facet normal -4.484857e-01 -8.313022e-01 3.283248e-01
    outer loop
      vertex   -4.399442e+00 -3.638368e+00 2.982896e+00
      vertex   -4.241906e+00 -3.765544e+00 2.876084e+00
      vertex   -4.172735e+00 -3.638368e+00 3.292574e+00
    endloop
  endfacet
  facet normal -5.322151e-01 -7.516266e-01 3.896210e-01
    outer loop
      vertex   -4.399442e+00 -3.638368e+00 2.982896e+00
      vertex   -4.172735e+00 -3.638368e+00 3.292574e+00
      vertex   -4.307843e+00 -3.487437e+00 3.399184e+00
    endloop
  endfacet
  facet normal -5.027136e-01 -7.516266e-01 4.270088e-01
    outer loop
      vertex   -4.307843e+00 -3.487437e+00 3.399184e+00
      vertex   -4.172735e+00 -3.638368e+00 3.292574e+00
      vertex   -4.051336e+00 -3.487437e+00 3.701167e+00
    endloop
  endfacet
  facet normal -5.731862e-01 -6.591027e-01 4.868687e-01
    outer loop
      vertex   -4.307843e+00 -3.487437e+00 3.399184e+00
      vertex   -4.051336e+00 -3.487437e+00 3.701167e+00
      vertex   -4.162768e+00 -3.315333e+00 3.802967e+00
    endloop
  endfacet
  facet normal -5.365607e-01 -6.591027e-01 5.269594e-01
    outer loop
      vertex   -4.162768e+00 -3.315333e+00 3.802967e+00
      vertex   -4.051336e+00 -3.487437e+00 3.701167e+00
      vertex   -3.877503e+00 -3.315333e+00 4.093430e+00
    endloop
  endfacet
  facet normal -5.933408e-01 -5.553198e-01 5.827235e-01
    outer loop
      vertex   -4.162768e+00 -3.315333e+00 3.802967e+00
      vertex   -3.877503e+00 -3.315333e+00 4.093430e+00
      vertex   -3.964962e+00 -3.125000e+00 4.185759e+00
    endloop
  endfacet
  facet normal -5.497461e-01 -5.553198e-01 6.240186e-01
    outer loop
      vertex   -3.964962e+00 -3.125000e+00 4.185759e+00
      vertex   -3.877503e+00 -3.315333e+00 4.093430e+00
      vertex   -3.652591e+00 -3.125000e+00 4.460951e+00
    endloop
  endfacet
  facet normal -5.929452e-01 -4.420567e-01 6.730541e-01
    outer loop
      vertex   -3.964962e+00 -3.125000e+00 4.185759e+00
      vertex   -3.652591e+00 -3.125000e+00 4.460951e+00
      vertex   -3.716732e+00 -2.919696e+00 4.539286e+00
    endloop
  endfacet
  facet normal -5.428335e-01 -4.420567e-01 7.140852e-01
    outer loop
      vertex   -3.716732e+00 -2.919696e+00 4.539286e+00
      vertex   -3.652591e+00 -3.125000e+00 4.460951e+00
      vertex   -3.379498e+00 -2.919696e+00 4.795645e+00
    endloop
  endfacet
  facet normal -5.730963e-01 -3.212515e-01 7.538953e-01
    outer loop
      vertex   -3.716732e+00 -2.919696e+00 4.539286e+00
      vertex   -3.379498e+00 -2.919696e+00 4.795645e+00
      vertex   -3.421884e+00 -2.702933e+00 4.855791e+00
    endloop
  endfacet
  facet normal -5.172030e-01 -3.212515e-01 7.932834e-01
    outer loop
      vertex   -3.421884e+00 -2.702933e+00 4.855791e+00
      vertex   -3.379498e+00 -2.919696e+00 4.795645e+00
      vertex   -3.062581e+00 -2.702933e+00 5.090049e+00
    endloop
  endfacet
  facet normal -5.356715e-01 -1.949680e-01 8.216103e-01
    outer loop
      vertex   -3.421884e+00 -2.702933e+00 4.855791e+00
      vertex   -3.062581e+00 -2.702933e+00 5.090049e+00
      vertex   -3.085605e+00 -2.478421e+00 5.128315e+00
    endloop
  endfacet
  facet normal -4.749896e-01 -1.949680e-01 8.581214e-01
    outer loop
      vertex   -3.085605e+00 -2.478421e+00 5.128315e+00
      vertex   -3.062581e+00 -2.702933e+00 5.090049e+00
      vertex   -2.707513e+00 -2.478421e+00 5.337597e+00
    endloop
  endfacet
  facet normal -1.786213e-01 -9.807609e-01 7.875568e-02
    outer loop
      vertex   -4.160349e+00 -3.985029e+00 1.657634e+00
      vertex   -4.029892e+00 -3.985029e+00 1.953515e+00
      vertex   -4.231919e+00 -3.940370e+00 2.051449e+00
    endloop
  endfacet
  facet normal -1.724728e-01 -9.807609e-01 9.143929e-02
    outer loop
      vertex   -4.231919e+00 -3.940370e+00 2.051449e+00
      vertex   -4.029892e+00 -3.985029e+00 1.953515e+00
      vertex   -4.072860e+00 -3.940370e+00 2.351467e+00
    endloop
  endfacet
  facet normal -2.841617e-01 -9.468663e-01 1.506530e-01
    outer loop
      vertex   -4.231919e+00 -3.940370e+00 2.051449e+00
      vertex   -4.072860e+00 -3.940370e+00 2.351467e+00
      vertex   -4.260582e+00 -3.866789e+00 2.459848e+00
    endloop
  endfacet
  facet normal -2.725502e-01 -9.468663e-01 1.707648e-01
    outer loop
      vertex   -4.260582e+00 -3.866789e+00 2.459848e+00
      vertex   -4.072860e+00 -3.940370e+00 2.351467e+00
      vertex   -4.071978e+00 -3.866789e+00 2.760870e+00
    endloop
  endfacet
  facet normal -3.749963e-01 -8.967583e-01 2.349518e-01
    outer loop
      vertex   -4.260582e+00 -3.866789e+00 2.459848e+00
      vertex   -4.071978e+00 -3.866789e+00 2.760870e+00
      vertex   -4.241906e+00 -3.765544e+00 2.876084e+00
    endloop
  endfacet
  facet normal -3.570652e-01 -8.967583e-01 2.613982e-01
    outer loop
      vertex   -4.241906e+00 -3.765544e+00 2.876084e+00
      vertex   -4.071978e+00 -3.866789e+00 2.760870e+00
      vertex   -4.023317e+00 -3.765544e+00 3.174673e+00
    endloop
  endfacet
  facet normal -4.484857e-01 -8.313022e-01 3.283248e-01
    outer loop
      vertex   -4.241906e+00 -3.765544e+00 2.876084e+00
      vertex   -4.023317e+00 -3.765544e+00 3.174673e+00
      vertex   -4.172735e+00 -3.638368e+00 3.292574e+00
    endloop
  endfacet
  facet normal -4.236255e-01 -8.313022e-01 3.598307e-01
    outer loop
      vertex   -4.172735e+00 -3.638368e+00 3.292574e+00
      vertex   -4.023317e+00 -3.765544e+00 3.174673e+00
      vertex   -3.924273e+00 -3.638368e+00 3.585086e+00
    endloop
  endfacet
  facet normal -5.027136e-01 -7.516266e-01 4.270088e-01
    outer loop
      vertex   -4.172735e+00 -3.638368e+00 3.292574e+00
      vertex   -3.924273e+00 -3.638368e+00 3.585086e+00
      vertex   -4.051336e+00 -3.487437e+00 3.701167e+00
    endloop
  endfacet
  facet normal -4.705911e-01 -7.516266e-01 4.621703e-01
    outer loop
      vertex   -4.051336e+00 -3.487437e+00 3.701167e+00
      vertex   -3.924273e+00 -3.638368e+00 3.585086e+00
      vertex   -3.773707e+00 -3.487437e+00 3.983854e+00
    endloop
  endfacet
  facet normal -5.365607e-01 -6.591027e-01 5.269594e-01
    outer loop
      vertex   -4.051336e+00 -3.487437e+00 3.701167e+00
      vertex   -3.773707e+00 -3.487437e+00 3.983854e+00
      vertex   -3.877503e+00 -3.315333e+00 4.093430e+00
    endloop
  endfacet
  facet normal -4.971378e-01 -6.591027e-01 5.643028e-01
    outer loop
      vertex   -3.877503e+00 -3.315333e+00 4.093430e+00
      vertex   -3.773707e+00 -3.487437e+00 3.983854e+00
      vertex   -3.572022e+00 -3.315333e+00 4.362551e+00
    endloop
  endfacet
  facet normal -5.497461e-01 -5.553198e-01 6.240186e-01
    outer loop
      vertex   -3.877503e+00 -3.315333e+00 4.093430e+00
      vertex   -3.572022e+00 -3.315333e+00 4.362551e+00
      vertex   -3.652591e+00 -3.125000e+00 4.460951e+00
    endloop
  endfacet
  facet normal -5.032852e-01 -5.553198e-01 6.620604e-01
    outer loop
      vertex   -3.652591e+00 -3.125000e+00 4.460951e+00
      vertex   -3.572022e+00 -3.315333e+00 4.362551e+00
      vertex   -3.321177e+00 -3.125000e+00 4.712885e+00
    endloop
  endfacet
  facet normal -5.428335e-01 -4.420567e-01 7.140852e-01
    outer loop
      vertex   -3.652591e+00 -3.125000e+00 4.460951e+00
      vertex   -3.321177e+00 -3.125000e+00 4.712885e+00
      vertex   -3.379498e+00 -2.919696e+00 4.795645e+00
    endloop
  endfacet
  facet normal -4.898916e-01 -4.420567e-01 7.513934e-01
    outer loop
      vertex   -3.379498e+00 -2.919696e+00 4.795645e+00
      vertex   -3.321177e+00 -3.125000e+00 4.712885e+00
      vertex   -3.024646e+00 -2.919696e+00 5.027000e+00
    endloop
  endfacet
  facet normal -5.172030e-01 -3.212515e-01 7.932834e-01
    outer loop
      vertex   -3.379498e+00 -2.919696e+00 4.795645e+00
      vertex   -3.024646e+00 -2.919696e+00 5.027000e+00
      vertex   -3.062581e+00 -2.702933e+00 5.090049e+00
    endloop
  endfacet
  facet normal -4.586132e-01 -3.212515e-01 8.285357e-01
    outer loop
      vertex   -3.062581e+00 -2.702933e+00 5.090049e+00
      vertex   -3.024646e+00 -2.919696e+00 5.027000e+00
      vertex   -2.687311e+00 -2.702933e+00 5.297769e+00
    endloop
  endfacet
  facet normal -4.749896e-01 -1.949680e-01 8.581214e-01
    outer loop
      vertex   -3.062581e+00 -2.702933e+00 5.090049e+00
      vertex   -2.687311e+00 -2.702933e+00 5.297769e+00
      vertex   -2.707513e+00 -2.478421e+00 5.337597e+00
    endloop
  endfacet
  facet normal -4.118313e-01 -1.949680e-01 8.901587e-01
    outer loop
      vertex   -2.707513e+00 -2.478421e+00 5.337597e+00
      vertex   -2.687311e+00 -2.702933e+00 5.297769e+00
      vertex   -2.315307e+00 -2.478421e+00 5.519051e+00
    endloop
  endfacet
  facet normal -1.724728e-01 -9.807609e-01 9.143929e-02
    outer loop
      vertex   -4.029892e+00 -3.985029e+00 1.953515e+00
      vertex   -3.878426e+00 -3.985029e+00 2.239210e+00
      vertex   -4.072860e+00 -3.940370e+00 2.351467e+00
    endloop
  endfacet
  facet normal -1.654252e-01 -9.807609e-01 1.036462e-01
    outer loop
      vertex   -4.072860e+00 -3.940370e+00 2.351467e+00
      vertex   -3.878426e+00 -3.985029e+00 2.239210e+00
      vertex   -3.892566e+00 -3.940370e+00 2.639225e+00
    endloop
  endfacet
  facet normal -2.725502e-01 -9.468663e-01 1.707648e-01
    outer loop
      vertex   -4.072860e+00 -3.940370e+00 2.351467e+00
      vertex   -3.892566e+00 -3.940370e+00 2.639225e+00
      vertex   -4.071978e+00 -3.866789e+00 2.760870e+00
    endloop
  endfacet
  facet normal -2.595177e-01 -9.468663e-01 1.899862e-01
    outer loop
      vertex   -4.071978e+00 -3.866789e+00 2.760870e+00
      vertex   -3.892566e+00 -3.940370e+00 2.639225e+00
      vertex   -3.862145e+00 -3.866789e+00 3.047498e+00
    endloop
  endfacet
  facet normal -3.570652e-01 -8.967583e-01 2.613982e-01
    outer loop
      vertex   -4.071978e+00 -3.866789e+00 2.760870e+00
      vertex   -3.862145e+00 -3.866789e+00 3.047498e+00
      vertex   -4.023317e+00 -3.765544e+00 3.174673e+00
    endloop
  endfacet
  facet normal -3.372725e-01 -8.967583e-01 2.864818e-01
    outer loop
      vertex   -4.023317e+00 -3.765544e+00 3.174673e+00
      vertex   -3.862145e+00 -3.866789e+00 3.047498e+00
      vertex   -3.783752e+00 -3.765544e+00 3.456711e+00
    endloop
  endfacet
  facet normal -4.236255e-01 -8.313022e-01 3.598307e-01
    outer loop
      vertex   -4.023317e+00 -3.765544e+00 3.174673e+00
      vertex   -3.783752e+00 -3.765544e+00 3.456711e+00
      vertex   -3.924273e+00 -3.638368e+00 3.585086e+00
    endloop
  endfacet
  facet normal -3.965566e-01 -8.313022e-01 3.894606e-01
    outer loop
      vertex   -3.924273e+00 -3.638368e+00 3.585086e+00
      vertex   -3.783752e+00 -3.765544e+00 3.456711e+00
      vertex   -3.655351e+00 -3.638368e+00 3.858907e+00
    endloop
  endfacet
  facet normal -4.705911e-01 -7.516266e-01 4.621703e-01
    outer loop
      vertex   -3.924273e+00 -3.638368e+00 3.585086e+00
      vertex   -3.655351e+00 -3.638368e+00 3.858907e+00
      vertex   -3.773707e+00 -3.487437e+00 3.983854e+00
    endloop
  endfacet
  facet normal -4.360152e-01 -7.516266e-01 4.949224e-01
    outer loop
      vertex   -3.773707e+00 -3.487437e+00 3.983854e+00
      vertex   -3.655351e+00 -3.638368e+00 3.858907e+00
      vertex   -3.476404e+00 -3.487437e+00 4.245772e+00
    endloop
  endfacet
  facet normal -4.971378e-01 -6.591027e-01 5.643028e-01
    outer loop
      vertex   -3.773707e+00 -3.487437e+00 3.983854e+00
      vertex   -3.476404e+00 -3.487437e+00 4.245772e+00
      vertex   -3.572022e+00 -3.315333e+00 4.362551e+00
    endloop
  endfacet
  facet normal -4.551230e-01 -6.591027e-01 5.987041e-01
    outer loop
      vertex   -3.572022e+00 -3.315333e+00 4.362551e+00
      vertex   -3.476404e+00 -3.487437e+00 4.245772e+00
      vertex   -3.247919e+00 -3.315333e+00 4.608928e+00
    endloop
  endfacet
  facet normal -5.032852e-01 -5.553198e-01 6.620604e-01
    outer loop
      vertex   -3.572022e+00 -3.315333e+00 4.362551e+00
      vertex   -3.247919e+00 -3.315333e+00 4.608928e+00
      vertex   -3.321177e+00 -3.125000e+00 4.712885e+00
    endloop
  endfacet
  facet normal -4.542005e-01 -5.553198e-01 6.966505e-01
    outer loop
      vertex   -3.321177e+00 -3.125000e+00 4.712885e+00
      vertex   -3.247919e+00 -3.315333e+00 4.608928e+00
      vertex   -2.972449e+00 -3.125000e+00 4.940248e+00
    endloop
  endfacet
  facet normal -4.898916e-01 -4.420567e-01 7.513934e-01
    outer loop
      vertex   -3.321177e+00 -3.125000e+00 4.712885e+00
      vertex   -2.972449e+00 -3.125000e+00 4.940248e+00
      vertex   -3.024646e+00 -2.919696e+00 5.027000e+00
    endloop
  endfacet
  facet normal -4.343957e-01 -4.420567e-01 7.847842e-01
    outer loop
      vertex   -3.024646e+00 -2.919696e+00 5.027000e+00
      vertex   -2.972449e+00 -3.125000e+00 4.940248e+00
      vertex   -2.654024e+00 -2.919696e+00 5.232148e+00
    endloop
  endfacet
  facet normal -4.586132e-01 -3.212515e-01 8.285357e-01
    outer loop
      vertex   -3.024646e+00 -2.919696e+00 5.027000e+00
      vertex   -2.654024e+00 -2.919696e+00 5.232148e+00
      vertex   -2.687311e+00 -2.702933e+00 5.297769e+00
    endloop
  endfacet
  facet normal -3.976324e-01 -3.212515e-01 8.594684e-01
    outer loop
      vertex   -2.687311e+00 -2.702933e+00 5.297769e+00
      vertex   -2.654024e+00 -2.919696e+00 5.232148e+00
      vertex   -2.298030e+00 -2.702933e+00 5.477869e+00
    endloop
  endfacet
  facet normal -4.118313e-01 -1.949680e-01 8.901587e-01
    outer loop
      vertex   -2.687311e+00 -2.702933e+00 5.297769e+00
      vertex   -2.298030e+00 -2.702933e+00 5.477869e+00
      vertex   -2.315307e+00 -2.478421e+00 5.519051e+00
    endloop
  endfacet
  facet normal -3.465259e-01 -1.949680e-01 9.175551e-01
    outer loop
      vertex   -2.315307e+00 -2.478421e+00 5.519051e+00
      vertex   -2.298030e+00 -2.702933e+00 5.477869e+00
      vertex   -1.911029e+00 -2.478421e+00 5.671731e+00
    endloop
  endfacet
  facet normal -1.654252e-01 -9.807609e-01 1.036462e-01
    outer loop
      vertex   -3.878426e+00 -3.985029e+00 2.239210e+00
      vertex   -3.706740e+00 -3.985029e+00 2.513232e+00
      vertex   -3.892566e+00 -3.940370e+00 2.639225e+00
    endloop
  endfacet
  facet normal -1.575151e-01 -9.807609e-01 1.153127e-01
    outer loop
      vertex   -3.892566e+00 -3.940370e+00 2.639225e+00
      vertex   -3.706740e+00 -3.985029e+00 2.513232e+00
      vertex   -3.691979e+00 -3.940370e+00 2.913224e+00
    endloop
  endfacet
  facet normal -2.595177e-01 -9.468663e-01 1.899862e-01
    outer loop
      vertex   -3.892566e+00 -3.940370e+00 2.639225e+00
      vertex   -3.691979e+00 -3.940370e+00 2.913224e+00
      vertex   -3.862145e+00 -3.866789e+00 3.047498e+00
    endloop
  endfacet
  facet normal -2.451323e-01 -9.468663e-01 2.082172e-01
    outer loop
      vertex   -3.862145e+00 -3.866789e+00 3.047498e+00
      vertex   -3.691979e+00 -3.940370e+00 2.913224e+00
      vertex   -3.632177e+00 -3.866789e+00 3.318237e+00
    endloop
  endfacet
  facet normal -3.372725e-01 -8.967583e-01 2.864818e-01
    outer loop
      vertex   -3.862145e+00 -3.866789e+00 3.047498e+00
      vertex   -3.632177e+00 -3.866789e+00 3.318237e+00
      vertex   -3.783752e+00 -3.765544e+00 3.456711e+00
    endloop
  endfacet
  facet normal -3.157214e-01 -8.967583e-01 3.100719e-01
    outer loop
      vertex   -3.783752e+00 -3.765544e+00 3.456711e+00
      vertex   -3.632177e+00 -3.866789e+00 3.318237e+00
      vertex   -3.524460e+00 -3.765544e+00 3.720727e+00
    endloop
  endfacet
  facet normal -3.965566e-01 -8.313022e-01 3.894606e-01
    outer loop
      vertex   -3.783752e+00 -3.765544e+00 3.456711e+00
      vertex   -3.524460e+00 -3.765544e+00 3.720727e+00
      vertex   -3.655351e+00 -3.638368e+00 3.858907e+00
    endloop
  endfacet
  facet normal -3.674203e-01 -8.313022e-01 4.170600e-01
    outer loop
      vertex   -3.655351e+00 -3.638368e+00 3.858907e+00
      vertex   -3.524460e+00 -3.765544e+00 3.720727e+00
      vertex   -3.367373e+00 -3.638368e+00 4.112610e+00
    endloop
  endfacet
  facet normal -4.360152e-01 -7.516266e-01 4.949224e-01
    outer loop
      vertex   -3.655351e+00 -3.638368e+00 3.858907e+00
      vertex   -3.367373e+00 -3.638368e+00 4.112610e+00
      vertex   -3.476404e+00 -3.487437e+00 4.245772e+00
    endloop
  endfacet
  facet normal -3.991662e-01 -7.516266e-01 5.250941e-01
    outer loop
      vertex   -3.476404e+00 -3.487437e+00 4.245772e+00
      vertex   -3.367373e+00 -3.638368e+00 4.112610e+00
      vertex   -3.160977e+00 -3.487437e+00 4.485553e+00
    endloop
  endfacet
  facet normal -4.551230e-01 -6.591027e-01 5.987041e-01
    outer loop
      vertex   -3.476404e+00 -3.487437e+00 4.245772e+00
      vertex   -3.160977e+00 -3.487437e+00 4.485553e+00
      vertex   -3.247919e+00 -3.315333e+00 4.608928e+00
    endloop
  endfacet
  facet normal -4.107355e-01 -6.591027e-01 6.299841e-01
    outer loop
      vertex   -3.247919e+00 -3.315333e+00 4.608928e+00
      vertex   -3.160977e+00 -3.487437e+00 4.485553e+00
      vertex   -2.906883e+00 -3.315333e+00 4.831276e+00
    endloop
  endfacet
  facet normal -4.542005e-01 -5.553198e-01 6.966505e-01
    outer loop
      vertex   -3.247919e+00 -3.315333e+00 4.608928e+00
      vertex   -2.906883e+00 -3.315333e+00 4.831276e+00
      vertex   -2.972449e+00 -3.125000e+00 4.940248e+00
    endloop
  endfacet
  facet normal -4.027477e-01 -5.553198e-01 7.276086e-01
    outer loop
      vertex   -2.972449e+00 -3.125000e+00 4.940248e+00
      vertex   -2.906883e+00 -3.315333e+00 4.831276e+00
      vertex   -2.608223e+00 -3.125000e+00 5.141855e+00
    endloop
  endfacet
  facet normal -4.343957e-01 -4.420567e-01 7.847842e-01
    outer loop
      vertex   -2.972449e+00 -3.125000e+00 4.940248e+00
      vertex   -2.608223e+00 -3.125000e+00 5.141855e+00
      vertex   -2.654024e+00 -2.919696e+00 5.232148e+00
    endloop
  endfacet
  facet normal -3.766351e-01 -4.420567e-01 8.140834e-01
    outer loop
      vertex   -2.654024e+00 -2.919696e+00 5.232148e+00
      vertex   -2.608223e+00 -3.125000e+00 5.141855e+00
      vertex   -2.269566e+00 -2.919696e+00 5.410017e+00
    endloop
  endfacet
  facet normal -3.976324e-01 -3.212515e-01 8.594684e-01
    outer loop
      vertex   -2.654024e+00 -2.919696e+00 5.232148e+00
      vertex   -2.269566e+00 -2.919696e+00 5.410017e+00
      vertex   -2.298030e+00 -2.702933e+00 5.477869e+00
    endloop
  endfacet
  facet normal -3.345786e-01 -3.212515e-01 8.859202e-01
    outer loop
      vertex   -2.298030e+00 -2.702933e+00 5.477869e+00
      vertex   -2.269566e+00 -2.919696e+00 5.410017e+00
      vertex   -1.896769e+00 -2.702933e+00 5.629411e+00
    endloop
  endfacet
  facet normal -3.465259e-01 -1.949680e-01 9.175551e-01
    outer loop
      vertex   -2.298030e+00 -2.702933e+00 5.477869e+00
      vertex   -1.896769e+00 -2.702933e+00 5.629411e+00
      vertex   -1.911029e+00 -2.478421e+00 5.671731e+00
    endloop
  endfacet
  facet normal -2.794138e-01 -1.949680e-01 9.401677e-01
    outer loop
      vertex   -1.911029e+00 -2.478421e+00 5.671731e+00
      vertex   -1.896769e+00 -2.702933e+00 5.629411e+00
      vertex   -1.496788e+00 -2.478421e+00 5.794842e+00
    endloop
  endfacet
  facet normal -1.575151e-01 -9.807609e-01 1.153127e-01
    outer loop
      vertex   -3.706740e+00 -3.985029e+00 2.513232e+00
      vertex   -3.515728e+00 -3.985029e+00 2.774150e+00
      vertex   -3.691979e+00 -3.940370e+00 2.913224e+00
    endloop
  endfacet
  facet normal -1.487837e-01 -9.807609e-01 1.263780e-01
    outer loop
      vertex   -3.691979e+00 -3.940370e+00 2.913224e+00
      vertex   -3.515728e+00 -3.985029e+00 2.774150e+00
      vertex   -3.472143e+00 -3.940370e+00 3.172035e+00
    endloop
  endfacet
  facet normal -2.451323e-01 -9.468663e-01 2.082172e-01
    outer loop
      vertex   -3.691979e+00 -3.940370e+00 2.913224e+00
      vertex   -3.472143e+00 -3.940370e+00 3.172035e+00
      vertex   -3.632177e+00 -3.866789e+00 3.318237e+00
    endloop
  endfacet
  facet normal -2.294688e-01 -9.468663e-01 2.253626e-01
    outer loop
      vertex   -3.632177e+00 -3.866789e+00 3.318237e+00
      vertex   -3.472143e+00 -3.940370e+00 3.172035e+00
      vertex   -3.383272e+00 -3.866789e+00 3.571677e+00
    endloop
  endfacet
  facet normal -3.157214e-01 -8.967583e-01 3.100719e-01
    outer loop
      vertex   -3.632177e+00 -3.866789e+00 3.318237e+00
      vertex   -3.383272e+00 -3.866789e+00 3.571677e+00
      vertex   -3.524460e+00 -3.765544e+00 3.720727e+00
    endloop
  endfacet
  facet normal -2.925243e-01 -8.967583e-01 3.320453e-01
    outer loop
      vertex   -3.524460e+00 -3.765544e+00 3.720727e+00
      vertex   -3.383272e+00 -3.866789e+00 3.571677e+00
      vertex   -3.246793e+00 -3.765544e+00 3.965345e+00
    endloop
  endfacet
  facet normal -3.674203e-01 -8.313022e-01 4.170600e-01
    outer loop
      vertex   -3.524460e+00 -3.765544e+00 3.720727e+00
      vertex   -3.246793e+00 -3.765544e+00 3.965345e+00
      vertex   -3.367373e+00 -3.638368e+00 4.112610e+00
    endloop
  endfacet
  facet normal -3.363684e-01 -8.313022e-01 4.424850e-01
    outer loop
      vertex   -3.367373e+00 -3.638368e+00 4.112610e+00
      vertex   -3.246793e+00 -3.765544e+00 3.965345e+00
      vertex   -3.061838e+00 -3.638368e+00 4.344872e+00
    endloop
  endfacet
  facet normal -3.991662e-01 -7.516266e-01 5.250941e-01
    outer loop
      vertex   -3.367373e+00 -3.638368e+00 4.112610e+00
      vertex   -3.061838e+00 -3.638368e+00 4.344872e+00
      vertex   -3.160977e+00 -3.487437e+00 4.485553e+00
    endloop
  endfacet
  facet normal -3.602360e-01 -7.516266e-01 5.525282e-01
    outer loop
      vertex   -3.160977e+00 -3.487437e+00 4.485553e+00
      vertex   -3.061838e+00 -3.638368e+00 4.344872e+00
      vertex   -2.829069e+00 -3.487437e+00 4.701950e+00
    endloop
  endfacet
  facet normal -4.107355e-01 -6.591027e-01 6.299841e-01
    outer loop
      vertex   -3.160977e+00 -3.487437e+00 4.485553e+00
      vertex   -2.829069e+00 -3.487437e+00 4.701950e+00
      vertex   -2.906883e+00 -3.315333e+00 4.831276e+00
    endloop
  endfacet
  facet normal -3.642066e-01 -6.591027e-01 6.579796e-01
    outer loop
      vertex   -2.906883e+00 -3.315333e+00 4.831276e+00
      vertex   -2.829069e+00 -3.487437e+00 4.701950e+00
      vertex   -2.550691e+00 -3.315333e+00 5.028436e+00
    endloop
  endfacet
  facet normal -4.027477e-01 -5.553198e-01 7.276086e-01
    outer loop
      vertex   -2.906883e+00 -3.315333e+00 4.831276e+00
      vertex   -2.550691e+00 -3.315333e+00 5.028436e+00
      vertex   -2.608223e+00 -3.125000e+00 5.141855e+00
    endloop
  endfacet
  facet normal -3.491953e-01 -5.553198e-01 7.547732e-01
    outer loop
      vertex   -2.608223e+00 -3.125000e+00 5.141855e+00
      vertex   -2.550691e+00 -3.315333e+00 5.028436e+00
      vertex   -2.230399e+00 -3.125000e+00 5.316655e+00
    endloop
  endfacet
  facet normal -3.766351e-01 -4.420567e-01 8.140834e-01
    outer loop
      vertex   -2.608223e+00 -3.125000e+00 5.141855e+00
      vertex   -2.230399e+00 -3.125000e+00 5.316655e+00
      vertex   -2.269566e+00 -2.919696e+00 5.410017e+00
    endloop
  endfacet
  facet normal -3.169109e-01 -4.420567e-01 8.391385e-01
    outer loop
      vertex   -2.269566e+00 -2.919696e+00 5.410017e+00
      vertex   -2.230399e+00 -3.125000e+00 5.316655e+00
      vertex   -1.873275e+00 -2.919696e+00 5.559681e+00
    endloop
  endfacet
  facet normal -3.345786e-01 -3.212515e-01 8.859202e-01
    outer loop
      vertex   -2.269566e+00 -2.919696e+00 5.410017e+00
      vertex   -1.873275e+00 -2.919696e+00 5.559681e+00
      vertex   -1.896769e+00 -2.702933e+00 5.629411e+00
    endloop
  endfacet
  facet normal -2.697804e-01 -3.212515e-01 9.077533e-01
    outer loop
      vertex   -1.896769e+00 -2.702933e+00 5.629411e+00
      vertex   -1.873275e+00 -2.919696e+00 5.559681e+00
      vertex   -1.485619e+00 -2.702933e+00 5.751603e+00
    endloop
  endfacet
  facet normal -2.794138e-01 -1.949680e-01 9.401677e-01
    outer loop
      vertex   -1.896769e+00 -2.702933e+00 5.629411e+00
      vertex   -1.485619e+00 -2.702933e+00 5.751603e+00
      vertex   -1.496788e+00 -2.478421e+00 5.794842e+00
    endloop
  endfacet
  facet normal -2.108451e-01 -1.949680e-01 9.578788e-01
    outer loop
      vertex   -1.496788e+00 -2.478421e+00 5.794842e+00
      vertex   -1.485619e+00 -2.702933e+00 5.751603e+00
      vertex   -1.074743e+00 -2.478421e+00 5.887741e+00
    endloop
  endfacet
  facet normal -6.896982e-02 -9.807609e-01 1.826230e-01
    outer loop
      vertex   -1.429967e+00 -3.985029e+00 4.243990e+00
      vertex   -1.501654e+00 -3.940370e+00 4.456750e+00
      vertex   -1.732476e+00 -3.985029e+00 4.129743e+00
    endloop
  endfacet
  facet normal -6.896982e-02 -9.807609e-01 1.826230e-01
    outer loop
      vertex   -1.732476e+00 -3.985029e+00 4.129743e+00
      vertex   -1.501654e+00 -3.940370e+00 4.456750e+00
      vertex   -1.819328e+00 -3.940370e+00 4.336776e+00
    endloop
  endfacet
  facet normal -8.196770e-02 -9.807609e-01 1.771703e-01
    outer loop
      vertex   -1.732476e+00 -3.985029e+00 4.129743e+00
      vertex   -1.819328e+00 -3.940370e+00 4.336776e+00
      vertex   -2.025953e+00 -3.985029e+00 3.993967e+00
    endloop
  endfacet
  facet normal -1.136329e-01 -9.468663e-01 3.008850e-01
    outer loop
      vertex   -1.819328e+00 -3.940370e+00 4.336776e+00
      vertex   -1.501654e+00 -3.940370e+00 4.456750e+00
      vertex   -1.570866e+00 -3.866789e+00 4.662166e+00
    endloop
  endfacet
  facet normal -9.162549e-02 -9.468663e-01 3.083002e-01
    outer loop
      vertex   -1.570866e+00 -3.866789e+00 4.662166e+00
      vertex   -1.501654e+00 -3.940370e+00 4.456750e+00
      vertex   -1.230360e+00 -3.866789e+00 4.763363e+00
    endloop
  endfacet
  facet normal -1.260657e-01 -8.967583e-01 4.241840e-01
    outer loop
      vertex   -1.570866e+00 -3.866789e+00 4.662166e+00
      vertex   -1.230360e+00 -3.866789e+00 4.763363e+00
      vertex   -1.281704e+00 -3.765544e+00 4.962143e+00
    endloop
  endfacet
  facet normal -9.512887e-02 -8.967583e-01 4.321748e-01
    outer loop
      vertex   -1.281704e+00 -3.765544e+00 4.962143e+00
      vertex   -1.230360e+00 -3.866789e+00 4.763363e+00
      vertex   -9.203062e-01 -3.765544e+00 5.041692e+00
    endloop
  endfacet
  facet normal -1.194850e-01 -8.313022e-01 5.428259e-01
    outer loop
      vertex   -1.281704e+00 -3.765544e+00 4.962143e+00
      vertex   -9.203062e-01 -3.765544e+00 5.041692e+00
      vertex   -9.544846e-01 -3.638368e+00 5.228931e+00
    endloop
  endfacet
  facet normal -8.000445e-02 -8.313022e-01 5.500327e-01
    outer loop
      vertex   -9.544846e-01 -3.638368e+00 5.228931e+00
      vertex   -9.203062e-01 -3.765544e+00 5.041692e+00
      vertex   -5.746885e-01 -3.638368e+00 5.284174e+00
    endloop
  endfacet
  facet normal -9.494077e-02 -7.516266e-01 6.527202e-01
    outer loop
      vertex   -9.544846e-01 -3.638368e+00 5.228931e+00
      vertex   -5.746885e-01 -3.638368e+00 5.284174e+00
      vertex   -5.932963e-01 -3.487437e+00 5.455269e+00
    endloop
  endfacet
  facet normal -4.759445e-02 -7.516266e-01 6.578694e-01
    outer loop
      vertex   -5.932963e-01 -3.487437e+00 5.455269e+00
      vertex   -5.746885e-01 -3.638368e+00 5.284174e+00
      vertex   -1.981097e-01 -3.487437e+00 5.483860e+00
    endloop
  endfacet
  facet normal -5.426645e-02 -6.591027e-01 7.500925e-01
    outer loop
      vertex   -5.932963e-01 -3.487437e+00 5.455269e+00
      vertex   -1.981097e-01 -3.487437e+00 5.483860e+00
      vertex   -2.035587e-01 -3.315333e+00 5.634693e+00
    endloop
  endfacet
  facet normal 0.000000e+00 -6.591027e-01 7.520529e-01
    outer loop
      vertex   -2.035587e-01 -3.315333e+00 5.634693e+00
      vertex   -1.981097e-01 -3.487437e+00 5.483860e+00
      vertex   2.035587e-01 -3.315333e+00 5.634693e+00
    endloop
  endfacet
  facet normal 0.000000e+00 -5.553198e-01 8.316369e-01
    outer loop
      vertex   -2.035587e-01 -3.315333e+00 5.634693e+00
      vertex   2.035587e-01 -3.315333e+00 5.634693e+00
      vertex   2.081501e-01 -3.125000e+00 5.761786e+00
    endloop
  endfacet
  facet normal 6.000905e-02 -5.553198e-01 8.294690e-01
    outer loop
      vertex   2.081501e-01 -3.125000e+00 5.761786e+00
      vertex   2.035587e-01 -3.315333e+00 5.634693e+00
      vertex   6.233650e-01 -3.125000e+00 5.731747e+00
    endloop
  endfacet
  facet normal 6.472458e-02 -4.420567e-01 8.946489e-01
    outer loop
      vertex   2.081501e-01 -3.125000e+00 5.761786e+00
      vertex   6.233650e-01 -3.125000e+00 5.731747e+00
      vertex   6.343115e-01 -2.919696e+00 5.832398e+00
    endloop
  endfacet
  facet normal 1.291117e-01 -4.420567e-01 8.876463e-01
    outer loop
      vertex   6.343115e-01 -2.919696e+00 5.832398e+00
      vertex   6.233650e-01 -3.125000e+00 5.731747e+00
      vertex   1.053511e+00 -2.919696e+00 5.771424e+00
    endloop
  endfacet
  facet normal 1.363097e-01 -3.212515e-01 9.371324e-01
    outer loop
      vertex   6.343115e-01 -2.919696e+00 5.832398e+00
      vertex   1.053511e+00 -2.919696e+00 5.771424e+00
      vertex   1.066724e+00 -2.702933e+00 5.843809e+00
    endloop
  endfacet
  facet normal 2.035757e-01 -3.212515e-01 9.248537e-01
    outer loop
      vertex   1.066724e+00 -2.702933e+00 5.843809e+00
      vertex   1.053511e+00 -2.919696e+00 5.771424e+00
      vertex   1.485619e+00 -2.702933e+00 5.751603e+00
    endloop
  endfacet
  facet normal 2.108451e-01 -1.949680e-01 9.578788e-01
    outer loop
      vertex   1.066724e+00 -2.702933e+00 5.843809e+00
      vertex   1.485619e+00 -2.702933e+00 5.751603e+00
      vertex   1.496788e+00 -2.478421e+00 5.794842e+00
    endloop
  endfacet
  facet normal 2.794138e-01 -1.949680e-01 9.401677e-01
    outer loop
      vertex   1.496788e+00 -2.478421e+00 5.794842e+00
      vertex   1.485619e+00 -2.702933e+00 5.751603e+00
      vertex   1.911029e+00 -2.478421e+00 5.671731e+00
    endloop
  endfacet
  facet normal -5.561236e-02 -9.807609e-01 1.871237e-01
    outer loop
      vertex   -1.501654e+00 -3.940370e+00 4.456750e+00
      vertex   -1.429967e+00 -3.985029e+00 4.243990e+00
      vertex   -1.176150e+00 -3.940370e+00 4.553488e+00
    endloop
  endfacet
  facet normal -5.561236e-02 -9.807609e-01 1.871237e-01
    outer loop
      vertex   -1.176150e+00 -3.940370e+00 4.553488e+00
      vertex   -1.429967e+00 -3.985029e+00 4.243990e+00
      vertex   -1.120002e+00 -3.985029e+00 4.336110e+00
    endloop
  endfacet
  facet normal -4.196497e-02 -9.807609e-01 1.906488e-01
    outer loop
      vertex   -1.176150e+00 -3.940370e+00 4.553488e+00
      vertex   -1.120002e+00 -3.985029e+00 4.336110e+00
      vertex   -8.445149e-01 -3.940370e+00 4.626486e+00
    endloop
  endfacet
  facet normal -4.196497e-02 -9.807609e-01 1.906488e-01
    outer loop
      vertex   -8.445149e-01 -3.940370e+00 4.626486e+00
      vertex   -1.120002e+00 -3.985029e+00 4.336110e+00
      vertex   -8.041987e-01 -3.985029e+00 4.405623e+00
    endloop
  endfacet
  facet normal -2.809879e-02 -9.807609e-01 1.931799e-01
    outer loop
      vertex   -8.445149e-01 -3.940370e+00 4.626486e+00
      vertex   -8.041987e-01 -3.985029e+00 4.405623e+00
      vertex   -5.084765e-01 -3.940370e+00 4.675365e+00
    endloop
  endfacet
  facet normal -2.809879e-02 -9.807609e-01 1.931799e-01
    outer loop
      vertex   -5.084765e-01 -3.940370e+00 4.675365e+00
      vertex   -8.041987e-01 -3.985029e+00 4.405623e+00
      vertex   -4.842025e-01 -3.985029e+00 4.452168e+00
    endloop
  endfacet
  facet normal -1.408611e-02 -9.807609e-01 1.947039e-01
    outer loop
      vertex   -5.084765e-01 -3.940370e+00 4.675365e+00
      vertex   -4.842025e-01 -3.985029e+00 4.452168e+00
      vertex   -1.697872e-01 -3.940370e+00 4.699867e+00
    endloop
  endfacet
  facet normal -1.408611e-02 -9.807609e-01 1.947039e-01
    outer loop
      vertex   -1.697872e-01 -3.940370e+00 4.699867e+00
      vertex   -4.842025e-01 -3.985029e+00 4.452168e+00
      vertex   -1.616818e-01 -3.985029e+00 4.475501e+00
    endloop
  endfacet
  facet normal 0.000000e+00 -9.807609e-01 1.952127e-01
    outer loop
      vertex   -1.697872e-01 -3.940370e+00 4.699867e+00
      vertex   -1.616818e-01 -3.985029e+00 4.475501e+00
      vertex   1.697872e-01 -3.940370e+00 4.699867e+00
    endloop
  endfacet
  facet normal 0.000000e+00 -9.807609e-01 1.952127e-01
    outer loop
      vertex   1.697872e-01 -3.940370e+00 4.699867e+00
      vertex   -1.616818e-01 -3.985029e+00 4.475501e+00
      vertex   1.616818e-01 -3.985029e+00 4.475501e+00
    endloop
  endfacet
  facet normal 1.408611e-02 -9.807609e-01 1.947039e-01
    outer loop
      vertex   1.697872e-01 -3.940370e+00 4.699867e+00
      vertex   1.616818e-01 -3.985029e+00 4.475501e+00
      vertex   5.084765e-01 -3.940370e+00 4.675365e+00
    endloop
  endfacet
  facet normal -9.162549e-02 -9.468663e-01 3.083002e-01
    outer loop
      vertex   -1.501654e+00 -3.940370e+00 4.456750e+00
      vertex   -1.176150e+00 -3.940370e+00 4.553488e+00
      vertex   -1.230360e+00 -3.866789e+00 4.763363e+00
    endloop
  endfacet
  facet normal -6.914040e-02 -9.468663e-01 3.141080e-01
    outer loop
      vertex   -1.230360e+00 -3.866789e+00 4.763363e+00
      vertex   -1.176150e+00 -3.940370e+00 4.553488e+00
      vertex   -8.834394e-01 -3.866789e+00 4.839726e+00
    endloop
  endfacet
  facet normal -9.512887e-02 -8.967583e-01 4.321748e-01
    outer loop
      vertex   -1.230360e+00 -3.866789e+00 4.763363e+00
      vertex   -8.834394e-01 -3.866789e+00 4.839726e+00
      vertex   -9.203062e-01 -3.765544e+00 5.041692e+00
    endloop
  endfacet
  facet normal -6.369613e-02 -8.967583e-01 4.379125e-01
    outer loop
      vertex   -9.203062e-01 -3.765544e+00 5.041692e+00
      vertex   -8.834394e-01 -3.866789e+00 4.839726e+00
      vertex   -5.541100e-01 -3.765544e+00 5.094957e+00
    endloop
  endfacet
  facet normal -8.000445e-02 -8.313022e-01 5.500327e-01
    outer loop
      vertex   -9.203062e-01 -3.765544e+00 5.041692e+00
      vertex   -5.541100e-01 -3.765544e+00 5.094957e+00
      vertex   -5.746885e-01 -3.638368e+00 5.284174e+00
    endloop
  endfacet
  facet normal -4.010678e-02 -8.313022e-01 5.543718e-01
    outer loop
      vertex   -5.746885e-01 -3.638368e+00 5.284174e+00
      vertex   -5.541100e-01 -3.765544e+00 5.094957e+00
      vertex   -1.918963e-01 -3.638368e+00 5.311867e+00
    endloop
  endfacet
  facet normal -4.759445e-02 -7.516266e-01 6.578694e-01
    outer loop
      vertex   -5.746885e-01 -3.638368e+00 5.284174e+00
      vertex   -1.918963e-01 -3.638368e+00 5.311867e+00
      vertex   -1.981097e-01 -3.487437e+00 5.483860e+00
    endloop
  endfacet
  facet normal 0.000000e+00 -7.516266e-01 6.595888e-01
    outer loop
      vertex   -1.981097e-01 -3.487437e+00 5.483860e+00
      vertex   -1.918963e-01 -3.638368e+00 5.311867e+00
      vertex   1.981097e-01 -3.487437e+00 5.483860e+00
    endloop
  endfacet
  facet normal 0.000000e+00 -6.591027e-01 7.520529e-01
    outer loop
      vertex   -1.981097e-01 -3.487437e+00 5.483860e+00
      vertex   1.981097e-01 -3.487437e+00 5.483860e+00
      vertex   2.035587e-01 -3.315333e+00 5.634693e+00
    endloop
  endfacet
  facet normal 5.426645e-02 -6.591027e-01 7.500925e-01
    outer loop
      vertex   2.035587e-01 -3.315333e+00 5.634693e+00
      vertex   1.981097e-01 -3.487437e+00 5.483860e+00
      vertex   6.096149e-01 -3.315333e+00 5.605316e+00
    endloop
  endfacet
  facet normal 6.000905e-02 -5.553198e-01 8.294690e-01
    outer loop
      vertex   2.035587e-01 -3.315333e+00 5.634693e+00
      vertex   6.096149e-01 -3.315333e+00 5.605316e+00
      vertex   6.233650e-01 -3.125000e+00 5.731747e+00
    endloop
  endfacet
  facet normal 1.197052e-01 -5.553198e-01 8.229767e-01
    outer loop
      vertex   6.233650e-01 -3.125000e+00 5.731747e+00
      vertex   6.096149e-01 -3.315333e+00 5.605316e+00
      vertex   1.035330e+00 -3.125000e+00 5.671825e+00
    endloop
  endfacet
  facet normal 1.291117e-01 -4.420567e-01 8.876463e-01
    outer loop
      vertex   6.233650e-01 -3.125000e+00 5.731747e+00
      vertex   1.035330e+00 -3.125000e+00 5.671825e+00
      vertex   1.053511e+00 -2.919696e+00 5.771424e+00
    endloop
  endfacet
  facet normal 1.928257e-01 -4.420567e-01 8.760160e-01
    outer loop
      vertex   1.053511e+00 -2.919696e+00 5.771424e+00
      vertex   1.035330e+00 -3.125000e+00 5.671825e+00
      vertex   1.467217e+00 -2.919696e+00 5.680360e+00
    endloop
  endfacet
  facet normal 2.035757e-01 -3.212515e-01 9.248537e-01
    outer loop
      vertex   1.053511e+00 -2.919696e+00 5.771424e+00
      vertex   1.467217e+00 -2.919696e+00 5.680360e+00
      vertex   1.485619e+00 -2.702933e+00 5.751603e+00
    endloop
  endfacet
  facet normal 2.697804e-01 -3.212515e-01 9.077533e-01
    outer loop
      vertex   1.485619e+00 -2.702933e+00 5.751603e+00
      vertex   1.467217e+00 -2.919696e+00 5.680360e+00
      vertex   1.896769e+00 -2.702933e+00 5.629411e+00
    endloop
  endfacet
  facet normal 2.794138e-01 -1.949680e-01 9.401677e-01
    outer loop
      vertex   1.485619e+00 -2.702933e+00 5.751603e+00
      vertex   1.896769e+00 -2.702933e+00 5.629411e+00
      vertex   1.911029e+00 -2.478421e+00 5.671731e+00
    endloop
  endfacet
  facet normal 3.465259e-01 -1.949680e-01 9.175551e-01
    outer loop
      vertex   1.911029e+00 -2.478421e+00 5.671731e+00
      vertex   1.896769e+00 -2.702933e+00 5.629411e+00
      vertex   2.315307e+00 -2.478421e+00 5.519051e+00
    endloop
  endfacet
  facet normal -6.914040e-02 -9.468663e-01 3.141080e-01
    outer loop
      vertex   -8.834394e-01 -3.866789e+00 4.839726e+00
      vertex   -1.176150e+00 -3.940370e+00 4.553488e+00
      vertex   -8.445149e-01 -3.940370e+00 4.626486e+00
    endloop
  endfacet
  facet normal -4.629484e-02 -9.468663e-01 3.182782e-01
    outer loop
      vertex   -8.834394e-01 -3.866789e+00 4.839726e+00
      vertex   -8.445149e-01 -3.940370e+00 4.626486e+00
      vertex   -5.319127e-01 -3.866789e+00 4.890857e+00
    endloop
  endfacet
  facet normal -4.629484e-02 -9.468663e-01 3.182782e-01
    outer loop
      vertex   -5.319127e-01 -3.866789e+00 4.890857e+00
      vertex   -8.445149e-01 -3.940370e+00 4.626486e+00
      vertex   -5.084765e-01 -3.940370e+00 4.675365e+00
    endloop
  endfacet
  facet normal -2.320792e-02 -9.468663e-01 3.207891e-01
    outer loop
      vertex   -5.319127e-01 -3.866789e+00 4.890857e+00
      vertex   -5.084765e-01 -3.940370e+00 4.675365e+00
      vertex   -1.776129e-01 -3.866789e+00 4.916489e+00
    endloop
  endfacet
  facet normal -2.320792e-02 -9.468663e-01 3.207891e-01
    outer loop
      vertex   -1.776129e-01 -3.866789e+00 4.916489e+00
      vertex   -5.084765e-01 -3.940370e+00 4.675365e+00
      vertex   -1.697872e-01 -3.940370e+00 4.699867e+00
    endloop
  endfacet
  facet normal 0.000000e+00 -9.468663e-01 3.216275e-01
    outer loop
      vertex   -1.776129e-01 -3.866789e+00 4.916489e+00
      vertex   -1.697872e-01 -3.940370e+00 4.699867e+00
      vertex   1.776129e-01 -3.866789e+00 4.916489e+00
    endloop
  endfacet
  facet normal 0.000000e+00 -9.468663e-01 3.216275e-01
    outer loop
      vertex   1.776129e-01 -3.866789e+00 4.916489e+00
      vertex   -1.697872e-01 -3.940370e+00 4.699867e+00
      vertex   1.697872e-01 -3.940370e+00 4.699867e+00
    endloop
  endfacet
  facet normal 2.320792e-02 -9.468663e-01 3.207891e-01
    outer loop
      vertex   1.776129e-01 -3.866789e+00 4.916489e+00
      vertex   1.697872e-01 -3.940370e+00 4.699867e+00
      vertex   5.319127e-01 -3.866789e+00 4.890857e+00
    endloop
  endfacet
  facet normal 2.320792e-02 -9.468663e-01 3.207891e-01
    outer loop
      vertex   5.319127e-01 -3.866789e+00 4.890857e+00
      vertex   1.697872e-01 -3.940370e+00 4.699867e+00
      vertex   5.084765e-01 -3.940370e+00 4.675365e+00
    endloop
  endfacet
  facet normal 4.629484e-02 -9.468663e-01 3.182782e-01
    outer loop
      vertex   5.319127e-01 -3.866789e+00 4.890857e+00
      vertex   5.084765e-01 -3.940370e+00 4.675365e+00
      vertex   8.834394e-01 -3.866789e+00 4.839726e+00
    endloop
  endfacet
  facet normal -6.369613e-02 -8.967583e-01 4.379125e-01
    outer loop
      vertex   -8.834394e-01 -3.866789e+00 4.839726e+00
      vertex   -5.319127e-01 -3.866789e+00 4.890857e+00
      vertex   -5.541100e-01 -3.765544e+00 5.094957e+00
    endloop
  endfacet
  facet normal -3.193130e-02 -8.967583e-01 4.413672e-01
    outer loop
      vertex   -5.541100e-01 -3.765544e+00 5.094957e+00
      vertex   -5.319127e-01 -3.866789e+00 4.890857e+00
      vertex   -1.850249e-01 -3.765544e+00 5.121659e+00
    endloop
  endfacet
  facet normal -4.010678e-02 -8.313022e-01 5.543718e-01
    outer loop
      vertex   -5.541100e-01 -3.765544e+00 5.094957e+00
      vertex   -1.850249e-01 -3.765544e+00 5.121659e+00
      vertex   -1.918963e-01 -3.638368e+00 5.311867e+00
    endloop
  endfacet
  facet normal 0.000000e+00 -8.313022e-01 5.558207e-01
    outer loop
      vertex   -1.918963e-01 -3.638368e+00 5.311867e+00
      vertex   -1.850249e-01 -3.765544e+00 5.121659e+00
      vertex   1.918963e-01 -3.638368e+00 5.311867e+00
    endloop
  endfacet
  facet normal 0.000000e+00 -7.516266e-01 6.595888e-01
    outer loop
      vertex   -1.918963e-01 -3.638368e+00 5.311867e+00
      vertex   1.918963e-01 -3.638368e+00 5.311867e+00
      vertex   1.981097e-01 -3.487437e+00 5.483860e+00
    endloop
  endfacet
  facet normal 4.759445e-02 -7.516266e-01 6.578694e-01
    outer loop
      vertex   1.981097e-01 -3.487437e+00 5.483860e+00
      vertex   1.918963e-01 -3.638368e+00 5.311867e+00
      vertex   5.932963e-01 -3.487437e+00 5.455269e+00
    endloop
  endfacet
  facet normal 5.426645e-02 -6.591027e-01 7.500925e-01
    outer loop
      vertex   1.981097e-01 -3.487437e+00 5.483860e+00
      vertex   5.932963e-01 -3.487437e+00 5.455269e+00
      vertex   6.096149e-01 -3.315333e+00 5.605316e+00
    endloop
  endfacet
  facet normal 1.082500e-01 -6.591027e-01 7.442214e-01
    outer loop
      vertex   6.096149e-01 -3.315333e+00 5.605316e+00
      vertex   5.932963e-01 -3.487437e+00 5.455269e+00
      vertex   1.012493e+00 -3.315333e+00 5.546716e+00
    endloop
  endfacet
  facet normal 1.197052e-01 -5.553198e-01 8.229767e-01
    outer loop
      vertex   6.096149e-01 -3.315333e+00 5.605316e+00
      vertex   1.012493e+00 -3.315333e+00 5.546716e+00
      vertex   1.035330e+00 -3.125000e+00 5.671825e+00
    endloop
  endfacet
  facet normal 1.787774e-01 -5.553198e-01 8.121937e-01
    outer loop
      vertex   1.035330e+00 -3.125000e+00 5.671825e+00
      vertex   1.012493e+00 -3.315333e+00 5.546716e+00
      vertex   1.441897e+00 -3.125000e+00 5.582332e+00
    endloop
  endfacet
  facet normal 1.928257e-01 -4.420567e-01 8.760160e-01
    outer loop
      vertex   1.035330e+00 -3.125000e+00 5.671825e+00
      vertex   1.441897e+00 -3.125000e+00 5.582332e+00
      vertex   1.467217e+00 -2.919696e+00 5.680360e+00
    endloop
  endfacet
  facet normal 2.555344e-01 -4.420567e-01 8.598186e-01
    outer loop
      vertex   1.467217e+00 -2.919696e+00 5.680360e+00
      vertex   1.441897e+00 -3.125000e+00 5.582332e+00
      vertex   1.873275e+00 -2.919696e+00 5.559681e+00
    endloop
  endfacet
  facet normal 2.697804e-01 -3.212515e-01 9.077533e-01
    outer loop
      vertex   1.467217e+00 -2.919696e+00 5.680360e+00
      vertex   1.873275e+00 -2.919696e+00 5.559681e+00
      vertex   1.896769e+00 -2.702933e+00 5.629411e+00
    endloop
  endfacet
  facet normal 3.345786e-01 -3.212515e-01 8.859202e-01
    outer loop
      vertex   1.896769e+00 -2.702933e+00 5.629411e+00
      vertex   1.873275e+00 -2.919696e+00 5.559681e+00
      vertex   2.298030e+00 -2.702933e+00 5.477869e+00
    endloop
  endfacet
  facet normal 3.465259e-01 -1.949680e-01 9.175551e-01
    outer loop
      vertex   1.896769e+00 -2.702933e+00 5.629411e+00
      vertex   2.298030e+00 -2.702933e+00 5.477869e+00
      vertex   2.315307e+00 -2.478421e+00 5.519051e+00
    endloop
  endfacet
  facet normal 4.118313e-01 -1.949680e-01 8.901587e-01
    outer loop
      vertex   2.315307e+00 -2.478421e+00 5.519051e+00
      vertex   2.298030e+00 -2.702933e+00 5.477869e+00
      vertex   2.707513e+00 -2.478421e+00 5.337597e+00
    endloop
  endfacet
  facet normal -3.193130e-02 -8.967583e-01 4.413672e-01
    outer loop
      vertex   -1.850249e-01 -3.765544e+00 5.121659e+00
      vertex   -5.319127e-01 -3.866789e+00 4.890857e+00
      vertex   -1.776129e-01 -3.866789e+00 4.916489e+00
    endloop
  endfacet
  facet normal 0.000000e+00 -8.967583e-01 4.425207e-01
    outer loop
      vertex   -1.850249e-01 -3.765544e+00 5.121659e+00
      vertex   -1.776129e-01 -3.866789e+00 4.916489e+00
      vertex   1.850249e-01 -3.765544e+00 5.121659e+00
    endloop
  endfacet
  facet normal 0.000000e+00 -8.967583e-01 4.425207e-01
    outer loop
      vertex   1.850249e-01 -3.765544e+00 5.121659e+00
      vertex   -1.776129e-01 -3.866789e+00 4.916489e+00
      vertex   1.776129e-01 -3.866789e+00 4.916489e+00
    endloop
  endfacet
  facet normal 3.193130e-02 -8.967583e-01 4.413672e-01
    outer loop
      vertex   1.850249e-01 -3.765544e+00 5.121659e+00
      vertex   1.776129e-01 -3.866789e+00 4.916489e+00
      vertex   5.541100e-01 -3.765544e+00 5.094957e+00
    endloop
  endfacet
  facet normal 3.193130e-02 -8.967583e-01 4.413672e-01
    outer loop
      vertex   5.541100e-01 -3.765544e+00 5.094957e+00
      vertex   1.776129e-01 -3.866789e+00 4.916489e+00
      vertex   5.319127e-01 -3.866789e+00 4.890857e+00
    endloop
  endfacet
  facet normal 6.369613e-02 -8.967583e-01 4.379125e-01
    outer loop
      vertex   5.541100e-01 -3.765544e+00 5.094957e+00
      vertex   5.319127e-01 -3.866789e+00 4.890857e+00
      vertex   9.203062e-01 -3.765544e+00 5.041692e+00
    endloop
  endfacet
  facet normal 6.369613e-02 -8.967583e-01 4.379125e-01
    outer loop
      vertex   9.203062e-01 -3.765544e+00 5.041692e+00
      vertex   5.319127e-01 -3.866789e+00 4.890857e+00
      vertex   8.834394e-01 -3.866789e+00 4.839726e+00
    endloop
  endfacet
  facet normal 9.512887e-02 -8.967583e-01 4.321748e-01
    outer loop
      vertex   9.203062e-01 -3.765544e+00 5.041692e+00
      vertex   8.834394e-01 -3.866789e+00 4.839726e+00
      vertex   1.281704e+00 -3.765544e+00 4.962143e+00
    endloop
  endfacet
  facet normal 4.010678e-02 -8.313022e-01 5.543718e-01
    outer loop
      vertex   5.541100e-01 -3.765544e+00 5.094957e+00
      vertex   5.746885e-01 -3.638368e+00 5.284174e+00
      vertex   1.850249e-01 -3.765544e+00 5.121659e+00
    endloop
  endfacet
  facet normal 4.010678e-02 -8.313022e-01 5.543718e-01
    outer loop
      vertex   1.850249e-01 -3.765544e+00 5.121659e+00
      vertex   5.746885e-01 -3.638368e+00 5.284174e+00
      vertex   1.918963e-01 -3.638368e+00 5.311867e+00
    endloop
  endfacet
  facet normal 0.000000e+00 -8.313022e-01 5.558207e-01
    outer loop
      vertex   1.850249e-01 -3.765544e+00 5.121659e+00
      vertex   1.918963e-01 -3.638368e+00 5.311867e+00
      vertex   -1.850249e-01 -3.765544e+00 5.121659e+00
    endloop
  endfacet
  facet normal 4.759445e-02 -7.516266e-01 6.578694e-01
    outer loop
      vertex   1.918963e-01 -3.638368e+00 5.311867e+00
      vertex   5.746885e-01 -3.638368e+00 5.284174e+00
      vertex   5.932963e-01 -3.487437e+00 5.455269e+00
    endloop
  endfacet
  facet normal 9.494077e-02 -7.516266e-01 6.527202e-01
    outer loop
      vertex   5.932963e-01 -3.487437e+00 5.455269e+00
      vertex   5.746885e-01 -3.638368e+00 5.284174e+00
      vertex   9.853897e-01 -3.487437e+00 5.398238e+00
    endloop
  endfacet
  facet normal 1.082500e-01 -6.591027e-01 7.442214e-01
    outer loop
      vertex   5.932963e-01 -3.487437e+00 5.455269e+00
      vertex   9.853897e-01 -3.487437e+00 5.398238e+00
      vertex   1.012493e+00 -3.315333e+00 5.546716e+00
    endloop
  endfacet
  facet normal 1.616691e-01 -6.591027e-01 7.344703e-01
    outer loop
      vertex   1.012493e+00 -3.315333e+00 5.546716e+00
      vertex   9.853897e-01 -3.487437e+00 5.398238e+00
      vertex   1.410092e+00 -3.315333e+00 5.459198e+00
    endloop
  endfacet
  facet normal 1.787774e-01 -5.553198e-01 8.121937e-01
    outer loop
      vertex   1.012493e+00 -3.315333e+00 5.546716e+00
      vertex   1.410092e+00 -3.315333e+00 5.459198e+00
      vertex   1.441897e+00 -3.125000e+00 5.582332e+00
    endloop
  endfacet
  facet normal 2.369174e-01 -5.553198e-01 7.971763e-01
    outer loop
      vertex   1.441897e+00 -3.125000e+00 5.582332e+00
      vertex   1.410092e+00 -3.315333e+00 5.459198e+00
      vertex   1.840947e+00 -3.125000e+00 5.463736e+00
    endloop
  endfacet
  facet normal 2.555344e-01 -4.420567e-01 8.598186e-01
    outer loop
      vertex   1.441897e+00 -3.125000e+00 5.582332e+00
      vertex   1.840947e+00 -3.125000e+00 5.463736e+00
      vertex   1.873275e+00 -2.919696e+00 5.559681e+00
    endloop
  endfacet
  facet normal 3.169109e-01 -4.420567e-01 8.391385e-01
    outer loop
      vertex   1.873275e+00 -2.919696e+00 5.559681e+00
      vertex   1.840947e+00 -3.125000e+00 5.463736e+00
      vertex   2.269566e+00 -2.919696e+00 5.410017e+00
    endloop
  endfacet
  facet normal 3.345786e-01 -3.212515e-01 8.859202e-01
    outer loop
      vertex   1.873275e+00 -2.919696e+00 5.559681e+00
      vertex   2.269566e+00 -2.919696e+00 5.410017e+00
      vertex   2.298030e+00 -2.702933e+00 5.477869e+00
    endloop
  endfacet
  facet normal 3.976324e-01 -3.212515e-01 8.594684e-01
    outer loop
      vertex   2.298030e+00 -2.702933e+00 5.477869e+00
      vertex   2.269566e+00 -2.919696e+00 5.410017e+00
      vertex   2.687311e+00 -2.702933e+00 5.297769e+00
    endloop
  endfacet
  facet normal 4.118313e-01 -1.949680e-01 8.901587e-01
    outer loop
      vertex   2.298030e+00 -2.702933e+00 5.477869e+00
      vertex   2.687311e+00 -2.702933e+00 5.297769e+00
      vertex   2.707513e+00 -2.478421e+00 5.337597e+00
    endloop
  endfacet
  facet normal 4.749896e-01 -1.949680e-01 8.581214e-01
    outer loop
      vertex   2.707513e+00 -2.478421e+00 5.337597e+00
      vertex   2.687311e+00 -2.702933e+00 5.297769e+00
      vertex   3.085605e+00 -2.478421e+00 5.128315e+00
    endloop
  endfacet
  facet normal 8.000445e-02 -8.313022e-01 5.500327e-01
    outer loop
      vertex   5.746885e-01 -3.638368e+00 5.284174e+00
      vertex   5.541100e-01 -3.765544e+00 5.094957e+00
      vertex   9.544846e-01 -3.638368e+00 5.228931e+00
    endloop
  endfacet
  facet normal 8.000445e-02 -8.313022e-01 5.500327e-01
    outer loop
      vertex   9.544846e-01 -3.638368e+00 5.228931e+00
      vertex   5.541100e-01 -3.765544e+00 5.094957e+00
      vertex   9.203062e-01 -3.765544e+00 5.041692e+00
    endloop
  endfacet
  facet normal 1.194850e-01 -8.313022e-01 5.428259e-01
    outer loop
      vertex   9.544846e-01 -3.638368e+00 5.228931e+00
      vertex   9.203062e-01 -3.765544e+00 5.041692e+00
      vertex   1.329304e+00 -3.638368e+00 5.146427e+00
    endloop
  endfacet
  facet normal 1.194850e-01 -8.313022e-01 5.428259e-01
    outer loop
      vertex   1.329304e+00 -3.638368e+00 5.146427e+00
      vertex   9.203062e-01 -3.765544e+00 5.041692e+00
      vertex   1.281704e+00 -3.765544e+00 4.962143e+00
    endloop
  endfacet
  facet normal 1.583427e-01 -8.313022e-01 5.327891e-01
    outer loop
      vertex   1.329304e+00 -3.638368e+00 5.146427e+00
      vertex   1.281704e+00 -3.765544e+00 4.962143e+00
      vertex   1.697194e+00 -3.638368e+00 5.037092e+00
    endloop
  endfacet
  facet normal 9.494077e-02 -7.516266e-01 6.527202e-01
    outer loop
      vertex   5.746885e-01 -3.638368e+00 5.284174e+00
      vertex   9.544846e-01 -3.638368e+00 5.228931e+00
      vertex   9.853897e-01 -3.487437e+00 5.398238e+00
    endloop
  endfacet
  facet normal 1.417921e-01 -7.516266e-01 6.441680e-01
    outer loop
      vertex   9.853897e-01 -3.487437e+00 5.398238e+00
      vertex   9.544846e-01 -3.638368e+00 5.228931e+00
      vertex   1.372346e+00 -3.487437e+00 5.313062e+00
    endloop
  endfacet
  facet normal 1.616691e-01 -6.591027e-01 7.344703e-01
    outer loop
      vertex   9.853897e-01 -3.487437e+00 5.398238e+00
      vertex   1.372346e+00 -3.487437e+00 5.313062e+00
      vertex   1.410092e+00 -3.315333e+00 5.459198e+00
    endloop
  endfacet
  facet normal 2.142454e-01 -6.591027e-01 7.208900e-01
    outer loop
      vertex   1.410092e+00 -3.315333e+00 5.459198e+00
      vertex   1.372346e+00 -3.487437e+00 5.313062e+00
      vertex   1.800340e+00 -3.315333e+00 5.343218e+00
    endloop
  endfacet
  facet normal 2.369174e-01 -5.553198e-01 7.971763e-01
    outer loop
      vertex   1.410092e+00 -3.315333e+00 5.459198e+00
      vertex   1.800340e+00 -3.315333e+00 5.343218e+00
      vertex   1.840947e+00 -3.125000e+00 5.463736e+00
    endloop
  endfacet
  facet normal 2.938223e-01 -5.553198e-01 7.780028e-01
    outer loop
      vertex   1.840947e+00 -3.125000e+00 5.463736e+00
      vertex   1.800340e+00 -3.315333e+00 5.343218e+00
      vertex   2.230399e+00 -3.125000e+00 5.316655e+00
    endloop
  endfacet
  facet normal 3.169109e-01 -4.420567e-01 8.391385e-01
    outer loop
      vertex   1.840947e+00 -3.125000e+00 5.463736e+00
      vertex   2.230399e+00 -3.125000e+00 5.316655e+00
      vertex   2.269566e+00 -2.919696e+00 5.410017e+00
    endloop
  endfacet
  facet normal 3.766351e-01 -4.420567e-01 8.140834e-01
    outer loop
      vertex   2.269566e+00 -2.919696e+00 5.410017e+00
      vertex   2.230399e+00 -3.125000e+00 5.316655e+00
      vertex   2.654024e+00 -2.919696e+00 5.232148e+00
    endloop
  endfacet
  facet normal 3.976324e-01 -3.212515e-01 8.594684e-01
    outer loop
      vertex   2.269566e+00 -2.919696e+00 5.410017e+00
      vertex   2.654024e+00 -2.919696e+00 5.232148e+00
      vertex   2.687311e+00 -2.702933e+00 5.297769e+00
    endloop
  endfacet
  facet normal 4.586132e-01 -3.212515e-01 8.285357e-01
    outer loop
      vertex   2.687311e+00 -2.702933e+00 5.297769e+00
      vertex   2.654024e+00 -2.919696e+00 5.232148e+00
      vertex   3.062581e+00 -2.702933e+00 5.090049e+00
    endloop
  endfacet
  facet normal 4.749896e-01 -1.949680e-01 8.581214e-01
    outer loop
      vertex   2.687311e+00 -2.702933e+00 5.297769e+00
      vertex   3.062581e+00 -2.702933e+00 5.090049e+00
      vertex   3.085605e+00 -2.478421e+00 5.128315e+00
    endloop
  endfacet
  facet normal 5.356715e-01 -1.949680e-01 8.216103e-01
    outer loop
      vertex   3.085605e+00 -2.478421e+00 5.128315e+00
      vertex   3.062581e+00 -2.702933e+00 5.090049e+00
      vertex   3.447609e+00 -2.478421e+00 4.892296e+00
    endloop
  endfacet
  facet normal 1.417921e-01 -7.516266e-01 6.441680e-01
    outer loop
      vertex   1.372346e+00 -3.487437e+00 5.313062e+00
      vertex   9.544846e-01 -3.638368e+00 5.228931e+00
      vertex   1.329304e+00 -3.638368e+00 5.146427e+00
    endloop
  endfacet
  facet normal 1.879042e-01 -7.516266e-01 6.322574e-01
    outer loop
      vertex   1.372346e+00 -3.487437e+00 5.313062e+00
      vertex   1.329304e+00 -3.638368e+00 5.146427e+00
      vertex   1.752147e+00 -3.487437e+00 5.200187e+00
    endloop
  endfacet
  facet normal 1.879042e-01 -7.516266e-01 6.322574e-01
    outer loop
      vertex   1.752147e+00 -3.487437e+00 5.200187e+00
      vertex   1.329304e+00 -3.638368e+00 5.146427e+00
      vertex   1.697194e+00 -3.638368e+00 5.037092e+00
    endloop
  endfacet
  facet normal 2.330367e-01 -7.516266e-01 6.170505e-01
    outer loop
      vertex   1.752147e+00 -3.487437e+00 5.200187e+00
      vertex   1.697194e+00 -3.638368e+00 5.037092e+00
      vertex   2.122813e+00 -3.487437e+00 5.060200e+00
    endloop
  endfacet
  facet normal 2.142454e-01 -6.591027e-01 7.208900e-01
    outer loop
      vertex   1.372346e+00 -3.487437e+00 5.313062e+00
      vertex   1.752147e+00 -3.487437e+00 5.200187e+00
      vertex   1.800340e+00 -3.315333e+00 5.343218e+00
    endloop
  endfacet
  facet normal 2.657048e-01 -6.591027e-01 7.035514e-01
    outer loop
      vertex   1.800340e+00 -3.315333e+00 5.343218e+00
      vertex   1.752147e+00 -3.487437e+00 5.200187e+00
      vertex   2.181201e+00 -3.315333e+00 5.199381e+00
    endloop
  endfacet
  facet normal 2.938223e-01 -5.553198e-01 7.780028e-01
    outer loop
      vertex   1.800340e+00 -3.315333e+00 5.343218e+00
      vertex   2.181201e+00 -3.315333e+00 5.199381e+00
      vertex   2.230399e+00 -3.125000e+00 5.316655e+00
    endloop
  endfacet
  facet normal 3.491953e-01 -5.553198e-01 7.547732e-01
    outer loop
      vertex   2.230399e+00 -3.125000e+00 5.316655e+00
      vertex   2.181201e+00 -3.315333e+00 5.199381e+00
      vertex   2.608223e+00 -3.125000e+00 5.141855e+00
    endloop
  endfacet
  facet normal 3.766351e-01 -4.420567e-01 8.140834e-01
    outer loop
      vertex   2.230399e+00 -3.125000e+00 5.316655e+00
      vertex   2.608223e+00 -3.125000e+00 5.141855e+00
      vertex   2.654024e+00 -2.919696e+00 5.232148e+00
    endloop
  endfacet
  facet normal 4.343957e-01 -4.420567e-01 7.847842e-01
    outer loop
      vertex   2.654024e+00 -2.919696e+00 5.232148e+00
      vertex   2.608223e+00 -3.125000e+00 5.141855e+00
      vertex   3.024646e+00 -2.919696e+00 5.027000e+00
    endloop
  endfacet
  facet normal 4.586132e-01 -3.212515e-01 8.285357e-01
    outer loop
      vertex   2.654024e+00 -2.919696e+00 5.232148e+00
      vertex   3.024646e+00 -2.919696e+00 5.027000e+00
      vertex   3.062581e+00 -2.702933e+00 5.090049e+00
    endloop
  endfacet
  facet normal 5.172030e-01 -3.212515e-01 7.932834e-01
    outer loop
      vertex   3.062581e+00 -2.702933e+00 5.090049e+00
      vertex   3.024646e+00 -2.919696e+00 5.027000e+00
      vertex   3.421884e+00 -2.702933e+00 4.855791e+00
    endloop
  endfacet
  facet normal 5.356715e-01 -1.949680e-01 8.216103e-01
    outer loop
      vertex   3.062581e+00 -2.702933e+00 5.090049e+00
      vertex   3.421884e+00 -2.702933e+00 4.855791e+00
      vertex   3.447609e+00 -2.478421e+00 4.892296e+00
    endloop
  endfacet
  facet normal 5.935607e-01 -1.949680e-01 7.808157e-01
    outer loop
      vertex   3.447609e+00 -2.478421e+00 4.892296e+00
      vertex   3.421884e+00 -2.702933e+00 4.855791e+00
      vertex   3.791639e+00 -2.478421e+00 4.630771e+00
    endloop
  endfacet
  facet normal 2.657048e-01 -6.591027e-01 7.035514e-01
    outer loop
      vertex   2.181201e+00 -3.315333e+00 5.199381e+00
      vertex   1.752147e+00 -3.487437e+00 5.200187e+00
      vertex   2.122813e+00 -3.487437e+00 5.060200e+00
    endloop
  endfacet
  facet normal 3.491953e-01 -5.553198e-01 7.547732e-01
    outer loop
      vertex   2.608223e+00 -3.125000e+00 5.141855e+00
      vertex   2.181201e+00 -3.315333e+00 5.199381e+00
      vertex   2.550691e+00 -3.315333e+00 5.028436e+00
    endloop
  endfacet
  facet normal 3.157788e-01 -6.591027e-01 6.825447e-01
    outer loop
      vertex   2.550691e+00 -3.315333e+00 5.028436e+00
      vertex   2.181201e+00 -3.315333e+00 5.199381e+00
      vertex   2.122813e+00 -3.487437e+00 5.060200e+00
    endloop
  endfacet
  facet normal 9.453824e-02 -9.807609e-01 1.707938e-01
    outer loop
      vertex   2.025953e+00 -3.985029e+00 3.993967e+00
      vertex   2.308867e+00 -3.985029e+00 3.837367e+00
      vertex   2.424615e+00 -3.940370e+00 4.029742e+00
    endloop
  endfacet
  facet normal 1.066159e-01 -9.807609e-01 1.635269e-01
    outer loop
      vertex   2.424615e+00 -3.940370e+00 4.029742e+00
      vertex   2.308867e+00 -3.985029e+00 3.837367e+00
      vertex   2.709072e+00 -3.940370e+00 3.844283e+00
    endloop
  endfacet
  facet normal 1.756576e-01 -9.468663e-01 2.694228e-01
    outer loop
      vertex   2.424615e+00 -3.940370e+00 4.029742e+00
      vertex   2.709072e+00 -3.940370e+00 3.844283e+00
      vertex   2.833936e+00 -3.866789e+00 4.021469e+00
    endloop
  endfacet
  facet normal 1.946406e-01 -9.468663e-01 2.560454e-01
    outer loop
      vertex   2.833936e+00 -3.866789e+00 4.021469e+00
      vertex   2.709072e+00 -3.940370e+00 3.844283e+00
      vertex   3.116729e+00 -3.866789e+00 3.806496e+00
    endloop
  endfacet
  facet normal 2.678021e-01 -8.967583e-01 3.522877e-01
    outer loop
      vertex   2.833936e+00 -3.866789e+00 4.021469e+00
      vertex   3.116729e+00 -3.866789e+00 3.806496e+00
      vertex   3.246793e+00 -3.765544e+00 3.965345e+00
    endloop
  endfacet
  facet normal 2.925243e-01 -8.967583e-01 3.320453e-01
    outer loop
      vertex   3.246793e+00 -3.765544e+00 3.965345e+00
      vertex   3.116729e+00 -3.866789e+00 3.806496e+00
      vertex   3.524460e+00 -3.765544e+00 3.720727e+00
    endloop
  endfacet
  facet normal 3.674203e-01 -8.313022e-01 4.170600e-01
    outer loop
      vertex   3.246793e+00 -3.765544e+00 3.965345e+00
      vertex   3.524460e+00 -3.765544e+00 3.720727e+00
      vertex   3.655351e+00 -3.638368e+00 3.858907e+00
    endloop
  endfacet
  facet normal 3.965566e-01 -8.313022e-01 3.894606e-01
    outer loop
      vertex   3.655351e+00 -3.638368e+00 3.858907e+00
      vertex   3.524460e+00 -3.765544e+00 3.720727e+00
      vertex   3.924273e+00 -3.638368e+00 3.585086e+00
    endloop
  endfacet
  facet normal 4.705911e-01 -7.516266e-01 4.621703e-01
    outer loop
      vertex   3.655351e+00 -3.638368e+00 3.858907e+00
      vertex   3.924273e+00 -3.638368e+00 3.585086e+00
      vertex   4.051336e+00 -3.487437e+00 3.701167e+00
    endloop
  endfacet
  facet normal 5.027136e-01 -7.516266e-01 4.270088e-01
    outer loop
      vertex   4.051336e+00 -3.487437e+00 3.701167e+00
      vertex   3.924273e+00 -3.638368e+00 3.585086e+00
      vertex   4.307843e+00 -3.487437e+00 3.399184e+00
    endloop
  endfacet
  facet normal 5.731862e-01 -6.591027e-01 4.868687e-01
    outer loop
      vertex   4.051336e+00 -3.487437e+00 3.701167e+00
      vertex   4.307843e+00 -3.487437e+00 3.399184e+00
      vertex   4.426330e+00 -3.315333e+00 3.492678e+00
    endloop
  endfacet
  facet normal 6.068234e-01 -6.591027e-01 4.442398e-01
    outer loop
      vertex   4.426330e+00 -3.315333e+00 3.492678e+00
      vertex   4.307843e+00 -3.487437e+00 3.399184e+00
      vertex   4.666815e+00 -3.315333e+00 3.164179e+00
    endloop
  endfacet
  facet normal 6.710389e-01 -5.553198e-01 4.912502e-01
    outer loop
      vertex   4.426330e+00 -3.315333e+00 3.492678e+00
      vertex   4.666815e+00 -3.315333e+00 3.164179e+00
      vertex   4.772078e+00 -3.125000e+00 3.235549e+00
    endloop
  endfacet
  facet normal 7.047371e-01 -5.553198e-01 4.415490e-01
    outer loop
      vertex   4.772078e+00 -3.125000e+00 3.235549e+00
      vertex   4.666815e+00 -3.315333e+00 3.164179e+00
      vertex   4.993108e+00 -3.125000e+00 2.882772e+00
    endloop
  endfacet
  facet normal 7.601155e-01 -4.420567e-01 4.762460e-01
    outer loop
      vertex   4.772078e+00 -3.125000e+00 3.235549e+00
      vertex   4.993108e+00 -3.125000e+00 2.882772e+00
      vertex   5.080788e+00 -2.919696e+00 2.933395e+00
    endloop
  endfacet
  facet normal 7.924989e-01 -4.420567e-01 4.201563e-01
    outer loop
      vertex   5.080788e+00 -2.919696e+00 2.933395e+00
      vertex   4.993108e+00 -3.125000e+00 2.882772e+00
      vertex   5.279211e+00 -2.919696e+00 2.559130e+00
    endloop
  endfacet
  facet normal 8.366805e-01 -3.212515e-01 4.435799e-01
    outer loop
      vertex   5.080788e+00 -2.919696e+00 2.933395e+00
      vertex   5.279211e+00 -2.919696e+00 2.559130e+00
      vertex   5.345423e+00 -2.702933e+00 2.591226e+00
    endloop
  endfacet
  facet normal 8.665072e-01 -3.212515e-01 3.820506e-01
    outer loop
      vertex   5.345423e+00 -2.702933e+00 2.591226e+00
      vertex   5.279211e+00 -2.919696e+00 2.559130e+00
      vertex   5.518466e+00 -2.702933e+00 2.198758e+00
    endloop
  endfacet
  facet normal 8.974489e-01 -1.949680e-01 3.956931e-01
    outer loop
      vertex   5.345423e+00 -2.702933e+00 2.591226e+00
      vertex   5.518466e+00 -2.702933e+00 2.198758e+00
      vertex   5.559952e+00 -2.478421e+00 2.215287e+00
    endloop
  endfacet
  facet normal 9.236618e-01 -1.949680e-01 3.299037e-01
    outer loop
      vertex   5.559952e+00 -2.478421e+00 2.215287e+00
      vertex   5.518466e+00 -2.702933e+00 2.198758e+00
      vertex   5.705309e+00 -2.478421e+00 1.808319e+00
    endloop
  endfacet
  facet normal 4.027477e-01 -5.553198e-01 7.276086e-01
    outer loop
      vertex   2.608223e+00 -3.125000e+00 5.141855e+00
      vertex   2.550691e+00 -3.315333e+00 5.028436e+00
      vertex   2.972449e+00 -3.125000e+00 4.940248e+00
    endloop
  endfacet
  facet normal 4.343957e-01 -4.420567e-01 7.847842e-01
    outer loop
      vertex   2.608223e+00 -3.125000e+00 5.141855e+00
      vertex   2.972449e+00 -3.125000e+00 4.940248e+00
      vertex   3.024646e+00 -2.919696e+00 5.027000e+00
    endloop
  endfacet
  facet normal 4.898916e-01 -4.420567e-01 7.513934e-01
    outer loop
      vertex   3.024646e+00 -2.919696e+00 5.027000e+00
      vertex   2.972449e+00 -3.125000e+00 4.940248e+00
      vertex   3.379498e+00 -2.919696e+00 4.795645e+00
    endloop
  endfacet
  facet normal 5.172030e-01 -3.212515e-01 7.932834e-01
    outer loop
      vertex   3.024646e+00 -2.919696e+00 5.027000e+00
      vertex   3.379498e+00 -2.919696e+00 4.795645e+00
      vertex   3.421884e+00 -2.702933e+00 4.855791e+00
    endloop
  endfacet
  facet normal 5.730963e-01 -3.212515e-01 7.538953e-01
    outer loop
      vertex   3.421884e+00 -2.702933e+00 4.855791e+00
      vertex   3.379498e+00 -2.919696e+00 4.795645e+00
      vertex   3.763347e+00 -2.702933e+00 4.596218e+00
    endloop
  endfacet
  facet normal 5.935607e-01 -1.949680e-01 7.808157e-01
    outer loop
      vertex   3.421884e+00 -2.702933e+00 4.855791e+00
      vertex   3.763347e+00 -2.702933e+00 4.596218e+00
      vertex   3.791639e+00 -2.478421e+00 4.630771e+00
    endloop
  endfacet
  facet normal 6.483553e-01 -1.949680e-01 7.359503e-01
    outer loop
      vertex   3.791639e+00 -2.478421e+00 4.630771e+00
      vertex   3.763347e+00 -2.702933e+00 4.596218e+00
      vertex   4.115901e+00 -2.478421e+00 4.345104e+00
    endloop
  endfacet
  facet normal 1.066159e-01 -9.807609e-01 1.635269e-01
    outer loop
      vertex   2.308867e+00 -3.985029e+00 3.837367e+00
      vertex   2.579744e+00 -3.985029e+00 3.660761e+00
      vertex   2.709072e+00 -3.940370e+00 3.844283e+00
    endloop
  endfacet
  facet normal 1.181377e-01 -9.807609e-01 1.554075e-01
    outer loop
      vertex   2.709072e+00 -3.940370e+00 3.844283e+00
      vertex   2.579744e+00 -3.985029e+00 3.660761e+00
      vertex   2.979405e+00 -3.940370e+00 3.638781e+00
    endloop
  endfacet
  facet normal 1.946406e-01 -9.468663e-01 2.560454e-01
    outer loop
      vertex   2.709072e+00 -3.940370e+00 3.844283e+00
      vertex   2.979405e+00 -3.940370e+00 3.638781e+00
      vertex   3.116729e+00 -3.866789e+00 3.806496e+00
    endloop
  endfacet
  facet normal 2.126089e-01 -9.468663e-01 2.413331e-01
    outer loop
      vertex   3.116729e+00 -3.866789e+00 3.806496e+00
      vertex   2.979405e+00 -3.940370e+00 3.638781e+00
      vertex   3.383272e+00 -3.866789e+00 3.571677e+00
    endloop
  endfacet
  facet normal 2.925243e-01 -8.967583e-01 3.320453e-01
    outer loop
      vertex   3.116729e+00 -3.866789e+00 3.806496e+00
      vertex   3.383272e+00 -3.866789e+00 3.571677e+00
      vertex   3.524460e+00 -3.765544e+00 3.720727e+00
    endloop
  endfacet
  facet normal 3.157214e-01 -8.967583e-01 3.100719e-01
    outer loop
      vertex   3.524460e+00 -3.765544e+00 3.720727e+00
      vertex   3.383272e+00 -3.866789e+00 3.571677e+00
      vertex   3.783752e+00 -3.765544e+00 3.456711e+00
    endloop
  endfacet
  facet normal 3.965566e-01 -8.313022e-01 3.894606e-01
    outer loop
      vertex   3.524460e+00 -3.765544e+00 3.720727e+00
      vertex   3.783752e+00 -3.765544e+00 3.456711e+00
      vertex   3.924273e+00 -3.638368e+00 3.585086e+00
    endloop
  endfacet
  facet normal 4.236255e-01 -8.313022e-01 3.598307e-01
    outer loop
      vertex   3.924273e+00 -3.638368e+00 3.585086e+00
      vertex   3.783752e+00 -3.765544e+00 3.456711e+00
      vertex   4.172735e+00 -3.638368e+00 3.292574e+00
    endloop
  endfacet
  facet normal 5.027136e-01 -7.516266e-01 4.270088e-01
    outer loop
      vertex   3.924273e+00 -3.638368e+00 3.585086e+00
      vertex   4.172735e+00 -3.638368e+00 3.292574e+00
      vertex   4.307843e+00 -3.487437e+00 3.399184e+00
    endloop
  endfacet
  facet normal 5.322151e-01 -7.516266e-01 3.896210e-01
    outer loop
      vertex   4.307843e+00 -3.487437e+00 3.399184e+00
      vertex   4.172735e+00 -3.638368e+00 3.292574e+00
      vertex   4.541891e+00 -3.487437e+00 3.079479e+00
    endloop
  endfacet
  facet normal 6.068234e-01 -6.591027e-01 4.442398e-01
    outer loop
      vertex   4.307843e+00 -3.487437e+00 3.399184e+00
      vertex   4.541891e+00 -3.487437e+00 3.079479e+00
      vertex   4.666815e+00 -3.315333e+00 3.164179e+00
    endloop
  endfacet
  facet normal 6.372969e-01 -6.591027e-01 3.992947e-01
    outer loop
      vertex   4.666815e+00 -3.315333e+00 3.164179e+00
      vertex   4.541891e+00 -3.487437e+00 3.079479e+00
      vertex   4.882970e+00 -3.315333e+00 2.819184e+00
    endloop
  endfacet
  facet normal 7.047371e-01 -5.553198e-01 4.415490e-01
    outer loop
      vertex   4.666815e+00 -3.315333e+00 3.164179e+00
      vertex   4.882970e+00 -3.315333e+00 2.819184e+00
      vertex   4.993108e+00 -3.125000e+00 2.882772e+00
    endloop
  endfacet
  facet normal 7.347612e-01 -5.553198e-01 3.895457e-01
    outer loop
      vertex   4.993108e+00 -3.125000e+00 2.882772e+00
      vertex   4.882970e+00 -3.315333e+00 2.819184e+00
      vertex   5.188106e+00 -3.125000e+00 2.514966e+00
    endloop
  endfacet
  facet normal 7.924989e-01 -4.420567e-01 4.201563e-01
    outer loop
      vertex   4.993108e+00 -3.125000e+00 2.882772e+00
      vertex   5.188106e+00 -3.125000e+00 2.514966e+00
      vertex   5.279211e+00 -2.919696e+00 2.559130e+00
    endloop
  endfacet
  facet normal 8.207506e-01 -4.420567e-01 3.618761e-01
    outer loop
      vertex   5.279211e+00 -2.919696e+00 2.559130e+00
      vertex   5.188106e+00 -3.125000e+00 2.514966e+00
      vertex   5.450111e+00 -2.919696e+00 2.171523e+00
    endloop
  endfacet
  facet normal 8.665072e-01 -3.212515e-01 3.820506e-01
    outer loop
      vertex   5.279211e+00 -2.919696e+00 2.559130e+00
      vertex   5.450111e+00 -2.919696e+00 2.171523e+00
      vertex   5.518466e+00 -2.702933e+00 2.198758e+00
    endloop
  endfacet
  facet normal 8.918163e-01 -3.212515e-01 3.185295e-01
    outer loop
      vertex   5.518466e+00 -2.702933e+00 2.198758e+00
      vertex   5.450111e+00 -2.919696e+00 2.171523e+00
      vertex   5.662738e+00 -2.702933e+00 1.794826e+00
    endloop
  endfacet
  facet normal 9.236618e-01 -1.949680e-01 3.299037e-01
    outer loop
      vertex   5.518466e+00 -2.702933e+00 2.198758e+00
      vertex   5.662738e+00 -2.702933e+00 1.794826e+00
      vertex   5.705309e+00 -2.478421e+00 1.808319e+00
    endloop
  endfacet
  facet normal 9.450591e-01 -1.949680e-01 2.623944e-01
    outer loop
      vertex   5.705309e+00 -2.478421e+00 1.808319e+00
      vertex   5.662738e+00 -2.702933e+00 1.794826e+00
      vertex   5.820921e+00 -2.478421e+00 1.391923e+00
    endloop
  endfacet
  facet normal 1.181377e-01 -9.807609e-01 1.554075e-01
    outer loop
      vertex   2.579744e+00 -3.985029e+00 3.660761e+00
      vertex   2.837172e+00 -3.985029e+00 3.465070e+00
      vertex   2.979405e+00 -3.940370e+00 3.638781e+00
    endloop
  endfacet
  facet normal 1.290436e-01 -9.807609e-01 1.464778e-01
    outer loop
      vertex   2.979405e+00 -3.940370e+00 3.638781e+00
      vertex   2.837172e+00 -3.985029e+00 3.465070e+00
      vertex   3.234205e+00 -3.940370e+00 3.414308e+00
    endloop
  endfacet
  facet normal 2.126089e-01 -9.468663e-01 2.413331e-01
    outer loop
      vertex   2.979405e+00 -3.940370e+00 3.638781e+00
      vertex   3.234205e+00 -3.940370e+00 3.414308e+00
      vertex   3.383272e+00 -3.866789e+00 3.571677e+00
    endloop
  endfacet
  facet normal 2.294688e-01 -9.468663e-01 2.253626e-01
    outer loop
      vertex   3.383272e+00 -3.866789e+00 3.571677e+00
      vertex   3.234205e+00 -3.940370e+00 3.414308e+00
      vertex   3.632177e+00 -3.866789e+00 3.318237e+00
    endloop
  endfacet
  facet normal 3.157214e-01 -8.967583e-01 3.100719e-01
    outer loop
      vertex   3.383272e+00 -3.866789e+00 3.571677e+00
      vertex   3.632177e+00 -3.866789e+00 3.318237e+00
      vertex   3.783752e+00 -3.765544e+00 3.456711e+00
    endloop
  endfacet
  facet normal 3.372725e-01 -8.967583e-01 2.864818e-01
    outer loop
      vertex   3.783752e+00 -3.765544e+00 3.456711e+00
      vertex   3.632177e+00 -3.866789e+00 3.318237e+00
      vertex   4.023317e+00 -3.765544e+00 3.174673e+00
    endloop
  endfacet
  facet normal 4.236255e-01 -8.313022e-01 3.598307e-01
    outer loop
      vertex   3.783752e+00 -3.765544e+00 3.456711e+00
      vertex   4.023317e+00 -3.765544e+00 3.174673e+00
      vertex   4.172735e+00 -3.638368e+00 3.292574e+00
    endloop
  endfacet
  facet normal 4.484857e-01 -8.313022e-01 3.283248e-01
    outer loop
      vertex   4.172735e+00 -3.638368e+00 3.292574e+00
      vertex   4.023317e+00 -3.765544e+00 3.174673e+00
      vertex   4.399442e+00 -3.638368e+00 2.982896e+00
    endloop
  endfacet
  facet normal 5.322151e-01 -7.516266e-01 3.896210e-01
    outer loop
      vertex   4.172735e+00 -3.638368e+00 3.292574e+00
      vertex   4.399442e+00 -3.638368e+00 2.982896e+00
      vertex   4.541891e+00 -3.487437e+00 3.079479e+00
    endloop
  endfacet
  facet normal 5.589419e-01 -7.516266e-01 3.502019e-01
    outer loop
      vertex   4.541891e+00 -3.487437e+00 3.079479e+00
      vertex   4.399442e+00 -3.638368e+00 2.982896e+00
      vertex   4.752260e+00 -3.487437e+00 2.743718e+00
    endloop
  endfacet
  facet normal 6.372969e-01 -6.591027e-01 3.992947e-01
    outer loop
      vertex   4.541891e+00 -3.487437e+00 3.079479e+00
      vertex   4.752260e+00 -3.487437e+00 2.743718e+00
      vertex   4.882970e+00 -3.315333e+00 2.819184e+00
    endloop
  endfacet
  facet normal 6.644478e-01 -6.591027e-01 3.522679e-01
    outer loop
      vertex   4.882970e+00 -3.315333e+00 2.819184e+00
      vertex   4.752260e+00 -3.487437e+00 2.743718e+00
      vertex   5.073667e+00 -3.315333e+00 2.459491e+00
    endloop
  endfacet
  facet normal 7.347612e-01 -5.553198e-01 3.895457e-01
    outer loop
      vertex   4.882970e+00 -3.315333e+00 2.819184e+00
      vertex   5.073667e+00 -3.315333e+00 2.459491e+00
      vertex   5.188106e+00 -3.125000e+00 2.514966e+00
    endloop
  endfacet
  facet normal 7.609546e-01 -5.553198e-01 3.355116e-01
    outer loop
      vertex   5.188106e+00 -3.125000e+00 2.514966e+00
      vertex   5.073667e+00 -3.315333e+00 2.459491e+00
      vertex   5.356057e+00 -3.125000e+00 2.134048e+00
    endloop
  endfacet
  facet normal 8.207506e-01 -4.420567e-01 3.618761e-01
    outer loop
      vertex   5.188106e+00 -3.125000e+00 2.514966e+00
      vertex   5.356057e+00 -3.125000e+00 2.134048e+00
      vertex   5.450111e+00 -2.919696e+00 2.171523e+00
    endloop
  endfacet
  facet normal 8.447232e-01 -4.420567e-01 3.017093e-01
    outer loop
      vertex   5.450111e+00 -2.919696e+00 2.171523e+00
      vertex   5.356057e+00 -3.125000e+00 2.134048e+00
      vertex   5.592596e+00 -2.919696e+00 1.772594e+00
    endloop
  endfacet
  facet normal 8.918163e-01 -3.212515e-01 3.185295e-01
    outer loop
      vertex   5.450111e+00 -2.919696e+00 2.171523e+00
      vertex   5.592596e+00 -2.919696e+00 1.772594e+00
      vertex   5.662738e+00 -2.702933e+00 1.794826e+00
    endloop
  endfacet
  facet normal 9.124760e-01 -3.212515e-01 2.533477e-01
    outer loop
      vertex   5.662738e+00 -2.702933e+00 1.794826e+00
      vertex   5.592596e+00 -2.919696e+00 1.772594e+00
      vertex   5.777487e+00 -2.702933e+00 1.381537e+00
    endloop
  endfacet
  facet normal 9.450591e-01 -1.949680e-01 2.623944e-01
    outer loop
      vertex   5.662738e+00 -2.702933e+00 1.794826e+00
      vertex   5.777487e+00 -2.702933e+00 1.381537e+00
      vertex   5.820921e+00 -2.478421e+00 1.391923e+00
    endloop
  endfacet
  facet normal 9.615293e-01 -1.949680e-01 1.935170e-01
    outer loop
      vertex   5.820921e+00 -2.478421e+00 1.391923e+00
      vertex   5.777487e+00 -2.702933e+00 1.381537e+00
      vertex   5.906185e+00 -2.478421e+00 9.682699e-01
    endloop
  endfacet
  facet normal 1.290436e-01 -9.807609e-01 1.464778e-01
    outer loop
      vertex   2.837172e+00 -3.985029e+00 3.465070e+00
      vertex   3.079808e+00 -3.985029e+00 3.251313e+00
      vertex   3.234205e+00 -3.940370e+00 3.414308e+00
    endloop
  endfacet
  facet normal 1.392767e-01 -9.807609e-01 1.367845e-01
    outer loop
      vertex   3.234205e+00 -3.940370e+00 3.414308e+00
      vertex   3.079808e+00 -3.985029e+00 3.251313e+00
      vertex   3.472143e+00 -3.940370e+00 3.172035e+00
    endloop
  endfacet
  facet normal 2.294688e-01 -9.468663e-01 2.253626e-01
    outer loop
      vertex   3.234205e+00 -3.940370e+00 3.414308e+00
      vertex   3.472143e+00 -3.940370e+00 3.172035e+00
      vertex   3.632177e+00 -3.866789e+00 3.318237e+00
    endloop
  endfacet
  facet normal 2.451323e-01 -9.468663e-01 2.082172e-01
    outer loop
      vertex   3.632177e+00 -3.866789e+00 3.318237e+00
      vertex   3.472143e+00 -3.940370e+00 3.172035e+00
      vertex   3.862145e+00 -3.866789e+00 3.047498e+00
    endloop
  endfacet
  facet normal 3.372725e-01 -8.967583e-01 2.864818e-01
    outer loop
      vertex   3.632177e+00 -3.866789e+00 3.318237e+00
      vertex   3.862145e+00 -3.866789e+00 3.047498e+00
      vertex   4.023317e+00 -3.765544e+00 3.174673e+00
    endloop
  endfacet
  facet normal 3.570652e-01 -8.967583e-01 2.613982e-01
    outer loop
      vertex   4.023317e+00 -3.765544e+00 3.174673e+00
      vertex   3.862145e+00 -3.866789e+00 3.047498e+00
      vertex   4.241906e+00 -3.765544e+00 2.876084e+00
    endloop
  endfacet
  facet normal 4.484857e-01 -8.313022e-01 3.283248e-01
    outer loop
      vertex   4.023317e+00 -3.765544e+00 3.174673e+00
      vertex   4.241906e+00 -3.765544e+00 2.876084e+00
      vertex   4.399442e+00 -3.638368e+00 2.982896e+00
    endloop
  endfacet
  facet normal 4.710078e-01 -8.313022e-01 2.951073e-01
    outer loop
      vertex   4.399442e+00 -3.638368e+00 2.982896e+00
      vertex   4.241906e+00 -3.765544e+00 2.876084e+00
      vertex   4.603213e+00 -3.638368e+00 2.657666e+00
    endloop
  endfacet
  facet normal 5.589419e-01 -7.516266e-01 3.502019e-01
    outer loop
      vertex   4.399442e+00 -3.638368e+00 2.982896e+00
      vertex   4.603213e+00 -3.638368e+00 2.657666e+00
      vertex   4.752260e+00 -3.487437e+00 2.743718e+00
    endloop
  endfacet
  facet normal 5.827547e-01 -7.516266e-01 3.089570e-01
    outer loop
      vertex   4.752260e+00 -3.487437e+00 2.743718e+00
      vertex   4.603213e+00 -3.638368e+00 2.657666e+00
      vertex   4.937852e+00 -3.487437e+00 2.393654e+00
    endloop
  endfacet
  facet normal 6.644478e-01 -6.591027e-01 3.522679e-01
    outer loop
      vertex   4.752260e+00 -3.487437e+00 2.743718e+00
      vertex   4.937852e+00 -3.487437e+00 2.393654e+00
      vertex   5.073667e+00 -3.315333e+00 2.459491e+00
    endloop
  endfacet
  facet normal 6.881346e-01 -6.591027e-01 3.034046e-01
    outer loop
      vertex   5.073667e+00 -3.315333e+00 2.459491e+00
      vertex   4.937852e+00 -3.487437e+00 2.393654e+00
      vertex   5.237913e+00 -3.315333e+00 2.086975e+00
    endloop
  endfacet
  facet normal 7.609546e-01 -5.553198e-01 3.355116e-01
    outer loop
      vertex   5.073667e+00 -3.315333e+00 2.459491e+00
      vertex   5.237913e+00 -3.315333e+00 2.086975e+00
      vertex   5.356057e+00 -3.125000e+00 2.134048e+00
    endloop
  endfacet
  facet normal 7.831808e-01 -5.553198e-01 2.797282e-01
    outer loop
      vertex   5.356057e+00 -3.125000e+00 2.134048e+00
      vertex   5.237913e+00 -3.315333e+00 2.086975e+00
      vertex   5.496083e+00 -3.125000e+00 1.742004e+00
    endloop
  endfacet
  facet normal 8.447232e-01 -4.420567e-01 3.017093e-01
    outer loop
      vertex   5.356057e+00 -3.125000e+00 2.134048e+00
      vertex   5.496083e+00 -3.125000e+00 1.742004e+00
      vertex   5.592596e+00 -2.919696e+00 1.772594e+00
    endloop
  endfacet
  facet normal 8.642919e-01 -4.420567e-01 2.399695e-01
    outer loop
      vertex   5.592596e+00 -2.919696e+00 1.772594e+00
      vertex   5.496083e+00 -3.125000e+00 1.742004e+00
      vertex   5.705923e+00 -2.919696e+00 1.364424e+00
    endloop
  endfacet
  facet normal 9.124760e-01 -3.212515e-01 2.533477e-01
    outer loop
      vertex   5.592596e+00 -2.919696e+00 1.772594e+00
      vertex   5.705923e+00 -2.919696e+00 1.364424e+00
      vertex   5.777487e+00 -2.702933e+00 1.381537e+00
    endloop
  endfacet
  facet normal 9.283784e-01 -3.212515e-01 1.868451e-01
    outer loop
      vertex   5.777487e+00 -2.702933e+00 1.381537e+00
      vertex   5.705923e+00 -2.919696e+00 1.364424e+00
      vertex   5.862115e+00 -2.702933e+00 9.610450e-01
    endloop
  endfacet
  facet normal 9.615293e-01 -1.949680e-01 1.935170e-01
    outer loop
      vertex   5.777487e+00 -2.702933e+00 1.381537e+00
      vertex   5.862115e+00 -2.702933e+00 9.610450e-01
      vertex   5.906185e+00 -2.478421e+00 9.682699e-01
    endloop
  endfacet
  facet normal 9.729866e-01 -1.949680e-01 1.236308e-01
    outer loop
      vertex   5.906185e+00 -2.478421e+00 9.682699e-01
      vertex   5.862115e+00 -2.702933e+00 9.610450e-01
      vertex   5.960657e+00 -2.478421e+00 5.395688e-01
    endloop
  endfacet
  facet normal 1.392767e-01 -9.807609e-01 1.367845e-01
    outer loop
      vertex   3.079808e+00 -3.985029e+00 3.251313e+00
      vertex   3.306387e+00 -3.985029e+00 3.020606e+00
      vertex   3.472143e+00 -3.940370e+00 3.172035e+00
    endloop
  endfacet
  facet normal 1.487837e-01 -9.807609e-01 1.263780e-01
    outer loop
      vertex   3.472143e+00 -3.940370e+00 3.172035e+00
      vertex   3.306387e+00 -3.985029e+00 3.020606e+00
      vertex   3.691979e+00 -3.940370e+00 2.913224e+00
    endloop
  endfacet
  facet normal 2.451323e-01 -9.468663e-01 2.082172e-01
    outer loop
      vertex   3.472143e+00 -3.940370e+00 3.172035e+00
      vertex   3.691979e+00 -3.940370e+00 2.913224e+00
      vertex   3.862145e+00 -3.866789e+00 3.047498e+00
    endloop
  endfacet
  facet normal 2.595177e-01 -9.468663e-01 1.899862e-01
    outer loop
      vertex   3.862145e+00 -3.866789e+00 3.047498e+00
      vertex   3.691979e+00 -3.940370e+00 2.913224e+00
      vertex   4.071978e+00 -3.866789e+00 2.760870e+00
    endloop
  endfacet
  facet normal 3.570652e-01 -8.967583e-01 2.613982e-01
    outer loop
      vertex   3.862145e+00 -3.866789e+00 3.047498e+00
      vertex   4.071978e+00 -3.866789e+00 2.760870e+00
      vertex   4.241906e+00 -3.765544e+00 2.876084e+00
    endloop
  endfacet
  facet normal 3.749963e-01 -8.967583e-01 2.349518e-01
    outer loop
      vertex   4.241906e+00 -3.765544e+00 2.876084e+00
      vertex   4.071978e+00 -3.866789e+00 2.760870e+00
      vertex   4.438380e+00 -3.765544e+00 2.562500e+00
    endloop
  endfacet
  facet normal 4.710078e-01 -8.313022e-01 2.951073e-01
    outer loop
      vertex   4.241906e+00 -3.765544e+00 2.876084e+00
      vertex   4.438380e+00 -3.765544e+00 2.562500e+00
      vertex   4.603213e+00 -3.638368e+00 2.657666e+00
    endloop
  endfacet
  facet normal 4.910743e-01 -8.313022e-01 2.603511e-01
    outer loop
      vertex   4.603213e+00 -3.638368e+00 2.657666e+00
      vertex   4.438380e+00 -3.765544e+00 2.562500e+00
      vertex   4.782985e+00 -3.638368e+00 2.318581e+00
    endloop
  endfacet
  facet normal 5.827547e-01 -7.516266e-01 3.089570e-01
    outer loop
      vertex   4.603213e+00 -3.638368e+00 2.657666e+00
      vertex   4.782985e+00 -3.638368e+00 2.318581e+00
      vertex   4.937852e+00 -3.487437e+00 2.393654e+00
    endloop
  endfacet
  facet normal 6.035292e-01 -7.516266e-01 2.661013e-01
    outer loop
      vertex   4.937852e+00 -3.487437e+00 2.393654e+00
      vertex   4.782985e+00 -3.638368e+00 2.318581e+00
      vertex   5.097701e+00 -3.487437e+00 2.031110e+00
    endloop
  endfacet
  facet normal 6.881346e-01 -6.591027e-01 3.034046e-01
    outer loop
      vertex   4.937852e+00 -3.487437e+00 2.393654e+00
      vertex   5.097701e+00 -3.487437e+00 2.031110e+00
      vertex   5.237913e+00 -3.315333e+00 2.086975e+00
    endloop
  endfacet
  facet normal 7.082338e-01 -6.591027e-01 2.529594e-01
    outer loop
      vertex   5.237913e+00 -3.315333e+00 2.086975e+00
      vertex   5.097701e+00 -3.487437e+00 2.031110e+00
      vertex   5.374850e+00 -3.315333e+00 1.703579e+00
    endloop
  endfacet
  facet normal 7.831808e-01 -5.553198e-01 2.797282e-01
    outer loop
      vertex   5.237913e+00 -3.315333e+00 2.086975e+00
      vertex   5.374850e+00 -3.315333e+00 1.703579e+00
      vertex   5.496083e+00 -3.125000e+00 1.742004e+00
    endloop
  endfacet
  facet normal 8.013237e-01 -5.553198e-01 2.224864e-01
    outer loop
      vertex   5.496083e+00 -3.125000e+00 1.742004e+00
      vertex   5.374850e+00 -3.315333e+00 1.703579e+00
      vertex   5.607455e+00 -3.125000e+00 1.340878e+00
    endloop
  endfacet
  facet normal 8.642919e-01 -4.420567e-01 2.399695e-01
    outer loop
      vertex   5.496083e+00 -3.125000e+00 1.742004e+00
      vertex   5.607455e+00 -3.125000e+00 1.340878e+00
      vertex   5.705923e+00 -2.919696e+00 1.364424e+00
    endloop
  endfacet
  facet normal 8.793546e-01 -4.420567e-01 1.769786e-01
    outer loop
      vertex   5.705923e+00 -2.919696e+00 1.364424e+00
      vertex   5.607455e+00 -3.125000e+00 1.340878e+00
      vertex   5.789503e+00 -2.919696e+00 9.491409e-01
    endloop
  endfacet
  facet normal 9.283784e-01 -3.212515e-01 1.868451e-01
    outer loop
      vertex   5.705923e+00 -2.919696e+00 1.364424e+00
      vertex   5.789503e+00 -2.919696e+00 9.491409e-01
      vertex   5.862115e+00 -2.702933e+00 9.610450e-01
    endloop
  endfacet
  facet normal 9.394406e-01 -3.212515e-01 1.193683e-01
    outer loop
      vertex   5.862115e+00 -2.702933e+00 9.610450e-01
      vertex   5.789503e+00 -2.919696e+00 9.491409e-01
      vertex   5.916181e+00 -2.702933e+00 5.355427e-01
    endloop
  endfacet
  facet normal 9.729866e-01 -1.949680e-01 1.236308e-01
    outer loop
      vertex   5.862115e+00 -2.702933e+00 9.610450e-01
      vertex   5.916181e+00 -2.702933e+00 5.355427e-01
      vertex   5.960657e+00 -2.478421e+00 5.395688e-01
    endloop
  endfacet
  facet normal 9.793712e-01 -1.949680e-01 5.309996e-02
    outer loop
      vertex   5.960657e+00 -2.478421e+00 5.395688e-01
      vertex   5.916181e+00 -2.702933e+00 5.355427e-01
      vertex   5.984053e+00 -2.478421e+00 1.080546e-01
    endloop
  endfacet
  facet normal 1.575151e-01 -9.807609e-01 1.153127e-01
    outer loop
      vertex   3.515728e+00 -3.985029e+00 2.774150e+00
      vertex   3.892566e+00 -3.940370e+00 2.639225e+00
      vertex   3.691979e+00 -3.940370e+00 2.913224e+00
    endloop
  endfacet
  facet normal 2.595177e-01 -9.468663e-01 1.899862e-01
    outer loop
      vertex   3.691979e+00 -3.940370e+00 2.913224e+00
      vertex   3.892566e+00 -3.940370e+00 2.639225e+00
      vertex   4.071978e+00 -3.866789e+00 2.760870e+00
    endloop
  endfacet
  facet normal 3.749963e-01 -8.967583e-01 2.349518e-01
    outer loop
      vertex   4.438380e+00 -3.765544e+00 2.562500e+00
      vertex   4.071978e+00 -3.866789e+00 2.760870e+00
      vertex   4.260582e+00 -3.866789e+00 2.459848e+00
    endloop
  endfacet
  facet normal 2.725502e-01 -9.468663e-01 1.707648e-01
    outer loop
      vertex   4.260582e+00 -3.866789e+00 2.459848e+00
      vertex   4.071978e+00 -3.866789e+00 2.760870e+00
      vertex   3.892566e+00 -3.940370e+00 2.639225e+00
    endloop
  endfacet
  facet normal 1.487837e-01 -9.807609e-01 1.263780e-01
    outer loop
      vertex   3.306387e+00 -3.985029e+00 3.020606e+00
      vertex   3.515728e+00 -3.985029e+00 2.774150e+00
      vertex   3.691979e+00 -3.940370e+00 2.913224e+00
    endloop
  endfacet
  facet normal 4.910743e-01 -8.313022e-01 2.603511e-01
    outer loop
      vertex   4.782985e+00 -3.638368e+00 2.318581e+00
      vertex   4.438380e+00 -3.765544e+00 2.562500e+00
      vertex   4.611715e+00 -3.765544e+00 2.235557e+00
    endloop
  endfacet
  facet normal 3.909724e-01 -8.967583e-01 2.072804e-01
    outer loop
      vertex   4.611715e+00 -3.765544e+00 2.235557e+00
      vertex   4.438380e+00 -3.765544e+00 2.562500e+00
      vertex   4.260582e+00 -3.866789e+00 2.459848e+00
    endloop
  endfacet
  facet normal 6.035292e-01 -7.516266e-01 2.661013e-01
    outer loop
      vertex   5.097701e+00 -3.487437e+00 2.031110e+00
      vertex   4.782985e+00 -3.638368e+00 2.318581e+00
      vertex   4.937820e+00 -3.638368e+00 1.967407e+00
    endloop
  endfacet
  facet normal 5.085805e-01 -8.313022e-01 2.242376e-01
    outer loop
      vertex   4.937820e+00 -3.638368e+00 1.967407e+00
      vertex   4.782985e+00 -3.638368e+00 2.318581e+00
      vertex   4.611715e+00 -3.765544e+00 2.235557e+00
    endloop
  endfacet
  facet normal 7.082338e-01 -6.591027e-01 2.529594e-01
    outer loop
      vertex   5.374850e+00 -3.315333e+00 1.703579e+00
      vertex   5.097701e+00 -3.487437e+00 2.031110e+00
      vertex   5.230973e+00 -3.487437e+00 1.657976e+00
    endloop
  endfacet
  facet normal 6.211572e-01 -7.516266e-01 2.218584e-01
    outer loop
      vertex   5.230973e+00 -3.487437e+00 1.657976e+00
      vertex   5.097701e+00 -3.487437e+00 2.031110e+00
      vertex   4.937820e+00 -3.638368e+00 1.967407e+00
    endloop
  endfacet
  facet normal 8.013237e-01 -5.553198e-01 2.224864e-01
    outer loop
      vertex   5.607455e+00 -3.125000e+00 1.340878e+00
      vertex   5.374850e+00 -3.315333e+00 1.703579e+00
      vertex   5.483766e+00 -3.315333e+00 1.311301e+00
    endloop
  endfacet
  facet normal 7.246406e-01 -6.591027e-01 2.011955e-01
    outer loop
      vertex   5.483766e+00 -3.315333e+00 1.311301e+00
      vertex   5.374850e+00 -3.315333e+00 1.703579e+00
      vertex   5.230973e+00 -3.487437e+00 1.657976e+00
    endloop
  endfacet
  facet normal 8.793546e-01 -4.420567e-01 1.769786e-01
    outer loop
      vertex   5.789503e+00 -2.919696e+00 9.491409e-01
      vertex   5.607455e+00 -3.125000e+00 1.340878e+00
      vertex   5.689592e+00 -3.125000e+00 9.327613e-01
    endloop
  endfacet
  facet normal 8.152890e-01 -5.553198e-01 1.640847e-01
    outer loop
      vertex   5.689592e+00 -3.125000e+00 9.327613e-01
      vertex   5.607455e+00 -3.125000e+00 1.340878e+00
      vertex   5.483766e+00 -3.315333e+00 1.311301e+00
    endloop
  endfacet
  facet normal 1.936557e-01 -9.807609e-01 2.460651e-02
    outer loop
      vertex   4.460184e+00 -3.985029e+00 4.037434e-01
      vertex   4.683783e+00 -3.940370e+00 4.239839e-01
      vertex   4.419424e+00 -3.985029e+00 7.245279e-01
    endloop
  endfacet
  facet normal 1.936557e-01 -9.807609e-01 2.460651e-02
    outer loop
      vertex   4.419424e+00 -3.985029e+00 7.245279e-01
      vertex   4.683783e+00 -3.940370e+00 4.239839e-01
      vertex   4.640979e+00 -3.940370e+00 7.608499e-01
    endloop
  endfacet
  facet normal 1.913753e-01 -9.807609e-01 3.851613e-02
    outer loop
      vertex   4.419424e+00 -3.985029e+00 7.245279e-01
      vertex   4.640979e+00 -3.940370e+00 7.608499e-01
      vertex   4.355624e+00 -3.985029e+00 1.041535e+00
    endloop
  endfacet
  facet normal 3.190621e-01 -9.468663e-01 4.054105e-02
    outer loop
      vertex   4.640979e+00 -3.940370e+00 7.608499e-01
      vertex   4.683783e+00 -3.940370e+00 4.239839e-01
      vertex   4.899663e+00 -3.866789e+00 4.435258e-01
    endloop
  endfacet
  facet normal 3.211558e-01 -9.468663e-01 1.741256e-02
    outer loop
      vertex   4.899663e+00 -3.866789e+00 4.435258e-01
      vertex   4.683783e+00 -3.940370e+00 4.239839e-01
      vertex   4.918894e+00 -3.866789e+00 8.882093e-02
    endloop
  endfacet
  facet normal 4.418717e-01 -8.967583e-01 2.395759e-02
    outer loop
      vertex   4.899663e+00 -3.866789e+00 4.435258e-01
      vertex   4.918894e+00 -3.866789e+00 8.882093e-02
      vertex   5.124165e+00 -3.765544e+00 9.252751e-02
    endloop
  endfacet
  facet normal 4.424486e-01 -8.967583e-01 -7.989335e-03
    outer loop
      vertex   5.124165e+00 -3.765544e+00 9.252751e-02
      vertex   4.918894e+00 -3.866789e+00 8.882093e-02
      vertex   5.117484e+00 -3.765544e+00 -2.774619e-01
    endloop
  endfacet
  facet normal 5.557301e-01 -8.313022e-01 -1.003487e-02
    outer loop
      vertex   5.124165e+00 -3.765544e+00 9.252751e-02
      vertex   5.117484e+00 -3.765544e+00 -2.774619e-01
      vertex   5.307537e+00 -3.638368e+00 -2.877663e-01
    endloop
  endfacet
  facet normal 5.535574e-01 -8.313022e-01 -5.010895e-02
    outer loop
      vertex   5.307537e+00 -3.638368e+00 -2.877663e-01
      vertex   5.117484e+00 -3.765544e+00 -2.774619e-01
      vertex   5.272937e+00 -3.638368e+00 -6.699961e-01
    endloop
  endfacet
  facet normal 6.569029e-01 -7.516266e-01 -5.946397e-02
    outer loop
      vertex   5.307537e+00 -3.638368e+00 -2.877663e-01
      vertex   5.272937e+00 -3.638368e+00 -6.699961e-01
      vertex   5.443669e+00 -3.487437e+00 -6.916898e-01
    endloop
  endfacet
  facet normal 6.508998e-01 -7.516266e-01 -1.067096e-01
    outer loop
      vertex   5.443669e+00 -3.487437e+00 -6.916898e-01
      vertex   5.272937e+00 -3.638368e+00 -6.699961e-01
      vertex   5.379567e+00 -3.487437e+00 -1.082690e+00
    endloop
  endfacet
  facet normal 7.421458e-01 -6.591027e-01 -1.216686e-01
    outer loop
      vertex   5.443669e+00 -3.487437e+00 -6.916898e-01
      vertex   5.379567e+00 -3.487437e+00 -1.082690e+00
      vertex   5.527532e+00 -3.315333e+00 -1.112469e+00
    endloop
  endfacet
  facet normal 7.314318e-01 -6.591027e-01 -1.749030e-01
    outer loop
      vertex   5.527532e+00 -3.315333e+00 -1.112469e+00
      vertex   5.379567e+00 -3.487437e+00 -1.082690e+00
      vertex   5.432850e+00 -3.315333e+00 -1.508423e+00
    endloop
  endfacet
  facet normal 8.088337e-01 -5.553198e-01 -1.934117e-01
    outer loop
      vertex   5.527532e+00 -3.315333e+00 -1.112469e+00
      vertex   5.432850e+00 -3.315333e+00 -1.508423e+00
      vertex   5.555390e+00 -3.125000e+00 -1.542447e+00
    endloop
  endfacet
  facet normal 7.927691e-01 -5.553198e-01 -2.512711e-01
    outer loop
      vertex   5.555390e+00 -3.125000e+00 -1.542447e+00
      vertex   5.432850e+00 -3.315333e+00 -1.508423e+00
      vertex   5.429609e+00 -3.125000e+00 -1.939290e+00
    endloop
  endfacet
  facet normal 8.550650e-01 -4.420567e-01 -2.710161e-01
    outer loop
      vertex   5.555390e+00 -3.125000e+00 -1.542447e+00
      vertex   5.429609e+00 -3.125000e+00 -1.939290e+00
      vertex   5.524955e+00 -2.919696e+00 -1.973345e+00
    endloop
  endfacet
  facet normal 8.332801e-01 -4.420567e-01 -3.320092e-01
    outer loop
      vertex   5.524955e+00 -2.919696e+00 -1.973345e+00
      vertex   5.429609e+00 -3.125000e+00 -1.939290e+00
      vertex   5.368160e+00 -2.919696e+00 -2.366869e+00
    endloop
  endfacet
  facet normal 8.797353e-01 -3.212515e-01 -3.505186e-01
    outer loop
      vertex   5.524955e+00 -2.919696e+00 -1.973345e+00
      vertex   5.368160e+00 -2.919696e+00 -2.366869e+00
      vertex   5.435488e+00 -2.702933e+00 -2.396554e+00
    endloop
  endfacet
  facet normal 8.521494e-01 -3.212515e-01 -4.130846e-01
    outer loop
      vertex   5.435488e+00 -2.702933e+00 -2.396554e+00
      vertex   5.368160e+00 -2.919696e+00 -2.366869e+00
      vertex   5.248389e+00 -2.702933e+00 -2.782520e+00
    endloop
  endfacet
  facet normal 8.825783e-01 -1.949680e-01 -4.278352e-01
    outer loop
      vertex   5.435488e+00 -2.702933e+00 -2.396554e+00
      vertex   5.248389e+00 -2.702933e+00 -2.782520e+00
      vertex   5.287845e+00 -2.478421e+00 -2.803438e+00
    endloop
  endfacet
  facet normal 8.494060e-01 -1.949680e-01 -4.904048e-01
    outer loop
      vertex   5.287845e+00 -2.478421e+00 -2.803438e+00
      vertex   5.248389e+00 -2.702933e+00 -2.782520e+00
      vertex   5.071771e+00 -2.478421e+00 -3.177689e+00
    endloop
  endfacet
  facet normal 1.949264e-01 -9.807609e-01 1.056860e-02
    outer loop
      vertex   4.683783e+00 -3.940370e+00 4.239839e-01
      vertex   4.460184e+00 -3.985029e+00 4.037434e-01
      vertex   4.702167e+00 -3.940370e+00 8.490746e-02
    endloop
  endfacet
  facet normal 1.949264e-01 -9.807609e-01 1.056860e-02
    outer loop
      vertex   4.702167e+00 -3.940370e+00 8.490746e-02
      vertex   4.460184e+00 -3.985029e+00 4.037434e-01
      vertex   4.477691e+00 -3.985029e+00 8.085408e-02
    endloop
  endfacet
  facet normal 1.951809e-01 -9.807609e-01 -3.524400e-03
    outer loop
      vertex   4.702167e+00 -3.940370e+00 8.490746e-02
      vertex   4.477691e+00 -3.985029e+00 8.085408e-02
      vertex   4.696036e+00 -3.940370e+00 -2.546117e-01
    endloop
  endfacet
  facet normal 1.951809e-01 -9.807609e-01 -3.524400e-03
    outer loop
      vertex   4.696036e+00 -3.940370e+00 -2.546117e-01
      vertex   4.477691e+00 -3.985029e+00 8.085408e-02
      vertex   4.471853e+00 -3.985029e+00 -2.424568e-01
    endloop
  endfacet
  facet normal 1.944178e-01 -9.807609e-01 -1.759903e-02
    outer loop
      vertex   4.696036e+00 -3.940370e+00 -2.546117e-01
      vertex   4.471853e+00 -3.985029e+00 -2.424568e-01
      vertex   4.665422e+00 -3.940370e+00 -5.928034e-01
    endloop
  endfacet
  facet normal 1.944178e-01 -9.807609e-01 -1.759903e-02
    outer loop
      vertex   4.665422e+00 -3.940370e+00 -5.928034e-01
      vertex   4.471853e+00 -3.985029e+00 -2.424568e-01
      vertex   4.442701e+00 -3.985029e+00 -5.645037e-01
    endloop
  endfacet
  facet normal 1.926411e-01 -9.807609e-01 -3.158191e-02
    outer loop
      vertex   4.665422e+00 -3.940370e+00 -5.928034e-01
      vertex   4.442701e+00 -3.985029e+00 -5.645037e-01
      vertex   4.610485e+00 -3.940370e+00 -9.279045e-01
    endloop
  endfacet
  facet normal 1.926411e-01 -9.807609e-01 -3.158191e-02
    outer loop
      vertex   4.610485e+00 -3.940370e+00 -9.279045e-01
      vertex   4.442701e+00 -3.985029e+00 -5.645037e-01
      vertex   4.390386e+00 -3.985029e+00 -8.836074e-01
    endloop
  endfacet
  facet normal 1.898601e-01 -9.807609e-01 -4.540013e-02
    outer loop
      vertex   4.610485e+00 -3.940370e+00 -9.279045e-01
      vertex   4.390386e+00 -3.985029e+00 -8.836074e-01
      vertex   4.531511e+00 -3.940370e+00 -1.258168e+00
    endloop
  endfacet
  facet normal 8.898327e-01 -4.420567e-01 1.130650e-01
    outer loop
      vertex   5.789503e+00 -2.919696e+00 9.491409e-01
      vertex   5.689592e+00 -3.125000e+00 9.327613e-01
      vertex   5.842899e+00 -2.919696e+00 5.289091e-01
    endloop
  endfacet
  facet normal 9.394406e-01 -3.212515e-01 1.193683e-01
    outer loop
      vertex   5.789503e+00 -2.919696e+00 9.491409e-01
      vertex   5.842899e+00 -2.919696e+00 5.289091e-01
      vertex   5.916181e+00 -2.702933e+00 5.355427e-01
    endloop
  endfacet
  facet normal 9.456050e-01 -3.212515e-01 5.126922e-02
    outer loop
      vertex   5.916181e+00 -2.702933e+00 5.355427e-01
      vertex   5.842899e+00 -2.919696e+00 5.289091e-01
      vertex   5.939402e+00 -2.702933e+00 1.072483e-01
    endloop
  endfacet
  facet normal 9.793712e-01 -1.949680e-01 5.309996e-02
    outer loop
      vertex   5.916181e+00 -2.702933e+00 5.355427e-01
      vertex   5.939402e+00 -2.702933e+00 1.072483e-01
      vertex   5.984053e+00 -2.478421e+00 1.080546e-01
    endloop
  endfacet
  facet normal 9.806497e-01 -1.949680e-01 -1.770768e-02
    outer loop
      vertex   5.984053e+00 -2.478421e+00 1.080546e-01
      vertex   5.939402e+00 -2.702933e+00 1.072483e-01
      vertex   5.976251e+00 -2.478421e+00 -3.240229e-01
    endloop
  endfacet
  facet normal 3.211558e-01 -9.468663e-01 1.741256e-02
    outer loop
      vertex   4.683783e+00 -3.940370e+00 4.239839e-01
      vertex   4.702167e+00 -3.940370e+00 8.490746e-02
      vertex   4.918894e+00 -3.866789e+00 8.882093e-02
    endloop
  endfacet
  facet normal 3.215750e-01 -9.468663e-01 -5.806710e-03
    outer loop
      vertex   4.918894e+00 -3.866789e+00 8.882093e-02
      vertex   4.702167e+00 -3.940370e+00 8.490746e-02
      vertex   4.912481e+00 -3.866789e+00 -2.663470e-01
    endloop
  endfacet
  facet normal 4.424486e-01 -8.967583e-01 -7.989335e-03
    outer loop
      vertex   4.918894e+00 -3.866789e+00 8.882093e-02
      vertex   4.912481e+00 -3.866789e+00 -2.663470e-01
      vertex   5.117484e+00 -3.765544e+00 -2.774619e-01
    endloop
  endfacet
  facet normal 4.407187e-01 -8.967583e-01 -3.989461e-02
    outer loop
      vertex   5.117484e+00 -3.765544e+00 -2.774619e-01
      vertex   4.912481e+00 -3.866789e+00 -2.663470e-01
      vertex   5.084123e+00 -3.765544e+00 -6.460048e-01
    endloop
  endfacet
  facet normal 5.535574e-01 -8.313022e-01 -5.010895e-02
    outer loop
      vertex   5.117484e+00 -3.765544e+00 -2.774619e-01
      vertex   5.084123e+00 -3.765544e+00 -6.460048e-01
      vertex   5.272937e+00 -3.638368e+00 -6.699961e-01
    endloop
  endfacet
  facet normal 5.484986e-01 -8.313022e-01 -8.992178e-02
    outer loop
      vertex   5.272937e+00 -3.638368e+00 -6.699961e-01
      vertex   5.084123e+00 -3.765544e+00 -6.460048e-01
      vertex   5.210846e+00 -3.638368e+00 -1.048733e+00
    endloop
  endfacet
  facet normal 6.508998e-01 -7.516266e-01 -1.067096e-01
    outer loop
      vertex   5.272937e+00 -3.638368e+00 -6.699961e-01
      vertex   5.210846e+00 -3.638368e+00 -1.048733e+00
      vertex   5.379567e+00 -3.487437e+00 -1.082690e+00
    endloop
  endfacet
  facet normal 6.415031e-01 -7.516266e-01 -1.533989e-01
    outer loop
      vertex   5.379567e+00 -3.487437e+00 -1.082690e+00
      vertex   5.210846e+00 -3.638368e+00 -1.048733e+00
      vertex   5.287420e+00 -3.487437e+00 -1.468045e+00
    endloop
  endfacet
  facet normal 7.314318e-01 -6.591027e-01 -1.749030e-01
    outer loop
      vertex   5.379567e+00 -3.487437e+00 -1.082690e+00
      vertex   5.287420e+00 -3.487437e+00 -1.468045e+00
      vertex   5.432850e+00 -3.315333e+00 -1.508423e+00
    endloop
  endfacet
  facet normal 7.169045e-01 -6.591027e-01 -2.272256e-01
    outer loop
      vertex   5.432850e+00 -3.315333e+00 -1.508423e+00
      vertex   5.287420e+00 -3.487437e+00 -1.468045e+00
      vertex   5.309843e+00 -3.315333e+00 -1.896513e+00
    endloop
  endfacet
  facet normal 7.927691e-01 -5.553198e-01 -2.512711e-01
    outer loop
      vertex   5.432850e+00 -3.315333e+00 -1.508423e+00
      vertex   5.309843e+00 -3.315333e+00 -1.896513e+00
      vertex   5.429609e+00 -3.125000e+00 -1.939290e+00
    endloop
  endfacet
  facet normal 7.725713e-01 -5.553198e-01 -3.078206e-01
    outer loop
      vertex   5.429609e+00 -3.125000e+00 -1.939290e+00
      vertex   5.309843e+00 -3.315333e+00 -1.896513e+00
      vertex   5.275521e+00 -3.125000e+00 -2.326023e+00
    endloop
  endfacet
  facet normal 8.332801e-01 -4.420567e-01 -3.320092e-01
    outer loop
      vertex   5.429609e+00 -3.125000e+00 -1.939290e+00
      vertex   5.275521e+00 -3.125000e+00 -2.326023e+00
      vertex   5.368160e+00 -2.919696e+00 -2.366869e+00
    endloop
  endfacet
  facet normal 8.071509e-01 -4.420567e-01 -3.912713e-01
    outer loop
      vertex   5.368160e+00 -2.919696e+00 -2.366869e+00
      vertex   5.275521e+00 -3.125000e+00 -2.326023e+00
      vertex   5.183379e+00 -2.919696e+00 -2.748054e+00
    endloop
  endfacet
  facet normal 8.521494e-01 -3.212515e-01 -4.130846e-01
    outer loop
      vertex   5.368160e+00 -2.919696e+00 -2.366869e+00
      vertex   5.183379e+00 -2.919696e+00 -2.748054e+00
      vertex   5.248389e+00 -2.702933e+00 -2.782520e+00
    endloop
  endfacet
  facet normal 8.201208e-01 -3.212515e-01 -4.734969e-01
    outer loop
      vertex   5.248389e+00 -2.702933e+00 -2.782520e+00
      vertex   5.183379e+00 -2.919696e+00 -2.748054e+00
      vertex   5.033927e+00 -2.702933e+00 -3.153978e+00
    endloop
  endfacet
  facet normal 8.494060e-01 -1.949680e-01 -4.904048e-01
    outer loop
      vertex   5.248389e+00 -2.702933e+00 -2.782520e+00
      vertex   5.033927e+00 -2.702933e+00 -3.153978e+00
      vertex   5.071771e+00 -2.478421e+00 -3.177689e+00
    endloop
  endfacet
  facet normal 3.215750e-01 -9.468663e-01 -5.806710e-03
    outer loop
      vertex   4.912481e+00 -3.866789e+00 -2.663470e-01
      vertex   4.702167e+00 -3.940370e+00 8.490746e-02
      vertex   4.696036e+00 -3.940370e+00 -2.546117e-01
    endloop
  endfacet
  facet normal 3.203178e-01 -9.468663e-01 -2.899571e-02
    outer loop
      vertex   4.912481e+00 -3.866789e+00 -2.663470e-01
      vertex   4.696036e+00 -3.940370e+00 -2.546117e-01
      vertex   4.880456e+00 -3.866789e+00 -6.201263e-01
    endloop
  endfacet
  facet normal 3.203178e-01 -9.468663e-01 -2.899571e-02
    outer loop
      vertex   4.880456e+00 -3.866789e+00 -6.201263e-01
      vertex   4.696036e+00 -3.940370e+00 -2.546117e-01
      vertex   4.665422e+00 -3.940370e+00 -5.928034e-01
    endloop
  endfacet
  facet normal 3.173905e-01 -9.468663e-01 -5.203353e-02
    outer loop
      vertex   4.880456e+00 -3.866789e+00 -6.201263e-01
      vertex   4.665422e+00 -3.940370e+00 -5.928034e-01
      vertex   4.822987e+00 -3.866789e+00 -9.706725e-01
    endloop
  endfacet
  facet normal 3.173905e-01 -9.468663e-01 -5.203353e-02
    outer loop
      vertex   4.822987e+00 -3.866789e+00 -9.706725e-01
      vertex   4.665422e+00 -3.940370e+00 -5.928034e-01
      vertex   4.610485e+00 -3.940370e+00 -9.279045e-01
    endloop
  endfacet
  facet normal 3.128085e-01 -9.468663e-01 -7.480008e-02
    outer loop
      vertex   4.822987e+00 -3.866789e+00 -9.706725e-01
      vertex   4.610485e+00 -3.940370e+00 -9.279045e-01
      vertex   4.740373e+00 -3.866789e+00 -1.316158e+00
    endloop
  endfacet
  facet normal 3.128085e-01 -9.468663e-01 -7.480008e-02
    outer loop
      vertex   4.740373e+00 -3.866789e+00 -1.316158e+00
      vertex   4.610485e+00 -3.940370e+00 -9.279045e-01
      vertex   4.531511e+00 -3.940370e+00 -1.258168e+00
    endloop
  endfacet
  facet normal 3.065957e-01 -9.468663e-01 -9.717666e-02
    outer loop
      vertex   4.740373e+00 -3.866789e+00 -1.316158e+00
      vertex   4.531511e+00 -3.940370e+00 -1.258168e+00
      vertex   4.633045e+00 -3.866789e+00 -1.654782e+00
    endloop
  endfacet
  facet normal 4.407187e-01 -8.967583e-01 -3.989461e-02
    outer loop
      vertex   4.912481e+00 -3.866789e+00 -2.663470e-01
      vertex   4.880456e+00 -3.866789e+00 -6.201263e-01
      vertex   5.084123e+00 -3.765544e+00 -6.460048e-01
    endloop
  endfacet
  facet normal 4.366912e-01 -8.967583e-01 -7.159189e-02
    outer loop
      vertex   5.084123e+00 -3.765544e+00 -6.460048e-01
      vertex   4.880456e+00 -3.866789e+00 -6.201263e-01
      vertex   5.024255e+00 -3.765544e+00 -1.011180e+00
    endloop
  endfacet
  facet normal 5.484986e-01 -8.313022e-01 -8.992178e-02
    outer loop
      vertex   5.084123e+00 -3.765544e+00 -6.460048e-01
      vertex   5.024255e+00 -3.765544e+00 -1.011180e+00
      vertex   5.210846e+00 -3.638368e+00 -1.048733e+00
    endloop
  endfacet
  facet normal 5.405803e-01 -8.313022e-01 -1.292658e-01
    outer loop
      vertex   5.210846e+00 -3.638368e+00 -1.048733e+00
      vertex   5.024255e+00 -3.765544e+00 -1.011180e+00
      vertex   5.121589e+00 -3.638368e+00 -1.422002e+00
    endloop
  endfacet
  facet normal 6.415031e-01 -7.516266e-01 -1.533989e-01
    outer loop
      vertex   5.210846e+00 -3.638368e+00 -1.048733e+00
      vertex   5.121589e+00 -3.638368e+00 -1.422002e+00
      vertex   5.287420e+00 -3.487437e+00 -1.468045e+00
    endloop
  endfacet
  facet normal 6.287619e-01 -7.516266e-01 -1.992884e-01
    outer loop
      vertex   5.287420e+00 -3.487437e+00 -1.468045e+00
      vertex   5.121589e+00 -3.638368e+00 -1.422002e+00
      vertex   5.167706e+00 -3.487437e+00 -1.845746e+00
    endloop
  endfacet
  facet normal 7.169045e-01 -6.591027e-01 -2.272256e-01
    outer loop
      vertex   5.287420e+00 -3.487437e+00 -1.468045e+00
      vertex   5.167706e+00 -3.487437e+00 -1.845746e+00
      vertex   5.309843e+00 -3.315333e+00 -1.896513e+00
    endloop
  endfacet
  facet normal 6.986396e-01 -6.591027e-01 -2.783635e-01
    outer loop
      vertex   5.309843e+00 -3.315333e+00 -1.896513e+00
      vertex   5.167706e+00 -3.487437e+00 -1.845746e+00
      vertex   5.159153e+00 -3.315333e+00 -2.274716e+00
    endloop
  endfacet
  facet normal 7.725713e-01 -5.553198e-01 -3.078206e-01
    outer loop
      vertex   5.309843e+00 -3.315333e+00 -1.896513e+00
      vertex   5.159153e+00 -3.315333e+00 -2.274716e+00
      vertex   5.275521e+00 -3.125000e+00 -2.326023e+00
    endloop
  endfacet
  facet normal 7.483458e-01 -5.553198e-01 -3.627651e-01
    outer loop
      vertex   5.275521e+00 -3.125000e+00 -2.326023e+00
      vertex   5.159153e+00 -3.315333e+00 -2.274716e+00
      vertex   5.093928e+00 -3.125000e+00 -2.700630e+00
    endloop
  endfacet
  facet normal 8.071509e-01 -4.420567e-01 -3.912713e-01
    outer loop
      vertex   5.275521e+00 -3.125000e+00 -2.326023e+00
      vertex   5.093928e+00 -3.125000e+00 -2.700630e+00
      vertex   5.183379e+00 -2.919696e+00 -2.748054e+00
    endloop
  endfacet
  facet normal 7.768136e-01 -4.420567e-01 -4.484935e-01
    outer loop
      vertex   5.183379e+00 -2.919696e+00 -2.748054e+00
      vertex   5.093928e+00 -3.125000e+00 -2.700630e+00
      vertex   4.971574e+00 -2.919696e+00 -3.114911e+00
    endloop
  endfacet
  facet normal 8.201208e-01 -3.212515e-01 -4.734969e-01
    outer loop
      vertex   5.183379e+00 -2.919696e+00 -2.748054e+00
      vertex   4.971574e+00 -2.919696e+00 -3.114911e+00
      vertex   5.033927e+00 -2.702933e+00 -3.153978e+00
    endloop
  endfacet
  facet normal 4.366912e-01 -8.967583e-01 -7.159189e-02
    outer loop
      vertex   5.024255e+00 -3.765544e+00 -1.011180e+00
      vertex   4.880456e+00 -3.866789e+00 -6.201263e-01
      vertex   4.822987e+00 -3.866789e+00 -9.706725e-01
    endloop
  endfacet
  facet normal 4.303869e-01 -8.967583e-01 -1.029159e-01
    outer loop
      vertex   5.024255e+00 -3.765544e+00 -1.011180e+00
      vertex   4.822987e+00 -3.866789e+00 -9.706725e-01
      vertex   4.938194e+00 -3.765544e+00 -1.371083e+00
    endloop
  endfacet
  facet normal 4.303869e-01 -8.967583e-01 -1.029159e-01
    outer loop
      vertex   4.938194e+00 -3.765544e+00 -1.371083e+00
      vertex   4.822987e+00 -3.866789e+00 -9.706725e-01
      vertex   4.740373e+00 -3.866789e+00 -1.316158e+00
    endloop
  endfacet
  facet normal 4.218388e-01 -8.967583e-01 -1.337034e-01
    outer loop
      vertex   4.938194e+00 -3.765544e+00 -1.371083e+00
      vertex   4.740373e+00 -3.866789e+00 -1.316158e+00
      vertex   4.826387e+00 -3.765544e+00 -1.723838e+00
    endloop
  endfacet
  facet normal 4.218388e-01 -8.967583e-01 -1.337034e-01
    outer loop
      vertex   4.826387e+00 -3.765544e+00 -1.723838e+00
      vertex   4.740373e+00 -3.866789e+00 -1.316158e+00
      vertex   4.633045e+00 -3.866789e+00 -1.654782e+00
    endloop
  endfacet
  facet normal 4.110915e-01 -8.967583e-01 -1.637938e-01
    outer loop
      vertex   4.826387e+00 -3.765544e+00 -1.723838e+00
      vertex   4.633045e+00 -3.866789e+00 -1.654782e+00
      vertex   4.689417e+00 -3.765544e+00 -2.067605e+00
    endloop
  endfacet
  facet normal 5.298436e-01 -8.313022e-01 -1.679359e-01
    outer loop
      vertex   4.826387e+00 -3.765544e+00 -1.723838e+00
      vertex   5.005629e+00 -3.638368e+00 -1.787858e+00
      vertex   4.938194e+00 -3.765544e+00 -1.371083e+00
    endloop
  endfacet
  facet normal 5.298436e-01 -8.313022e-01 -1.679359e-01
    outer loop
      vertex   4.938194e+00 -3.765544e+00 -1.371083e+00
      vertex   5.005629e+00 -3.638368e+00 -1.787858e+00
      vertex   5.121589e+00 -3.638368e+00 -1.422002e+00
    endloop
  endfacet
  facet normal 5.405803e-01 -8.313022e-01 -1.292658e-01
    outer loop
      vertex   4.938194e+00 -3.765544e+00 -1.371083e+00
      vertex   5.121589e+00 -3.638368e+00 -1.422002e+00
      vertex   5.024255e+00 -3.765544e+00 -1.011180e+00
    endloop
  endfacet
  facet normal 6.287619e-01 -7.516266e-01 -1.992884e-01
    outer loop
      vertex   5.121589e+00 -3.638368e+00 -1.422002e+00
      vertex   5.005629e+00 -3.638368e+00 -1.787858e+00
      vertex   5.167706e+00 -3.487437e+00 -1.845746e+00
    endloop
  endfacet
  facet normal 6.127427e-01 -7.516266e-01 -2.441390e-01
    outer loop
      vertex   5.167706e+00 -3.487437e+00 -1.845746e+00
      vertex   5.005629e+00 -3.638368e+00 -1.787858e+00
      vertex   5.021050e+00 -3.487437e+00 -2.213825e+00
    endloop
  endfacet
  facet normal 6.986396e-01 -6.591027e-01 -2.783635e-01
    outer loop
      vertex   5.167706e+00 -3.487437e+00 -1.845746e+00
      vertex   5.021050e+00 -3.487437e+00 -2.213825e+00
      vertex   5.159153e+00 -3.315333e+00 -2.274716e+00
    endloop
  endfacet
  facet normal 6.767324e-01 -6.591027e-01 -3.280501e-01
    outer loop
      vertex   5.159153e+00 -3.315333e+00 -2.274716e+00
      vertex   5.021050e+00 -3.487437e+00 -2.213825e+00
      vertex   4.981566e+00 -3.315333e+00 -2.641059e+00
    endloop
  endfacet
  facet normal 7.483458e-01 -5.553198e-01 -3.627651e-01
    outer loop
      vertex   5.159153e+00 -3.315333e+00 -2.274716e+00
      vertex   4.981566e+00 -3.315333e+00 -2.641059e+00
      vertex   5.093928e+00 -3.125000e+00 -2.700630e+00
    endloop
  endfacet
  facet normal 7.202187e-01 -5.553198e-01 -4.158185e-01
    outer loop
      vertex   5.093928e+00 -3.125000e+00 -2.700630e+00
      vertex   4.981566e+00 -3.315333e+00 -2.641059e+00
      vertex   4.885778e+00 -3.125000e+00 -3.061156e+00
    endloop
  endfacet
  facet normal 7.768136e-01 -4.420567e-01 -4.484935e-01
    outer loop
      vertex   5.093928e+00 -3.125000e+00 -2.700630e+00
      vertex   4.885778e+00 -3.125000e+00 -3.061156e+00
      vertex   4.971574e+00 -2.919696e+00 -3.114911e+00
    endloop
  endfacet
  facet normal 5.163445e-01 -8.313022e-01 -2.057305e-01
    outer loop
      vertex   5.005629e+00 -3.638368e+00 -1.787858e+00
      vertex   4.826387e+00 -3.765544e+00 -1.723838e+00
      vertex   4.863573e+00 -3.638368e+00 -2.144392e+00
    endloop
  endfacet
  facet normal 5.163445e-01 -8.313022e-01 -2.057305e-01
    outer loop
      vertex   4.863573e+00 -3.638368e+00 -2.144392e+00
      vertex   4.826387e+00 -3.765544e+00 -1.723838e+00
      vertex   4.689417e+00 -3.765544e+00 -2.067605e+00
    endloop
  endfacet
  facet normal 5.001535e-01 -8.313022e-01 -2.424524e-01
    outer loop
      vertex   4.863573e+00 -3.638368e+00 -2.144392e+00
      vertex   4.689417e+00 -3.765544e+00 -2.067605e+00
      vertex   4.696160e+00 -3.638368e+00 -2.489747e+00
    endloop
  endfacet
  facet normal 6.127427e-01 -7.516266e-01 -2.441390e-01
    outer loop
      vertex   5.005629e+00 -3.638368e+00 -1.787858e+00
      vertex   4.863573e+00 -3.638368e+00 -2.144392e+00
      vertex   5.021050e+00 -3.487437e+00 -2.213825e+00
    endloop
  endfacet
  facet normal 5.935289e-01 -7.516266e-01 -2.877167e-01
    outer loop
      vertex   5.021050e+00 -3.487437e+00 -2.213825e+00
      vertex   4.863573e+00 -3.638368e+00 -2.144392e+00
      vertex   4.848217e+00 -3.487437e+00 -2.570362e+00
    endloop
  endfacet
  facet normal 6.767324e-01 -6.591027e-01 -3.280501e-01
    outer loop
      vertex   5.021050e+00 -3.487437e+00 -2.213825e+00
      vertex   4.848217e+00 -3.487437e+00 -2.570362e+00
      vertex   4.981566e+00 -3.315333e+00 -2.641059e+00
    endloop
  endfacet
  facet normal 6.512969e-01 -6.591027e-01 -3.760265e-01
    outer loop
      vertex   4.981566e+00 -3.315333e+00 -2.641059e+00
      vertex   4.848217e+00 -3.487437e+00 -2.570362e+00
      vertex   4.778008e+00 -3.315333e+00 -2.993633e+00
    endloop
  endfacet
  facet normal 7.202187e-01 -5.553198e-01 -4.158185e-01
    outer loop
      vertex   4.981566e+00 -3.315333e+00 -2.641059e+00
      vertex   4.778008e+00 -3.315333e+00 -2.993633e+00
      vertex   4.885778e+00 -3.125000e+00 -3.061156e+00
    endloop
  endfacet
  facet normal 5.935289e-01 -7.516266e-01 -2.877167e-01
    outer loop
      vertex   4.848217e+00 -3.487437e+00 -2.570362e+00
      vertex   4.863573e+00 -3.638368e+00 -2.144392e+00
      vertex   4.696160e+00 -3.638368e+00 -2.489747e+00
    endloop
  endfacet
  facet normal 6.512969e-01 -6.591027e-01 -3.760265e-01
    outer loop
      vertex   4.778008e+00 -3.315333e+00 -2.993633e+00
      vertex   4.848217e+00 -3.487437e+00 -2.570362e+00
      vertex   4.650107e+00 -3.487437e+00 -2.913498e+00
    endloop
  endfacet
  facet normal 5.712207e-01 -7.516266e-01 -3.297944e-01
    outer loop
      vertex   4.650107e+00 -3.487437e+00 -2.913498e+00
      vertex   4.848217e+00 -3.487437e+00 -2.570362e+00
      vertex   4.696160e+00 -3.638368e+00 -2.489747e+00
    endloop
  endfacet
  facet normal 1.441242e-01 -9.807609e-01 -1.316671e-01
    outer loop
      vertex   3.195180e+00 -3.985029e+00 -3.138005e+00
      vertex   3.355361e+00 -3.940370e+00 -3.295320e+00
      vertex   3.413282e+00 -3.985029e+00 -2.899268e+00
    endloop
  endfacet
  facet normal -8.465800e-01 -6.683681e-16 -5.322615e-01
    outer loop
      vertex   -4.960784e+00 -2.250000e+00 -3.375000e+00
      vertex   -5.191544e+00 -2.250000e+00 -3.007968e+00
      vertex   -4.960784e+00 0.000000e+00 -3.375000e+00
    endloop
  endfacet
  facet normal -8.465800e-01 6.658068e-17 -5.322615e-01
    outer loop
      vertex   -4.960784e+00 0.000000e+00 -3.375000e+00
      vertex   -5.191544e+00 -2.250000e+00 -3.007968e+00
      vertex   -5.191544e+00 4.000000e+00 -3.007968e+00
    endloop
  endfacet
  facet normal -8.465800e-01 3.759570e-16 -5.322615e-01
    outer loop
      vertex   -4.960784e+00 0.000000e+00 -3.375000e+00
      vertex   -5.191544e+00 4.000000e+00 -3.007968e+00
      vertex   -4.960784e+00 4.000000e+00 -3.375000e+00
    endloop
  endfacet
  facet normal -8.828048e-01 1.610808e-17 -4.697400e-01
    outer loop
      vertex   -5.191544e+00 4.000000e+00 -3.007968e+00
      vertex   -5.191544e+00 -2.250000e+00 -3.007968e+00
      vertex   -5.395198e+00 4.000000e+00 -2.625232e+00
    endloop
  endfacet
  facet normal -8.828048e-01 -2.532300e-17 -4.697400e-01
    outer loop
      vertex   -5.395198e+00 4.000000e+00 -2.625232e+00
      vertex   -5.191544e+00 -2.250000e+00 -3.007968e+00
      vertex   -5.395198e+00 -2.250000e+00 -2.625232e+00
    endloop
  endfacet
  facet normal -9.144203e-01 -4.366589e-17 -4.047659e-01
    outer loop
      vertex   -5.395198e+00 4.000000e+00 -2.625232e+00
      vertex   -5.395198e+00 -2.250000e+00 -2.625232e+00
      vertex   -5.570682e+00 4.000000e+00 -2.228788e+00
    endloop
  endfacet
  facet normal -9.144203e-01 5.752070e-17 -4.047659e-01
    outer loop
      vertex   -5.570682e+00 4.000000e+00 -2.228788e+00
      vertex   -5.395198e+00 -2.250000e+00 -2.625232e+00
      vertex   -5.570682e+00 -2.250000e+00 -2.228788e+00
    endloop
  endfacet
  facet normal -9.412615e-01 4.798700e-17 -3.376785e-01
    outer loop
      vertex   -5.570682e+00 4.000000e+00 -2.228788e+00
      vertex   -5.570682e+00 -2.250000e+00 -2.228788e+00
      vertex   -5.717082e+00 4.000000e+00 -1.820708e+00
    endloop
  endfacet
  facet normal -9.412615e-01 7.198050e-17 -3.376785e-01
    outer loop
      vertex   -5.717082e+00 4.000000e+00 -1.820708e+00
      vertex   -5.570682e+00 -2.250000e+00 -2.228788e+00
      vertex   -5.717082e+00 -2.250000e+00 -1.820708e+00
    endloop
  endfacet
  facet normal -9.631882e-01 5.730413e-17 -2.688280e-01
    outer loop
      vertex   -5.717082e+00 4.000000e+00 -1.820708e+00
      vertex   -5.717082e+00 -2.250000e+00 -1.820708e+00
      vertex   -5.833631e+00 4.000000e+00 -1.403122e+00
    endloop
  endfacet
  facet normal -9.631882e-01 5.730413e-17 -2.688280e-01
    outer loop
      vertex   -5.833631e+00 4.000000e+00 -1.403122e+00
      vertex   -5.717082e+00 -2.250000e+00 -1.820708e+00
      vertex   -5.833631e+00 -2.250000e+00 -1.403122e+00
    endloop
  endfacet
  facet normal -9.800859e-01 4.232856e-17 -1.985739e-01
    outer loop
      vertex   -5.833631e+00 4.000000e+00 -1.403122e+00
      vertex   -5.833631e+00 -2.250000e+00 -1.403122e+00
      vertex   -5.919722e+00 4.000000e+00 -9.782090e-01
    endloop
  endfacet
  facet normal -9.800859e-01 -1.040048e-16 -1.985739e-01
    outer loop
      vertex   -5.919722e+00 4.000000e+00 -9.782090e-01
      vertex   -5.833631e+00 -2.250000e+00 -1.403122e+00
      vertex   -5.919722e+00 -2.250000e+00 -9.782090e-01
    endloop
  endfacet
  facet normal -9.918664e-01 -1.183427e-16 -1.272829e-01
    outer loop
      vertex   -5.919722e+00 4.000000e+00 -9.782090e-01
      vertex   -5.919722e+00 -2.250000e+00 -9.782090e-01
      vertex   -5.974905e+00 4.000000e+00 -5.481891e-01
    endloop
  endfacet
  facet normal -9.918664e-01 -1.160817e-16 -1.272829e-01
    outer loop
      vertex   -5.974905e+00 4.000000e+00 -5.481891e-01
      vertex   -5.919722e+00 -2.250000e+00 -9.782090e-01
      vertex   -5.974905e+00 -2.250000e+00 -5.481891e-01
    endloop
  endfacet
  facet normal -9.984683e-01 -1.310799e-16 -5.532746e-02
    outer loop
      vertex   -5.974905e+00 4.000000e+00 -5.481891e-01
      vertex   -5.974905e+00 -2.250000e+00 -5.481891e-01
      vertex   -5.998892e+00 4.000000e+00 -1.153070e-01
    endloop
  endfacet
  facet normal -9.984683e-01 1.056524e-17 -5.532746e-02
    outer loop
      vertex   -5.998892e+00 4.000000e+00 -1.153070e-01
      vertex   -5.974905e+00 -2.250000e+00 -5.481891e-01
      vertex   -5.998892e+00 -2.250000e+00 -1.153070e-01
    endloop
  endfacet
  facet normal -9.998569e-01 -3.230421e-18 1.691689e-02
    outer loop
      vertex   -5.998892e+00 4.000000e+00 -1.153070e-01
      vertex   -5.998892e+00 -2.250000e+00 -1.153070e-01
      vertex   -5.991558e+00 4.000000e+00 3.181771e-01
    endloop
  endfacet
  facet normal -9.998569e-01 -3.305547e-18 1.691689e-02
    outer loop
      vertex   -5.991558e+00 4.000000e+00 3.181771e-01
      vertex   -5.998892e+00 -2.250000e+00 -1.153070e-01
      vertex   -5.991558e+00 -2.250000e+00 3.181771e-01
    endloop
  endfacet
  facet normal -9.960251e-01 -1.740478e-17 8.907291e-02
    outer loop
      vertex   -5.991558e+00 4.000000e+00 3.181771e-01
      vertex   -5.991558e+00 -2.250000e+00 3.181771e-01
      vertex   -5.952940e+00 4.000000e+00 7.500000e-01
    endloop
  endfacet
  facet normal -9.960251e-01 -5.379659e-17 8.907291e-02
    outer loop
      vertex   -5.952940e+00 4.000000e+00 7.500000e-01
      vertex   -5.991558e+00 -2.250000e+00 3.181771e-01
      vertex   -5.952940e+00 -2.250000e+00 7.500000e-01
    endloop
  endfacet
  facet normal -9.869929e-01 -9.709516e-17 1.607639e-01
    outer loop
      vertex   -5.952940e+00 4.000000e+00 7.500000e-01
      vertex   -5.952940e+00 -2.250000e+00 7.500000e-01
      vertex   -5.883242e+00 4.000000e+00 1.177907e+00
    endloop
  endfacet
  facet normal -9.869929e-01 -3.426888e-17 1.607639e-01
    outer loop
      vertex   -5.883242e+00 4.000000e+00 1.177907e+00
      vertex   -5.952940e+00 -2.250000e+00 7.500000e-01
      vertex   -5.883242e+00 -2.250000e+00 1.177907e+00
    endloop
  endfacet
  facet normal -9.728074e-01 -4.937180e-17 2.316155e-01
    outer loop
      vertex   -5.883242e+00 4.000000e+00 1.177907e+00
      vertex   -5.883242e+00 -2.250000e+00 1.177907e+00
      vertex   -5.782826e+00 4.000000e+00 1.599664e+00
    endloop
  endfacet
  facet normal -9.728074e-01 -1.563440e-16 2.316155e-01
    outer loop
      vertex   -5.782826e+00 4.000000e+00 1.599664e+00
      vertex   -5.883242e+00 -2.250000e+00 1.177907e+00
      vertex   -5.782826e+00 -2.250000e+00 1.599664e+00
    endloop
  endfacet
  facet normal -9.535428e-01 -2.033537e-16 3.012577e-01
    outer loop
      vertex   -5.782826e+00 4.000000e+00 1.599664e+00
      vertex   -5.782826e+00 -2.250000e+00 1.599664e+00
      vertex   -5.652217e+00 4.000000e+00 2.013069e+00
    endloop
  endfacet
  facet normal -9.535428e-01 -4.281130e-17 3.012577e-01
    outer loop
      vertex   -5.652217e+00 4.000000e+00 2.013069e+00
      vertex   -5.782826e+00 -2.250000e+00 1.599664e+00
      vertex   -5.652217e+00 -2.250000e+00 2.013069e+00
    endloop
  endfacet
  facet normal -9.292995e-01 -5.248454e-17 3.693271e-01
    outer loop
      vertex   -5.652217e+00 4.000000e+00 2.013069e+00
      vertex   -5.652217e+00 -2.250000e+00 2.013069e+00
      vertex   -5.492096e+00 4.000000e+00 2.415963e+00
    endloop
  endfacet
  facet normal -9.292995e-01 5.333459e-17 3.693271e-01
    outer loop
      vertex   -5.492096e+00 4.000000e+00 2.415963e+00
      vertex   -5.652217e+00 -2.250000e+00 2.013069e+00
      vertex   -5.492096e+00 -2.250000e+00 2.415963e+00
    endloop
  endfacet
  facet normal -9.002041e-01 3.510109e-17 4.354681e-01
    outer loop
      vertex   -5.492096e+00 4.000000e+00 2.415963e+00
      vertex   -5.492096e+00 -2.250000e+00 2.415963e+00
      vertex   -5.303301e+00 4.000000e+00 2.806243e+00
    endloop
  endfacet
  facet normal -9.002041e-01 1.362451e-16 4.354681e-01
    outer loop
      vertex   -5.303301e+00 4.000000e+00 2.806243e+00
      vertex   -5.492096e+00 -2.250000e+00 2.415963e+00
      vertex   -5.303301e+00 -2.250000e+00 2.806243e+00
    endloop
  endfacet
  facet normal -8.664087e-01 8.553287e-17 4.993355e-01
    outer loop
      vertex   -5.303301e+00 4.000000e+00 2.806243e+00
      vertex   -5.303301e+00 -2.250000e+00 2.806243e+00
      vertex   -5.086816e+00 4.000000e+00 3.181871e+00
    endloop
  endfacet
  facet normal -8.664087e-01 1.564927e-16 4.993355e-01
    outer loop
      vertex   -5.086816e+00 4.000000e+00 3.181871e+00
      vertex   -5.303301e+00 -2.250000e+00 2.806243e+00
      vertex   -5.086816e+00 -2.250000e+00 3.181871e+00
    endloop
  endfacet
  facet normal -8.280896e-01 1.140395e-16 5.605958e-01
    outer loop
      vertex   -5.086816e+00 4.000000e+00 3.181871e+00
      vertex   -5.086816e+00 -2.250000e+00 3.181871e+00
      vertex   -4.843772e+00 4.000000e+00 3.540886e+00
    endloop
  endfacet
  facet normal -8.280896e-01 1.158590e-16 5.605958e-01
    outer loop
      vertex   -4.843772e+00 4.000000e+00 3.540886e+00
      vertex   -5.086816e+00 -2.250000e+00 3.181871e+00
      vertex   -4.843772e+00 -2.250000e+00 3.540886e+00
    endloop
  endfacet
  facet normal -7.854469e-01 9.130476e-17 6.189291e-01
    outer loop
      vertex   -4.843772e+00 4.000000e+00 3.540886e+00
      vertex   -4.843772e+00 -2.250000e+00 3.540886e+00
      vertex   -4.575437e+00 4.000000e+00 3.881414e+00
    endloop
  endfacet
  facet normal -7.854469e-01 1.826095e-16 6.189291e-01
    outer loop
      vertex   -4.575437e+00 4.000000e+00 3.881414e+00
      vertex   -4.843772e+00 -2.250000e+00 3.540886e+00
      vertex   -4.575437e+00 -2.250000e+00 3.881414e+00
    endloop
  endfacet
  facet normal -7.387032e-01 1.325475e-16 6.740308e-01
    outer loop
      vertex   -4.575437e+00 4.000000e+00 3.881414e+00
      vertex   -4.575437e+00 -2.250000e+00 3.881414e+00
      vertex   -4.283214e+00 4.000000e+00 4.201676e+00
    endloop
  endfacet
  facet normal -7.387032e-01 1.141665e-16 6.740308e-01
    outer loop
      vertex   -4.283214e+00 4.000000e+00 4.201676e+00
      vertex   -4.575437e+00 -2.250000e+00 3.881414e+00
      vertex   -4.283214e+00 -2.250000e+00 4.201676e+00
    endloop
  endfacet
  facet normal -6.881026e-01 9.245467e-17 7.256134e-01
    outer loop
      vertex   -4.283214e+00 4.000000e+00 4.201676e+00
      vertex   -4.283214e+00 -2.250000e+00 4.201676e+00
      vertex   -3.968627e+00 4.000000e+00 4.500000e+00
    endloop
  endfacet
  facet normal -6.881026e-01 -5.422323e-17 7.256134e-01
    outer loop
      vertex   -3.968627e+00 4.000000e+00 4.500000e+00
      vertex   -4.283214e+00 -2.250000e+00 4.201676e+00
      vertex   -3.968627e+00 -2.250000e+00 4.500000e+00
    endloop
  endfacet
  facet normal -6.339094e-01 -6.486582e-17 7.734073e-01
    outer loop
      vertex   -3.968627e+00 4.000000e+00 4.500000e+00
      vertex   -3.968627e+00 -2.250000e+00 4.500000e+00
      vertex   -3.633319e+00 4.000000e+00 4.774829e+00
    endloop
  endfacet
  facet normal -6.339094e-01 -5.947156e-17 7.734073e-01
    outer loop
      vertex   -3.633319e+00 4.000000e+00 4.774829e+00
      vertex   -3.968627e+00 -2.250000e+00 4.500000e+00
      vertex   -3.633319e+00 -2.250000e+00 4.774829e+00
    endloop
  endfacet
  facet normal -5.764063e-01 -1.026408e-16 8.171632e-01
    outer loop
      vertex   -3.633319e+00 4.000000e+00 4.774829e+00
      vertex   -3.633319e+00 -2.250000e+00 4.774829e+00
      vertex   -3.279041e+00 4.000000e+00 5.024728e+00
    endloop
  endfacet
  facet normal -5.764063e-01 1.296109e-16 8.171632e-01
    outer loop
      vertex   -3.279041e+00 4.000000e+00 5.024728e+00
      vertex   -3.633319e+00 -2.250000e+00 4.774829e+00
      vertex   -3.279041e+00 -2.250000e+00 5.024728e+00
    endloop
  endfacet
  facet normal -5.158938e-01 9.820111e-17 8.566525e-01
    outer loop
      vertex   -3.279041e+00 4.000000e+00 5.024728e+00
      vertex   -3.279041e+00 -2.250000e+00 5.024728e+00
      vertex   -2.907643e+00 4.000000e+00 5.248392e+00
    endloop
  endfacet
  facet normal -5.158938e-01 -2.353654e-17 8.566525e-01
    outer loop
      vertex   -2.907643e+00 4.000000e+00 5.248392e+00
      vertex   -3.279041e+00 -2.250000e+00 5.024728e+00
      vertex   -2.907643e+00 -2.250000e+00 5.248392e+00
    endloop
  endfacet
  facet normal -4.526877e-01 -6.043524e-17 8.916691e-01
    outer loop
      vertex   -2.907643e+00 4.000000e+00 5.248392e+00
      vertex   -2.907643e+00 -2.250000e+00 5.248392e+00
      vertex   -2.521063e+00 4.000000e+00 5.444653e+00
    endloop
  endfacet
  facet normal -4.526877e-01 -8.870509e-17 8.916691e-01
    outer loop
      vertex   -2.521063e+00 4.000000e+00 5.444653e+00
      vertex   -2.907643e+00 -2.250000e+00 5.248392e+00
      vertex   -2.521063e+00 -2.250000e+00 5.444653e+00
    endloop
  endfacet
  facet normal -3.871180e-01 -1.665304e-16 9.220302e-01
    outer loop
      vertex   -2.521063e+00 4.000000e+00 5.444653e+00
      vertex   -2.521063e+00 -2.250000e+00 5.444653e+00
      vertex   -2.121320e+00 4.000000e+00 5.612486e+00
    endloop
  endfacet
  facet normal -3.871180e-01 8.251917e-17 9.220302e-01
    outer loop
      vertex   -2.121320e+00 4.000000e+00 5.612486e+00
      vertex   -2.521063e+00 -2.250000e+00 5.444653e+00
      vertex   -2.121320e+00 -2.250000e+00 5.612486e+00
    endloop
  endfacet
  facet normal -3.195271e-01 6.811130e-17 9.475771e-01
    outer loop
      vertex   -2.121320e+00 4.000000e+00 5.612486e+00
      vertex   -2.121320e+00 -2.250000e+00 5.612486e+00
      vertex   -1.710502e+00 4.000000e+00 5.751016e+00
    endloop
  endfacet
  facet normal -3.195271e-01 -5.519562e-17 9.475771e-01
    outer loop
      vertex   -1.710502e+00 4.000000e+00 5.751016e+00
      vertex   -2.121320e+00 -2.250000e+00 5.612486e+00
      vertex   -1.710502e+00 -2.250000e+00 5.751016e+00
    endloop
  endfacet
  facet normal -2.502679e-01 -7.534705e-17 9.681766e-01
    outer loop
      vertex   -1.710502e+00 4.000000e+00 5.751016e+00
      vertex   -1.710502e+00 -2.250000e+00 5.751016e+00
      vertex   -1.290753e+00 4.000000e+00 5.859519e+00
    endloop
  endfacet
  facet normal -2.502679e-01 1.356598e-17 9.681766e-01
    outer loop
      vertex   -1.290753e+00 4.000000e+00 5.859519e+00
      vertex   -1.710502e+00 -2.250000e+00 5.751016e+00
      vertex   -1.290753e+00 -2.250000e+00 5.859519e+00
    endloop
  endfacet
  facet normal -1.797020e-01 -3.126209e-17 9.837211e-01
    outer loop
      vertex   -1.290753e+00 4.000000e+00 5.859519e+00
      vertex   -1.290753e+00 -2.250000e+00 5.859519e+00
      vertex   -8.642641e-01 4.000000e+00 5.937428e+00
    endloop
  endfacet
  facet normal -1.797020e-01 -4.149795e-17 9.837211e-01
    outer loop
      vertex   -8.642641e-01 4.000000e+00 5.937428e+00
      vertex   -1.290753e+00 -2.250000e+00 5.859519e+00
      vertex   -8.642641e-01 -2.250000e+00 5.937428e+00
    endloop
  endfacet
  facet normal -1.081979e-01 -2.498575e-17 9.941294e-01
    outer loop
      vertex   -8.642641e-01 4.000000e+00 5.937428e+00
      vertex   -8.642641e-01 -2.250000e+00 5.937428e+00
      vertex   -4.332631e-01 4.000000e+00 5.984336e+00
    endloop
  endfacet
  facet normal -1.081979e-01 -2.498575e-17 9.941294e-01
    outer loop
      vertex   -4.332631e-01 4.000000e+00 5.984336e+00
      vertex   -8.642641e-01 -2.250000e+00 5.937428e+00
      vertex   -4.332631e-01 -2.250000e+00 5.984336e+00
    endloop
  endfacet
  facet normal -3.612885e-02 -8.343104e-18 9.993471e-01
    outer loop
      vertex   -4.332631e-01 4.000000e+00 5.984336e+00
      vertex   -4.332631e-01 -2.250000e+00 5.984336e+00
      vertex   -1.102182e-15 4.000000e+00 6.000000e+00
    endloop
  endfacet
  facet normal -3.612885e-02 6.907599e-18 9.993471e-01
    outer loop
      vertex   -1.102182e-15 4.000000e+00 6.000000e+00
      vertex   -4.332631e-01 -2.250000e+00 5.984336e+00
      vertex   -2.297141e-15 -2.250000e+00 6.000000e+00
    endloop
  endfacet
  facet normal 3.612885e-02 -6.907599e-18 9.993471e-01
    outer loop
      vertex   -1.102182e-15 4.000000e+00 6.000000e+00
      vertex   -2.297141e-15 -2.250000e+00 6.000000e+00
      vertex   4.332631e-01 4.000000e+00 5.984336e+00
    endloop
  endfacet
  facet normal 3.612885e-02 -7.059550e-18 9.993471e-01
    outer loop
      vertex   4.332631e-01 4.000000e+00 5.984336e+00
      vertex   -2.297141e-15 -2.250000e+00 6.000000e+00
      vertex   4.332631e-01 -2.250000e+00 5.984336e+00
    endloop
  endfacet
  facet normal 1.081979e-01 -2.114179e-17 9.941294e-01
    outer loop
      vertex   4.332631e-01 4.000000e+00 5.984336e+00
      vertex   4.332631e-01 -2.250000e+00 5.984336e+00
      vertex   8.642641e-01 4.000000e+00 5.937428e+00
    endloop
  endfacet
  facet normal 1.081979e-01 1.220545e-16 9.941294e-01
    outer loop
      vertex   8.642641e-01 4.000000e+00 5.937428e+00
      vertex   4.332631e-01 -2.250000e+00 5.984336e+00
      vertex   8.642641e-01 -2.250000e+00 5.937428e+00
    endloop
  endfacet
  facet normal 1.797020e-01 1.078737e-16 9.837211e-01
    outer loop
      vertex   8.642641e-01 4.000000e+00 5.937428e+00
      vertex   8.642641e-01 -2.250000e+00 5.937428e+00
      vertex   1.290753e+00 4.000000e+00 5.859519e+00
    endloop
  endfacet
  facet normal 1.797020e-01 -7.022729e-17 9.837211e-01
    outer loop
      vertex   1.290753e+00 4.000000e+00 5.859519e+00
      vertex   8.642641e-01 -2.250000e+00 5.937428e+00
      vertex   1.290753e+00 -2.250000e+00 5.859519e+00
    endloop
  endfacet
  facet normal 2.502679e-01 -9.780433e-17 9.681766e-01
    outer loop
      vertex   1.290753e+00 4.000000e+00 5.859519e+00
      vertex   1.290753e+00 -2.250000e+00 5.859519e+00
      vertex   1.710502e+00 4.000000e+00 5.751016e+00
    endloop
  endfacet
  facet normal 2.502679e-01 -1.356598e-17 9.681766e-01
    outer loop
      vertex   1.710502e+00 4.000000e+00 5.751016e+00
      vertex   1.290753e+00 -2.250000e+00 5.859519e+00
      vertex   1.710502e+00 -2.250000e+00 5.751016e+00
    endloop
  endfacet
  facet normal 3.195271e-01 -5.832322e-17 9.475771e-01
    outer loop
      vertex   1.710502e+00 4.000000e+00 5.751016e+00
      vertex   1.710502e+00 -2.250000e+00 5.751016e+00
      vertex   2.121320e+00 4.000000e+00 5.612486e+00
    endloop
  endfacet
  facet normal 3.195271e-01 1.542350e-16 9.475771e-01
    outer loop
      vertex   2.121320e+00 4.000000e+00 5.612486e+00
      vertex   1.710502e+00 -2.250000e+00 5.751016e+00
      vertex   2.121320e+00 -2.250000e+00 5.612486e+00
    endloop
  endfacet
  facet normal 3.871180e-01 9.051483e-17 9.220302e-01
    outer loop
      vertex   2.121320e+00 4.000000e+00 5.612486e+00
      vertex   2.121320e+00 -2.250000e+00 5.612486e+00
      vertex   2.521063e+00 4.000000e+00 5.444653e+00
    endloop
  endfacet
  facet normal 3.871180e-01 3.550205e-17 9.220302e-01
    outer loop
      vertex   2.521063e+00 4.000000e+00 5.444653e+00
      vertex   2.121320e+00 -2.250000e+00 5.612486e+00
      vertex   2.521063e+00 -2.250000e+00 5.444653e+00
    endloop
  endfacet
  facet normal 4.526877e-01 -3.800871e-17 8.916691e-01
    outer loop
      vertex   2.521063e+00 4.000000e+00 5.444653e+00
      vertex   2.521063e+00 -2.250000e+00 5.444653e+00
      vertex   2.907643e+00 4.000000e+00 5.248392e+00
    endloop
  endfacet
  facet normal 4.526877e-01 1.890968e-16 8.916691e-01
    outer loop
      vertex   2.907643e+00 4.000000e+00 5.248392e+00
      vertex   2.521063e+00 -2.250000e+00 5.444653e+00
      vertex   2.907643e+00 -2.250000e+00 5.248392e+00
    endloop
  endfacet
  facet normal 5.158938e-01 1.701624e-16 8.566525e-01
    outer loop
      vertex   2.907643e+00 4.000000e+00 5.248392e+00
      vertex   2.907643e+00 -2.250000e+00 5.248392e+00
      vertex   3.279041e+00 4.000000e+00 5.024728e+00
    endloop
  endfacet
  facet normal 5.158938e-01 -6.154465e-17 8.566525e-01
    outer loop
      vertex   3.279041e+00 4.000000e+00 5.024728e+00
      vertex   2.907643e+00 -2.250000e+00 5.248392e+00
      vertex   3.279041e+00 -2.250000e+00 5.024728e+00
    endloop
  endfacet
  facet normal 5.764063e-01 -8.865479e-17 8.171632e-01
    outer loop
      vertex   3.279041e+00 4.000000e+00 5.024728e+00
      vertex   3.279041e+00 -2.250000e+00 5.024728e+00
      vertex   3.633319e+00 4.000000e+00 4.774829e+00
    endloop
  endfacet
  facet normal 5.764063e-01 -2.022757e-17 8.171632e-01
    outer loop
      vertex   3.633319e+00 4.000000e+00 4.774829e+00
      vertex   3.279041e+00 -2.250000e+00 5.024728e+00
      vertex   3.633319e+00 -2.250000e+00 4.774829e+00
    endloop
  endfacet
  facet normal 6.339094e-01 -7.565434e-17 7.734073e-01
    outer loop
      vertex   3.633319e+00 4.000000e+00 4.774829e+00
      vertex   3.633319e+00 -2.250000e+00 4.774829e+00
      vertex   3.968627e+00 4.000000e+00 4.500000e+00
    endloop
  endfacet
  facet normal 6.339094e-01 4.504197e-17 7.734073e-01
    outer loop
      vertex   3.968627e+00 4.000000e+00 4.500000e+00
      vertex   3.633319e+00 -2.250000e+00 4.774829e+00
      vertex   3.968627e+00 -2.250000e+00 4.500000e+00
    endloop
  endfacet
  facet normal 6.881026e-01 4.889263e-17 7.256134e-01
    outer loop
      vertex   3.968627e+00 4.000000e+00 4.500000e+00
      vertex   3.968627e+00 -2.250000e+00 4.500000e+00
      vertex   4.283214e+00 4.000000e+00 4.201676e+00
    endloop
  endfacet
  facet normal 6.881026e-01 0.000000e+00 7.256134e-01
    outer loop
      vertex   4.283214e+00 4.000000e+00 4.201676e+00
      vertex   3.968627e+00 -2.250000e+00 4.500000e+00
      vertex   4.283214e+00 -2.250000e+00 4.201676e+00
    endloop
  endfacet
  facet normal 7.387032e-01 0.000000e+00 6.740308e-01
    outer loop
      vertex   4.283214e+00 4.000000e+00 4.201676e+00
      vertex   4.283214e+00 -2.250000e+00 4.201676e+00
      vertex   4.575437e+00 4.000000e+00 3.881414e+00
    endloop
  endfacet
  facet normal 7.387032e-01 -2.099521e-16 6.740308e-01
    outer loop
      vertex   4.575437e+00 4.000000e+00 3.881414e+00
      vertex   4.283214e+00 -2.250000e+00 4.201676e+00
      vertex   4.575437e+00 -2.250000e+00 3.881414e+00
    endloop
  endfacet
  facet normal 7.854469e-01 -2.232374e-16 6.189291e-01
    outer loop
      vertex   4.575437e+00 4.000000e+00 3.881414e+00
      vertex   4.575437e+00 -2.250000e+00 3.881414e+00
      vertex   4.843772e+00 4.000000e+00 3.540886e+00
    endloop
  endfacet
  facet normal 7.854469e-01 -6.764116e-17 6.189291e-01
    outer loop
      vertex   4.843772e+00 4.000000e+00 3.540886e+00
      vertex   4.575437e+00 -2.250000e+00 3.881414e+00
      vertex   4.843772e+00 -2.250000e+00 3.540886e+00
    endloop
  endfacet
  facet normal 8.280896e-01 -7.784588e-17 5.605958e-01
    outer loop
      vertex   4.843772e+00 4.000000e+00 3.540886e+00
      vertex   4.843772e+00 -2.250000e+00 3.540886e+00
      vertex   5.086816e+00 4.000000e+00 3.181871e+00
    endloop
  endfacet
  facet normal 8.280896e-01 -3.619359e-17 5.605958e-01
    outer loop
      vertex   5.086816e+00 4.000000e+00 3.181871e+00
      vertex   4.843772e+00 -2.250000e+00 3.540886e+00
      vertex   5.086816e+00 -2.250000e+00 3.181871e+00
    endloop
  endfacet
  facet normal 8.664087e-01 -6.884855e-17 4.993355e-01
    outer loop
      vertex   5.086816e+00 4.000000e+00 3.181871e+00
      vertex   5.086816e+00 -2.250000e+00 3.181871e+00
      vertex   5.303301e+00 4.000000e+00 2.806243e+00
    endloop
  endfacet
  facet normal 8.664087e-01 -1.210128e-16 4.993355e-01
    outer loop
      vertex   5.303301e+00 4.000000e+00 2.806243e+00
      vertex   5.086816e+00 -2.250000e+00 3.181871e+00
      vertex   5.303301e+00 -2.250000e+00 2.806243e+00
    endloop
  endfacet
  facet normal 9.002041e-01 -1.671870e-16 4.354681e-01
    outer loop
      vertex   5.303301e+00 4.000000e+00 2.806243e+00
      vertex   5.303301e+00 -2.250000e+00 2.806243e+00
      vertex   5.492096e+00 4.000000e+00 2.415963e+00
    endloop
  endfacet
  facet normal 9.002041e-01 -8.318431e-18 4.354681e-01
    outer loop
      vertex   5.492096e+00 4.000000e+00 2.415963e+00
      vertex   5.303301e+00 -2.250000e+00 2.806243e+00
      vertex   5.492096e+00 -2.250000e+00 2.415963e+00
    endloop
  endfacet
  facet normal 9.292995e-01 -5.418465e-17 3.693271e-01
    outer loop
      vertex   5.492096e+00 4.000000e+00 2.415963e+00
      vertex   5.492096e+00 -2.250000e+00 2.415963e+00
      vertex   5.652217e+00 4.000000e+00 2.013069e+00
    endloop
  endfacet
  facet normal 9.292995e-01 5.078443e-17 3.693271e-01
    outer loop
      vertex   5.652217e+00 4.000000e+00 2.013069e+00
      vertex   5.492096e+00 -2.250000e+00 2.415963e+00
      vertex   5.652217e+00 -2.250000e+00 2.013069e+00
    endloop
  endfacet
  facet normal 9.535428e-01 -1.414535e-17 3.012577e-01
    outer loop
      vertex   5.652217e+00 4.000000e+00 2.013069e+00
      vertex   5.652217e+00 -2.250000e+00 2.013069e+00
      vertex   5.782826e+00 4.000000e+00 1.599664e+00
    endloop
  endfacet
  facet normal 9.535428e-01 3.936877e-17 3.012577e-01
    outer loop
      vertex   5.782826e+00 4.000000e+00 1.599664e+00
      vertex   5.652217e+00 -2.250000e+00 2.013069e+00
      vertex   5.782826e+00 -2.250000e+00 1.599664e+00
    endloop
  endfacet
  facet normal 9.728074e-01 -3.785811e-17 2.316155e-01
    outer loop
      vertex   5.782826e+00 4.000000e+00 1.599664e+00
      vertex   5.782826e+00 -2.250000e+00 1.599664e+00
      vertex   5.883242e+00 4.000000e+00 1.177907e+00
    endloop
  endfacet
  facet normal 9.728074e-01 4.114317e-17 2.316155e-01
    outer loop
      vertex   5.883242e+00 4.000000e+00 1.177907e+00
      vertex   5.782826e+00 -2.250000e+00 1.599664e+00
      vertex   5.883242e+00 -2.250000e+00 1.177907e+00
    endloop
  endfacet
  facet normal 9.869929e-01 2.855740e-17 1.607639e-01
    outer loop
      vertex   5.883242e+00 4.000000e+00 1.177907e+00
      vertex   5.883242e+00 -2.250000e+00 1.177907e+00
      vertex   5.952940e+00 4.000000e+00 7.500000e-01
    endloop
  endfacet
  facet normal 9.869929e-01 6.568202e-17 1.607639e-01
    outer loop
      vertex   5.952940e+00 4.000000e+00 7.500000e-01
      vertex   5.883242e+00 -2.250000e+00 1.177907e+00
      vertex   5.952940e+00 -2.250000e+00 7.500000e-01
    endloop
  endfacet
  facet normal 9.960251e-01 3.639181e-17 8.907291e-02
    outer loop
      vertex   5.952940e+00 4.000000e+00 7.500000e-01
      vertex   5.952940e+00 -2.250000e+00 7.500000e-01
      vertex   5.991558e+00 4.000000e+00 3.181771e-01
    endloop
  endfacet
  facet normal 9.960251e-01 1.209744e-16 8.907291e-02
    outer loop
      vertex   5.991558e+00 4.000000e+00 3.181771e-01
      vertex   5.952940e+00 -2.250000e+00 7.500000e-01
      vertex   5.991558e+00 -2.250000e+00 3.181771e-01
    endloop
  endfacet
  facet normal 9.998569e-01 1.381817e-16 1.691689e-02
    outer loop
      vertex   5.991558e+00 4.000000e+00 3.181771e-01
      vertex   5.991558e+00 -2.250000e+00 3.181771e-01
      vertex   5.998892e+00 4.000000e+00 -1.153070e-01
    endloop
  endfacet
  facet normal 9.998569e-01 -4.019245e-18 1.691689e-02
    outer loop
      vertex   5.998892e+00 4.000000e+00 -1.153070e-01
      vertex   5.991558e+00 -2.250000e+00 3.181771e-01
      vertex   5.998892e+00 -2.250000e+00 -1.153070e-01
    endloop
  endfacet
  facet normal 9.984683e-01 1.314513e-17 -5.532746e-02
    outer loop
      vertex   5.998892e+00 4.000000e+00 -1.153070e-01
      vertex   5.998892e+00 -2.250000e+00 -1.153070e-01
      vertex   5.974905e+00 4.000000e+00 -5.481891e-01
    endloop
  endfacet
  facet normal 9.984683e-01 0.000000e+00 -5.532746e-02
    outer loop
      vertex   5.974905e+00 4.000000e+00 -5.481891e-01
      vertex   5.998892e+00 -2.250000e+00 -1.153070e-01
      vertex   5.974905e+00 -2.250000e+00 -5.481891e-01
    endloop
  endfacet
  facet normal 9.918664e-01 0.000000e+00 -1.272829e-01
    outer loop
      vertex   5.974905e+00 4.000000e+00 -5.481891e-01
      vertex   5.974905e+00 -2.250000e+00 -5.481891e-01
      vertex   5.919722e+00 4.000000e+00 -9.782090e-01
    endloop
  endfacet
  facet normal 9.918664e-01 1.183427e-16 -1.272829e-01
    outer loop
      vertex   5.919722e+00 4.000000e+00 -9.782090e-01
      vertex   5.974905e+00 -2.250000e+00 -5.481891e-01
      vertex   5.919722e+00 -2.250000e+00 -9.782090e-01
    endloop
  endfacet
  facet normal 9.800859e-01 1.040048e-16 -1.985739e-01
    outer loop
      vertex   5.919722e+00 4.000000e+00 -9.782090e-01
      vertex   5.919722e+00 -2.250000e+00 -9.782090e-01
      vertex   5.833631e+00 4.000000e+00 -1.403122e+00
    endloop
  endfacet
  facet normal 9.800859e-01 -2.821904e-17 -1.985739e-01
    outer loop
      vertex   5.833631e+00 4.000000e+00 -1.403122e+00
      vertex   5.919722e+00 -2.250000e+00 -9.782090e-01
      vertex   5.833631e+00 -2.250000e+00 -1.403122e+00
    endloop
  endfacet
  facet normal 9.631882e-01 -3.820275e-17 -2.688280e-01
    outer loop
      vertex   5.833631e+00 4.000000e+00 -1.403122e+00
      vertex   5.833631e+00 -2.250000e+00 -1.403122e+00
      vertex   5.717082e+00 4.000000e+00 -1.820708e+00
    endloop
  endfacet
  facet normal 9.631882e-01 -1.050576e-16 -2.688280e-01
    outer loop
      vertex   5.717082e+00 4.000000e+00 -1.820708e+00
      vertex   5.833631e+00 -2.250000e+00 -1.403122e+00
      vertex   5.717082e+00 -2.250000e+00 -1.820708e+00
    endloop
  endfacet
  facet normal 9.412615e-01 -1.319643e-16 -3.376785e-01
    outer loop
      vertex   5.717082e+00 4.000000e+00 -1.820708e+00
      vertex   5.717082e+00 -2.250000e+00 -1.820708e+00
      vertex   5.570682e+00 4.000000e+00 -2.228788e+00
    endloop
  endfacet
  facet normal 9.412615e-01 5.158111e-17 -3.376785e-01
    outer loop
      vertex   5.570682e+00 4.000000e+00 -2.228788e+00
      vertex   5.717082e+00 -2.250000e+00 -1.820708e+00
      vertex   5.570682e+00 -2.250000e+00 -2.228788e+00
    endloop
  endfacet
  facet normal 9.144203e-01 1.050737e-18 -4.047659e-01
    outer loop
      vertex   5.570682e+00 4.000000e+00 -2.228788e+00
      vertex   5.570682e+00 -2.250000e+00 -2.228788e+00
      vertex   5.395198e+00 4.000000e+00 -2.625232e+00
    endloop
  endfacet
  facet normal 9.144203e-01 1.597580e-16 -4.047659e-01
    outer loop
      vertex   5.395198e+00 4.000000e+00 -2.625232e+00
      vertex   5.570682e+00 -2.250000e+00 -2.228788e+00
      vertex   5.395198e+00 -2.250000e+00 -2.625232e+00
    endloop
  endfacet
  facet normal 8.828048e-01 1.093460e-16 -4.697400e-01
    outer loop
      vertex   5.395198e+00 4.000000e+00 -2.625232e+00
      vertex   5.395198e+00 -2.250000e+00 -2.625232e+00
      vertex   5.191544e+00 4.000000e+00 -3.007968e+00
    endloop
  endfacet
  facet normal 8.828048e-01 1.012920e-16 -4.697400e-01
    outer loop
      vertex   5.191544e+00 4.000000e+00 -3.007968e+00
      vertex   5.395198e+00 -2.250000e+00 -2.625232e+00
      vertex   5.191544e+00 -2.250000e+00 -3.007968e+00
    endloop
  endfacet
  facet normal 8.465800e-01 2.739152e-17 -5.322615e-01
    outer loop
      vertex   5.191544e+00 4.000000e+00 -3.007968e+00
      vertex   5.191544e+00 -2.250000e+00 -3.007968e+00
      vertex   4.960784e+00 0.000000e+00 -3.375000e+00
    endloop
  endfacet
  facet normal 8.465800e-01 -6.683681e-16 -5.322615e-01
    outer loop
      vertex   4.960784e+00 0.000000e+00 -3.375000e+00
      vertex   5.191544e+00 -2.250000e+00 -3.007968e+00
      vertex   4.960784e+00 -2.250000e+00 -3.375000e+00
    endloop
  endfacet
  facet normal 8.465800e-01 3.759570e-16 -5.322615e-01
    outer loop
      vertex   4.960784e+00 0.000000e+00 -3.375000e+00
      vertex   4.960784e+00 4.000000e+00 -3.375000e+00
      vertex   5.191544e+00 4.000000e+00 -3.007968e+00
    endloop
  endfacet
  facet normal 0.000000e+00 0.000000e+00 -1.000000e+00
    outer loop
      vertex   4.948371e+00 -2.428138e+00 -3.375000e+00
      vertex   4.591049e+00 -1.879268e+00 -3.375000e+00
      vertex   4.960784e+00 -2.250000e+00 -3.375000e+00
    endloop
  endfacet
  facet normal 0.000000e+00 0.000000e+00 -1.000000e+00
    outer loop
      vertex   4.960784e+00 -2.250000e+00 -3.375000e+00
      vertex   4.591049e+00 -1.879268e+00 -3.375000e+00
      vertex   4.723077e+00 -1.517207e+00 -3.375000e+00
    endloop
  endfacet
  facet normal 0.000000e+00 0.000000e+00 -1.000000e+00
    outer loop
      vertex   4.960784e+00 -2.250000e+00 -3.375000e+00
      vertex   4.723077e+00 -1.517207e+00 -3.375000e+00
      vertex   4.826601e+00 -1.145991e+00 -3.375000e+00
    endloop
  endfacet
  facet normal -0.000000e+00 0.000000e+00 -1.000000e+00
    outer loop
      vertex   4.948371e+00 -2.428138e+00 -3.375000e+00
      vertex   4.913192e+00 -2.610885e+00 -3.375000e+00
      vertex   4.591049e+00 -1.879268e+00 -3.375000e+00
    endloop
  endfacet
  facet normal 0.000000e+00 -0.000000e+00 -1.000000e+00
    outer loop
      vertex   4.591049e+00 -1.879268e+00 -3.375000e+00
      vertex   4.913192e+00 -2.610885e+00 -3.375000e+00
      vertex   4.431313e+00 -2.229986e+00 -3.375000e+00
    endloop
  endfacet
  facet normal 0.000000e+00 0.000000e+00 -1.000000e+00
    outer loop
      vertex   4.431313e+00 -2.229986e+00 -3.375000e+00
      vertex   4.913192e+00 -2.610885e+00 -3.375000e+00
      vertex   4.858339e+00 -2.785815e+00 -3.375000e+00
    endloop
  endfacet
  facet normal 0.000000e+00 0.000000e+00 -1.000000e+00
    outer loop
      vertex   4.431313e+00 -2.229986e+00 -3.375000e+00
      vertex   4.858339e+00 -2.785815e+00 -3.375000e+00
      vertex   4.785069e+00 -2.945061e+00 -3.375000e+00
    endloop
  endfacet
  facet normal -2.560309e-15 -1.266615e-15 -1.000000e+00
    outer loop
      vertex   4.785069e+00 -2.945061e+00 -3.375000e+00
      vertex   4.688767e+00 -3.101010e+00 -3.375000e+00
      vertex   4.431313e+00 -2.229986e+00 -3.375000e+00
    endloop
  endfacet
  facet normal 6.008821e-16 -3.322410e-16 -1.000000e+00
    outer loop
      vertex   4.431313e+00 -2.229986e+00 -3.375000e+00
      vertex   4.688767e+00 -3.101010e+00 -3.375000e+00
      vertex   4.244834e+00 -2.567247e+00 -3.375000e+00
    endloop
  endfacet
  facet normal 6.148152e-15 4.281449e-15 -1.000000e+00
    outer loop
      vertex   4.244834e+00 -2.567247e+00 -3.375000e+00
      vertex   4.688767e+00 -3.101010e+00 -3.375000e+00
      vertex   4.574991e+00 -3.248800e+00 -3.375000e+00
    endloop
  endfacet
  facet normal -5.634694e-15 -1.426382e-15 -1.000000e+00
    outer loop
      vertex   4.244834e+00 -2.567247e+00 -3.375000e+00
      vertex   4.574991e+00 -3.248800e+00 -3.375000e+00
      vertex   4.450713e+00 -3.380539e+00 -3.375000e+00
    endloop
  endfacet
  facet normal 5.470922e-15 1.384924e-15 -1.000000e+00
    outer loop
      vertex   4.450713e+00 -3.380539e+00 -3.375000e+00
      vertex   4.317117e+00 -3.494108e+00 -3.375000e+00
      vertex   4.244834e+00 -2.567247e+00 -3.375000e+00
    endloop
  endfacet
  facet normal -1.299961e-15 8.568850e-16 -1.000000e+00
    outer loop
      vertex   4.244834e+00 -2.567247e+00 -3.375000e+00
      vertex   4.317117e+00 -3.494108e+00 -3.375000e+00
      vertex   4.032737e+00 -2.889014e+00 -3.375000e+00
    endloop
  endfacet
  facet normal -5.210882e-15 -9.811538e-16 -1.000000e+00
    outer loop
      vertex   4.032737e+00 -2.889014e+00 -3.375000e+00
      vertex   4.317117e+00 -3.494108e+00 -3.375000e+00
      vertex   4.166391e+00 -3.598847e+00 -3.375000e+00
    endloop
  endfacet
  facet normal 0.000000e+00 -0.000000e+00 -1.000000e+00
    outer loop
      vertex   4.032737e+00 -2.889014e+00 -3.375000e+00
      vertex   4.166391e+00 -3.598847e+00 -3.375000e+00
      vertex   4.004650e+00 -3.692591e+00 -3.375000e+00
    endloop
  endfacet
  facet normal 0.000000e+00 0.000000e+00 -1.000000e+00
    outer loop
      vertex   4.032737e+00 -2.889014e+00 -3.375000e+00
      vertex   4.004650e+00 -3.692591e+00 -3.375000e+00
      vertex   3.796303e+00 -3.193346e+00 -3.375000e+00
    endloop
  endfacet
  facet normal 0.000000e+00 0.000000e+00 -1.000000e+00
    outer loop
      vertex   3.796303e+00 -3.193346e+00 -3.375000e+00
      vertex   4.004650e+00 -3.692591e+00 -3.375000e+00
      vertex   3.838730e+00 -3.772509e+00 -3.375000e+00
    endloop
  endfacet
  facet normal 0.000000e+00 -0.000000e+00 -1.000000e+00
    outer loop
      vertex   3.796303e+00 -3.193346e+00 -3.375000e+00
      vertex   3.838730e+00 -3.772509e+00 -3.375000e+00
      vertex   3.674961e+00 -3.836007e+00 -3.375000e+00
    endloop
  endfacet
  facet normal 0.000000e+00 0.000000e+00 -1.000000e+00
    outer loop
      vertex   3.796303e+00 -3.193346e+00 -3.375000e+00
      vertex   3.674961e+00 -3.836007e+00 -3.375000e+00
      vertex   3.536957e+00 -3.478406e+00 -3.375000e+00
    endloop
  endfacet
  facet normal 0.000000e+00 -0.000000e+00 -1.000000e+00
    outer loop
      vertex   3.536957e+00 -3.478406e+00 -3.375000e+00
      vertex   3.674961e+00 -3.836007e+00 -3.375000e+00
      vertex   3.504863e+00 -3.887615e+00 -3.375000e+00
    endloop
  endfacet
  facet normal 0.000000e+00 0.000000e+00 -1.000000e+00
    outer loop
      vertex   3.536957e+00 -3.478406e+00 -3.375000e+00
      vertex   3.504863e+00 -3.887615e+00 -3.375000e+00
      vertex   3.325825e+00 -3.929762e+00 -3.375000e+00
    endloop
  endfacet
  facet normal 0.000000e+00 0.000000e+00 -1.000000e+00
    outer loop
      vertex   3.536957e+00 -3.478406e+00 -3.375000e+00
      vertex   3.325825e+00 -3.929762e+00 -3.375000e+00
      vertex   3.256266e+00 -3.742473e+00 -3.375000e+00
    endloop
  endfacet
  facet normal 0.000000e+00 -0.000000e+00 -1.000000e+00
    outer loop
      vertex   3.256266e+00 -3.742473e+00 -3.375000e+00
      vertex   3.325825e+00 -3.929762e+00 -3.375000e+00
      vertex   3.141596e+00 -3.962018e+00 -3.375000e+00
    endloop
  endfacet
  facet normal 0.000000e+00 0.000000e+00 -1.000000e+00
    outer loop
      vertex   3.256266e+00 -3.742473e+00 -3.375000e+00
      vertex   3.141596e+00 -3.962018e+00 -3.375000e+00
      vertex   2.955923e+00 -3.983954e+00 -3.375000e+00
    endloop
  endfacet
  facet normal 0.000000e+00 0.000000e+00 -1.000000e+00
    outer loop
      vertex   4.826601e+00 -1.145991e+00 -3.375000e+00
      vertex   4.900997e+00 -7.678579e-01 -3.375000e+00
      vertex   4.960784e+00 -2.250000e+00 -3.375000e+00
    endloop
  endfacet
  facet normal 0.000000e+00 0.000000e+00 -1.000000e+00
    outer loop
      vertex   4.960784e+00 -2.250000e+00 -3.375000e+00
      vertex   4.900997e+00 -7.678579e-01 -3.375000e+00
      vertex   4.945814e+00 -3.850910e-01 -3.375000e+00
    endloop
  endfacet
  facet normal 0.000000e+00 0.000000e+00 -1.000000e+00
    outer loop
      vertex   4.960784e+00 -2.250000e+00 -3.375000e+00
      vertex   4.945814e+00 -3.850910e-01 -3.375000e+00
      vertex   4.960784e+00 0.000000e+00 -3.375000e+00
    endloop
  endfacet
  facet normal 0.000000e+00 -1.000000e+00 0.000000e+00
    outer loop
      vertex   -7.807123e-16 -4.000000e+00 -4.250000e+00
      vertex   3.653504e-01 -4.000000e+00 -4.234267e+00
      vertex   -3.653504e-01 -4.000000e+00 -4.234267e+00
    endloop
  endfacet
  facet normal 0.000000e+00 -1.000000e+00 0.000000e+00
    outer loop
      vertex   -3.653504e-01 -4.000000e+00 -4.234267e+00
      vertex   3.653504e-01 -4.000000e+00 -4.234267e+00
      vertex   -7.279959e-01 -4.000000e+00 -4.187185e+00
    endloop
  endfacet
  facet normal 0.000000e+00 -1.000000e+00 0.000000e+00
    outer loop
      vertex   -7.279959e-01 -4.000000e+00 -4.187185e+00
      vertex   3.653504e-01 -4.000000e+00 -4.234267e+00
      vertex   7.279959e-01 -4.000000e+00 -4.187185e+00
    endloop
  endfacet
  facet normal 0.000000e+00 -1.000000e+00 0.000000e+00
    outer loop
      vertex   -7.279959e-01 -4.000000e+00 -4.187185e+00
      vertex   7.279959e-01 -4.000000e+00 -4.187185e+00
      vertex   -1.085252e+00 -4.000000e+00 -4.109103e+00
    endloop
  endfacet
  facet normal 0.000000e+00 -1.000000e+00 0.000000e+00
    outer loop
      vertex   -1.085252e+00 -4.000000e+00 -4.109103e+00
      vertex   7.279959e-01 -4.000000e+00 -4.187185e+00
      vertex   1.085252e+00 -4.000000e+00 -4.109103e+00
    endloop
  endfacet
  facet normal 0.000000e+00 -1.000000e+00 0.000000e+00
    outer loop
      vertex   -1.085252e+00 -4.000000e+00 -4.109103e+00
      vertex   1.085252e+00 -4.000000e+00 -4.109103e+00
      vertex   -1.434472e+00 -4.000000e+00 -4.000599e+00
    endloop
  endfacet
  facet normal 0.000000e+00 -1.000000e+00 0.000000e+00
    outer loop
      vertex   -1.434472e+00 -4.000000e+00 -4.000599e+00
      vertex   1.085252e+00 -4.000000e+00 -4.109103e+00
      vertex   1.434472e+00 -4.000000e+00 -4.000599e+00
    endloop
  endfacet
  facet normal 0.000000e+00 -1.000000e+00 0.000000e+00
    outer loop
      vertex   -1.434472e+00 -4.000000e+00 -4.000599e+00
      vertex   1.434472e+00 -4.000000e+00 -4.000599e+00
      vertex   -1.773073e+00 -4.000000e+00 -3.862475e+00
    endloop
  endfacet
  facet normal 0.000000e+00 -1.000000e+00 0.000000e+00
    outer loop
      vertex   -1.773073e+00 -4.000000e+00 -3.862475e+00
      vertex   1.434472e+00 -4.000000e+00 -4.000599e+00
      vertex   1.773073e+00 -4.000000e+00 -3.862475e+00
    endloop
  endfacet
  facet normal 0.000000e+00 -1.000000e+00 0.000000e+00
    outer loop
      vertex   -1.773073e+00 -4.000000e+00 -3.862475e+00
      vertex   1.773073e+00 -4.000000e+00 -3.862475e+00
      vertex   -2.098546e+00 -4.000000e+00 -3.695755e+00
    endloop
  endfacet
  facet normal 0.000000e+00 -1.000000e+00 0.000000e+00
    outer loop
      vertex   -2.098546e+00 -4.000000e+00 -3.695755e+00
      vertex   1.773073e+00 -4.000000e+00 -3.862475e+00
      vertex   2.098546e+00 -4.000000e+00 -3.695755e+00
    endloop
  endfacet
  facet normal 0.000000e+00 -1.000000e+00 0.000000e+00
    outer loop
      vertex   -2.098546e+00 -4.000000e+00 -3.695755e+00
      vertex   2.098546e+00 -4.000000e+00 -3.695755e+00
      vertex   -2.408482e+00 -4.000000e+00 -3.501673e+00
    endloop
  endfacet
  facet normal 0.000000e+00 -1.000000e+00 0.000000e+00
    outer loop
      vertex   -2.408482e+00 -4.000000e+00 -3.501673e+00
      vertex   2.098546e+00 -4.000000e+00 -3.695755e+00
      vertex   2.408482e+00 -4.000000e+00 -3.501673e+00
    endloop
  endfacet
  facet normal 0.000000e+00 -1.000000e+00 0.000000e+00
    outer loop
      vertex   -2.408482e+00 -4.000000e+00 -3.501673e+00
      vertex   2.408482e+00 -4.000000e+00 -3.501673e+00
      vertex   -2.700587e+00 -4.000000e+00 -3.281665e+00
    endloop
  endfacet
  facet normal 0.000000e+00 -1.000000e+00 0.000000e+00
    outer loop
      vertex   -2.700587e+00 -4.000000e+00 -3.281665e+00
      vertex   2.408482e+00 -4.000000e+00 -3.501673e+00
      vertex   2.700587e+00 -4.000000e+00 -3.281665e+00
    endloop
  endfacet
  facet normal 0.000000e+00 -1.000000e+00 0.000000e+00
    outer loop
      vertex   -2.700587e+00 -4.000000e+00 -3.281665e+00
      vertex   2.700587e+00 -4.000000e+00 -3.281665e+00
      vertex   -2.972698e+00 -4.000000e+00 -3.037362e+00
    endloop
  endfacet
  facet normal 0.000000e+00 -1.000000e+00 0.000000e+00
    outer loop
      vertex   -2.972698e+00 -4.000000e+00 -3.037362e+00
      vertex   2.700587e+00 -4.000000e+00 -3.281665e+00
      vertex   2.972698e+00 -4.000000e+00 -3.037362e+00
    endloop
  endfacet
  facet normal 0.000000e+00 -1.000000e+00 0.000000e+00
    outer loop
      vertex   -2.972698e+00 -4.000000e+00 -3.037362e+00
      vertex   2.972698e+00 -4.000000e+00 -3.037362e+00
      vertex   -3.222800e+00 -4.000000e+00 -2.770571e+00
    endloop
  endfacet
  facet normal 0.000000e+00 -1.000000e+00 0.000000e+00
    outer loop
      vertex   -3.222800e+00 -4.000000e+00 -2.770571e+00
      vertex   2.972698e+00 -4.000000e+00 -3.037362e+00
      vertex   3.222800e+00 -4.000000e+00 -2.770571e+00
    endloop
  endfacet
  facet normal 0.000000e+00 -1.000000e+00 0.000000e+00
    outer loop
      vertex   -3.222800e+00 -4.000000e+00 -2.770571e+00
      vertex   3.222800e+00 -4.000000e+00 -2.770571e+00
      vertex   -3.449041e+00 -4.000000e+00 -2.483267e+00
    endloop
  endfacet
  facet normal 0.000000e+00 -1.000000e+00 0.000000e+00
    outer loop
      vertex   -3.449041e+00 -4.000000e+00 -2.483267e+00
      vertex   3.222800e+00 -4.000000e+00 -2.770571e+00
      vertex   3.449041e+00 -4.000000e+00 -2.483267e+00
    endloop
  endfacet
  facet normal 0.000000e+00 -1.000000e+00 0.000000e+00
    outer loop
      vertex   -3.449041e+00 -4.000000e+00 -2.483267e+00
      vertex   3.449041e+00 -4.000000e+00 -2.483267e+00
      vertex   -3.649747e+00 -4.000000e+00 -2.177579e+00
    endloop
  endfacet
  facet normal 0.000000e+00 -1.000000e+00 0.000000e+00
    outer loop
      vertex   -3.649747e+00 -4.000000e+00 -2.177579e+00
      vertex   3.449041e+00 -4.000000e+00 -2.483267e+00
      vertex   3.649747e+00 -4.000000e+00 -2.177579e+00
    endloop
  endfacet
  facet normal 0.000000e+00 -1.000000e+00 0.000000e+00
    outer loop
      vertex   -3.649747e+00 -4.000000e+00 -2.177579e+00
      vertex   3.649747e+00 -4.000000e+00 -2.177579e+00
      vertex   -3.823431e+00 -4.000000e+00 -1.855768e+00
    endloop
  endfacet
  facet normal 0.000000e+00 -1.000000e+00 0.000000e+00
    outer loop
      vertex   -3.823431e+00 -4.000000e+00 -1.855768e+00
      vertex   3.649747e+00 -4.000000e+00 -2.177579e+00
      vertex   3.823431e+00 -4.000000e+00 -1.855768e+00
    endloop
  endfacet
  facet normal 0.000000e+00 -1.000000e+00 0.000000e+00
    outer loop
      vertex   -3.823431e+00 -4.000000e+00 -1.855768e+00
      vertex   3.823431e+00 -4.000000e+00 -1.855768e+00
      vertex   -3.968808e+00 -4.000000e+00 -1.520218e+00
    endloop
  endfacet
  facet normal 0.000000e+00 -1.000000e+00 0.000000e+00
    outer loop
      vertex   -3.968808e+00 -4.000000e+00 -1.520218e+00
      vertex   3.823431e+00 -4.000000e+00 -1.855768e+00
      vertex   3.968808e+00 -4.000000e+00 -1.520218e+00
    endloop
  endfacet
  facet normal 0.000000e+00 -1.000000e+00 0.000000e+00
    outer loop
      vertex   -3.968808e+00 -4.000000e+00 -1.520218e+00
      vertex   3.968808e+00 -4.000000e+00 -1.520218e+00
      vertex   -4.084802e+00 -4.000000e+00 -1.173412e+00
    endloop
  endfacet
  facet normal 0.000000e+00 -1.000000e+00 0.000000e+00
    outer loop
      vertex   -4.084802e+00 -4.000000e+00 -1.173412e+00
      vertex   3.968808e+00 -4.000000e+00 -1.520218e+00
      vertex   4.084802e+00 -4.000000e+00 -1.173412e+00
    endloop
  endfacet
  facet normal 0.000000e+00 -1.000000e+00 0.000000e+00
    outer loop
      vertex   -4.084802e+00 -4.000000e+00 -1.173412e+00
      vertex   4.084802e+00 -4.000000e+00 -1.173412e+00
      vertex   -4.170552e+00 -4.000000e+00 -8.179192e-01
    endloop
  endfacet
  facet normal 0.000000e+00 -1.000000e+00 0.000000e+00
    outer loop
      vertex   -4.170552e+00 -4.000000e+00 -8.179192e-01
      vertex   4.084802e+00 -4.000000e+00 -1.173412e+00
      vertex   4.170552e+00 -4.000000e+00 -8.179192e-01
    endloop
  endfacet
  facet normal 0.000000e+00 -1.000000e+00 0.000000e+00
    outer loop
      vertex   -4.170552e+00 -4.000000e+00 -8.179192e-01
      vertex   4.170552e+00 -4.000000e+00 -8.179192e-01
      vertex   -4.225426e+00 -4.000000e+00 -4.563707e-01
    endloop
  endfacet
  facet normal 0.000000e+00 -1.000000e+00 0.000000e+00
    outer loop
      vertex   -4.225426e+00 -4.000000e+00 -4.563707e-01
      vertex   4.170552e+00 -4.000000e+00 -8.179192e-01
      vertex   4.225426e+00 -4.000000e+00 -4.563707e-01
    endloop
  endfacet
  facet normal 0.000000e+00 -1.000000e+00 0.000000e+00
    outer loop
      vertex   -4.225426e+00 -4.000000e+00 -4.563707e-01
      vertex   4.225426e+00 -4.000000e+00 -4.563707e-01
      vertex   -4.249016e+00 -4.000000e+00 -9.144341e-02
    endloop
  endfacet
  facet normal 0.000000e+00 -1.000000e+00 0.000000e+00
    outer loop
      vertex   -4.249016e+00 -4.000000e+00 -9.144341e-02
      vertex   4.225426e+00 -4.000000e+00 -4.563707e-01
      vertex   4.249016e+00 -4.000000e+00 -9.144341e-02
    endloop
  endfacet
  facet normal 0.000000e+00 -1.000000e+00 0.000000e+00
    outer loop
      vertex   -4.249016e+00 -4.000000e+00 -9.144341e-02
      vertex   4.249016e+00 -4.000000e+00 -9.144341e-02
      vertex   -4.241148e+00 -4.000000e+00 2.741609e-01
    endloop
  endfacet
  facet normal 0.000000e+00 -1.000000e+00 0.000000e+00
    outer loop
      vertex   -4.241148e+00 -4.000000e+00 2.741609e-01
      vertex   4.249016e+00 -4.000000e+00 -9.144341e-02
      vertex   4.241148e+00 -4.000000e+00 2.741609e-01
    endloop
  endfacet
  facet normal 0.000000e+00 -1.000000e+00 0.000000e+00
    outer loop
      vertex   -4.241148e+00 -4.000000e+00 2.741609e-01
      vertex   4.241148e+00 -4.000000e+00 2.741609e-01
      vertex   -4.201880e+00 -4.000000e+00 6.377354e-01
    endloop
  endfacet
  facet normal 0.000000e+00 -1.000000e+00 0.000000e+00
    outer loop
      vertex   -4.201880e+00 -4.000000e+00 6.377354e-01
      vertex   4.241148e+00 -4.000000e+00 2.741609e-01
      vertex   4.201880e+00 -4.000000e+00 6.377354e-01
    endloop
  endfacet
  facet normal 0.000000e+00 -1.000000e+00 0.000000e+00
    outer loop
      vertex   -4.201880e+00 -4.000000e+00 6.377354e-01
      vertex   4.201880e+00 -4.000000e+00 6.377354e-01
      vertex   -4.131502e+00 -4.000000e+00 9.965884e-01
    endloop
  endfacet
  facet normal 0.000000e+00 -1.000000e+00 0.000000e+00
    outer loop
      vertex   -4.131502e+00 -4.000000e+00 9.965884e-01
      vertex   4.201880e+00 -4.000000e+00 6.377354e-01
      vertex   4.131502e+00 -4.000000e+00 9.965884e-01
    endloop
  endfacet
  facet normal 0.000000e+00 -1.000000e+00 0.000000e+00
    outer loop
      vertex   -4.131502e+00 -4.000000e+00 9.965884e-01
      vertex   4.131502e+00 -4.000000e+00 9.965884e-01
      vertex   -4.030537e+00 -4.000000e+00 1.348063e+00
    endloop
  endfacet
  facet normal 0.000000e+00 -1.000000e+00 0.000000e+00
    outer loop
      vertex   -4.030537e+00 -4.000000e+00 1.348063e+00
      vertex   4.131502e+00 -4.000000e+00 9.965884e-01
      vertex   4.030537e+00 -4.000000e+00 1.348063e+00
    endloop
  endfacet
  facet normal 0.000000e+00 -1.000000e+00 0.000000e+00
    outer loop
      vertex   -4.030537e+00 -4.000000e+00 1.348063e+00
      vertex   4.030537e+00 -4.000000e+00 1.348063e+00
      vertex   -3.899730e+00 -4.000000e+00 1.689557e+00
    endloop
  endfacet
  facet normal 0.000000e+00 -1.000000e+00 0.000000e+00
    outer loop
      vertex   -3.899730e+00 -4.000000e+00 1.689557e+00
      vertex   4.030537e+00 -4.000000e+00 1.348063e+00
      vertex   3.899730e+00 -4.000000e+00 1.689557e+00
    endloop
  endfacet
  facet normal 0.000000e+00 -1.000000e+00 0.000000e+00
    outer loop
      vertex   -3.899730e+00 -4.000000e+00 1.689557e+00
      vertex   3.899730e+00 -4.000000e+00 1.689557e+00
      vertex   -3.740052e+00 -4.000000e+00 2.018542e+00
    endloop
  endfacet
  facet normal 0.000000e+00 -1.000000e+00 0.000000e+00
    outer loop
      vertex   -3.740052e+00 -4.000000e+00 2.018542e+00
      vertex   3.899730e+00 -4.000000e+00 1.689557e+00
      vertex   3.740052e+00 -4.000000e+00 2.018542e+00
    endloop
  endfacet
  facet normal 0.000000e+00 -1.000000e+00 0.000000e+00
    outer loop
      vertex   -3.740052e+00 -4.000000e+00 2.018542e+00
      vertex   3.740052e+00 -4.000000e+00 2.018542e+00
      vertex   -3.552683e+00 -4.000000e+00 2.332583e+00
    endloop
  endfacet
  facet normal 0.000000e+00 -1.000000e+00 0.000000e+00
    outer loop
      vertex   -3.552683e+00 -4.000000e+00 2.332583e+00
      vertex   3.740052e+00 -4.000000e+00 2.018542e+00
      vertex   3.552683e+00 -4.000000e+00 2.332583e+00
    endloop
  endfacet
  facet normal 0.000000e+00 -1.000000e+00 0.000000e+00
    outer loop
      vertex   -3.552683e+00 -4.000000e+00 2.332583e+00
      vertex   3.552683e+00 -4.000000e+00 2.332583e+00
      vertex   -3.339012e+00 -4.000000e+00 2.629353e+00
    endloop
  endfacet
  facet normal 0.000000e+00 -1.000000e+00 0.000000e+00
    outer loop
      vertex   -3.339012e+00 -4.000000e+00 2.629353e+00
      vertex   3.552683e+00 -4.000000e+00 2.332583e+00
      vertex   3.339012e+00 -4.000000e+00 2.629353e+00
    endloop
  endfacet
  facet normal 0.000000e+00 -1.000000e+00 0.000000e+00
    outer loop
      vertex   -3.339012e+00 -4.000000e+00 2.629353e+00
      vertex   3.339012e+00 -4.000000e+00 2.629353e+00
      vertex   -3.100620e+00 -4.000000e+00 2.906658e+00
    endloop
  endfacet
  facet normal 0.000000e+00 -1.000000e+00 0.000000e+00
    outer loop
      vertex   -3.100620e+00 -4.000000e+00 2.906658e+00
      vertex   3.339012e+00 -4.000000e+00 2.629353e+00
      vertex   3.100620e+00 -4.000000e+00 2.906658e+00
    endloop
  endfacet
  facet normal 0.000000e+00 -1.000000e+00 0.000000e+00
    outer loop
      vertex   -3.100620e+00 -4.000000e+00 2.906658e+00
      vertex   3.100620e+00 -4.000000e+00 2.906658e+00
      vertex   -2.839271e+00 -4.000000e+00 3.162442e+00
    endloop
  endfacet
  facet normal 0.000000e+00 -1.000000e+00 0.000000e+00
    outer loop
      vertex   -2.839271e+00 -4.000000e+00 3.162442e+00
      vertex   3.100620e+00 -4.000000e+00 2.906658e+00
      vertex   2.839271e+00 -4.000000e+00 3.162442e+00
    endloop
  endfacet
  facet normal 0.000000e+00 -1.000000e+00 0.000000e+00
    outer loop
      vertex   -2.839271e+00 -4.000000e+00 3.162442e+00
      vertex   2.839271e+00 -4.000000e+00 3.162442e+00
      vertex   -2.556902e+00 -4.000000e+00 3.394812e+00
    endloop
  endfacet
  facet normal 0.000000e+00 -1.000000e+00 0.000000e+00
    outer loop
      vertex   -2.556902e+00 -4.000000e+00 3.394812e+00
      vertex   2.839271e+00 -4.000000e+00 3.162442e+00
      vertex   2.556902e+00 -4.000000e+00 3.394812e+00
    endloop
  endfacet
  facet normal 0.000000e+00 -1.000000e+00 0.000000e+00
    outer loop
      vertex   -2.556902e+00 -4.000000e+00 3.394812e+00
      vertex   2.556902e+00 -4.000000e+00 3.394812e+00
      vertex   -2.255603e+00 -4.000000e+00 3.602049e+00
    endloop
  endfacet
  facet normal 0.000000e+00 -1.000000e+00 0.000000e+00
    outer loop
      vertex   -2.255603e+00 -4.000000e+00 3.602049e+00
      vertex   2.556902e+00 -4.000000e+00 3.394812e+00
      vertex   2.255603e+00 -4.000000e+00 3.602049e+00
    endloop
  endfacet
  facet normal 0.000000e+00 -1.000000e+00 0.000000e+00
    outer loop
      vertex   -2.255603e+00 -4.000000e+00 3.602049e+00
      vertex   2.255603e+00 -4.000000e+00 3.602049e+00
      vertex   -1.937603e+00 -4.000000e+00 3.782617e+00
    endloop
  endfacet
  facet normal 0.000000e+00 -1.000000e+00 0.000000e+00
    outer loop
      vertex   -1.937603e+00 -4.000000e+00 3.782617e+00
      vertex   2.255603e+00 -4.000000e+00 3.602049e+00
      vertex   1.937603e+00 -4.000000e+00 3.782617e+00
    endloop
  endfacet
  facet normal 0.000000e+00 -1.000000e+00 0.000000e+00
    outer loop
      vertex   -1.937603e+00 -4.000000e+00 3.782617e+00
      vertex   1.937603e+00 -4.000000e+00 3.782617e+00
      vertex   -1.605259e+00 -4.000000e+00 3.935180e+00
    endloop
  endfacet
  facet normal 0.000000e+00 -1.000000e+00 0.000000e+00
    outer loop
      vertex   -1.605259e+00 -4.000000e+00 3.935180e+00
      vertex   1.937603e+00 -4.000000e+00 3.782617e+00
      vertex   1.605259e+00 -4.000000e+00 3.935180e+00
    endloop
  endfacet
  facet normal 0.000000e+00 -1.000000e+00 0.000000e+00
    outer loop
      vertex   -1.605259e+00 -4.000000e+00 3.935180e+00
      vertex   1.605259e+00 -4.000000e+00 3.935180e+00
      vertex   -1.261029e+00 -4.000000e+00 4.058609e+00
    endloop
  endfacet
  facet normal 0.000000e+00 -1.000000e+00 0.000000e+00
    outer loop
      vertex   -1.261029e+00 -4.000000e+00 4.058609e+00
      vertex   1.605259e+00 -4.000000e+00 3.935180e+00
      vertex   1.261029e+00 -4.000000e+00 4.058609e+00
    endloop
  endfacet
  facet normal 0.000000e+00 -1.000000e+00 0.000000e+00
    outer loop
      vertex   -1.261029e+00 -4.000000e+00 4.058609e+00
      vertex   1.261029e+00 -4.000000e+00 4.058609e+00
      vertex   -9.074639e-01 -4.000000e+00 4.151989e+00
    endloop
  endfacet
  facet normal 0.000000e+00 -1.000000e+00 0.000000e+00
    outer loop
      vertex   -9.074639e-01 -4.000000e+00 4.151989e+00
      vertex   1.261029e+00 -4.000000e+00 4.058609e+00
      vertex   9.074639e-01 -4.000000e+00 4.151989e+00
    endloop
  endfacet
  facet normal 0.000000e+00 -1.000000e+00 0.000000e+00
    outer loop
      vertex   -9.074639e-01 -4.000000e+00 4.151989e+00
      vertex   9.074639e-01 -4.000000e+00 4.151989e+00
      vertex   -5.471798e-01 -4.000000e+00 4.214629e+00
    endloop
  endfacet
  facet normal 0.000000e+00 -1.000000e+00 0.000000e+00
    outer loop
      vertex   -5.471798e-01 -4.000000e+00 4.214629e+00
      vertex   9.074639e-01 -4.000000e+00 4.151989e+00
      vertex   5.471798e-01 -4.000000e+00 4.214629e+00
    endloop
  endfacet
  facet normal 0.000000e+00 -1.000000e+00 0.000000e+00
    outer loop
      vertex   -5.471798e-01 -4.000000e+00 4.214629e+00
      vertex   5.471798e-01 -4.000000e+00 4.214629e+00
      vertex   -1.828445e-01 -4.000000e+00 4.246065e+00
    endloop
  endfacet
  facet normal 0.000000e+00 -1.000000e+00 0.000000e+00
    outer loop
      vertex   -1.828445e-01 -4.000000e+00 4.246065e+00
      vertex   5.471798e-01 -4.000000e+00 4.214629e+00
      vertex   1.828445e-01 -4.000000e+00 4.246065e+00
    endloop
  endfacet
  facet normal -0.000000e+00 0.000000e+00 -1.000000e+00
    outer loop
      vertex   -2.934174e+00 4.000000e+00 -3.375000e+00
      vertex   -3.237535e+00 3.758689e+00 -3.375000e+00
      vertex   -4.960784e+00 4.000000e+00 -3.375000e+00
    endloop
  endfacet
  facet normal 0.000000e+00 0.000000e+00 -1.000000e+00
    outer loop
      vertex   -4.960784e+00 4.000000e+00 -3.375000e+00
      vertex   -3.237535e+00 3.758689e+00 -3.375000e+00
      vertex   -3.521128e+00 3.494429e+00 -3.375000e+00
    endloop
  endfacet
  facet normal 0.000000e+00 0.000000e+00 -1.000000e+00
    outer loop
      vertex   -4.960784e+00 4.000000e+00 -3.375000e+00
      vertex   -3.521128e+00 3.494429e+00 -3.375000e+00
      vertex   -3.783223e+00 3.208832e+00 -3.375000e+00
    endloop
  endfacet
  facet normal -0.000000e+00 0.000000e+00 -1.000000e+00
    outer loop
      vertex   -3.783223e+00 3.208832e+00 -3.375000e+00
      vertex   -4.022217e+00 2.903643e+00 -3.375000e+00
      vertex   -4.960784e+00 4.000000e+00 -3.375000e+00
    endloop
  endfacet
  facet normal 0.000000e+00 0.000000e+00 -1.000000e+00
    outer loop
      vertex   -4.960784e+00 4.000000e+00 -3.375000e+00
      vertex   -4.022217e+00 2.903643e+00 -3.375000e+00
      vertex   -4.236654e+00 2.580725e+00 -3.375000e+00
    endloop
  endfacet
  facet normal 0.000000e+00 0.000000e+00 -1.000000e+00
    outer loop
      vertex   -4.960784e+00 4.000000e+00 -3.375000e+00
      vertex   -4.236654e+00 2.580725e+00 -3.375000e+00
      vertex   -4.425222e+00 2.242050e+00 -3.375000e+00
    endloop
  endfacet
  facet normal -0.000000e+00 0.000000e+00 -1.000000e+00
    outer loop
      vertex   -4.425222e+00 2.242050e+00 -3.375000e+00
      vertex   -4.586771e+00 1.889685e+00 -3.375000e+00
      vertex   -4.960784e+00 4.000000e+00 -3.375000e+00
    endloop
  endfacet
  facet normal 0.000000e+00 0.000000e+00 -1.000000e+00
    outer loop
      vertex   -4.960784e+00 4.000000e+00 -3.375000e+00
      vertex   -4.586771e+00 1.889685e+00 -3.375000e+00
      vertex   -4.720314e+00 1.525783e+00 -3.375000e+00
    endloop
  endfacet
  facet normal 0.000000e+00 0.000000e+00 -1.000000e+00
    outer loop
      vertex   -4.960784e+00 4.000000e+00 -3.375000e+00
      vertex   -4.720314e+00 1.525783e+00 -3.375000e+00
      vertex   -4.825036e+00 1.152564e+00 -3.375000e+00
    endloop
  endfacet
  facet normal -0.000000e+00 0.000000e+00 -1.000000e+00
    outer loop
      vertex   -4.825036e+00 1.152564e+00 -3.375000e+00
      vertex   -4.900297e+00 7.723079e-01 -3.375000e+00
      vertex   -4.960784e+00 4.000000e+00 -3.375000e+00
    endloop
  endfacet
  facet normal 0.000000e+00 0.000000e+00 -1.000000e+00
    outer loop
      vertex   -4.960784e+00 4.000000e+00 -3.375000e+00
      vertex   -4.900297e+00 7.723079e-01 -3.375000e+00
      vertex   -4.945639e+00 3.873364e-01 -3.375000e+00
    endloop
  endfacet
  facet normal 0.000000e+00 -0.000000e+00 -1.000000e+00
    outer loop
      vertex   -4.960784e+00 4.000000e+00 -3.375000e+00
      vertex   -4.945639e+00 3.873364e-01 -3.375000e+00
      vertex   -4.960784e+00 0.000000e+00 -3.375000e+00
    endloop
  endfacet
  facet normal 5.607554e-15 6.974410e-15 -1.000000e+00
    outer loop
      vertex   -2.955923e+00 -3.983954e+00 -3.375000e+00
      vertex   -3.141596e+00 -3.962018e+00 -3.375000e+00
      vertex   -3.256266e+00 -3.742473e+00 -3.375000e+00
    endloop
  endfacet
  facet normal -7.179844e-15 2.954542e-16 -1.000000e+00
    outer loop
      vertex   -3.256266e+00 -3.742473e+00 -3.375000e+00
      vertex   -3.141596e+00 -3.962018e+00 -3.375000e+00
      vertex   -3.325825e+00 -3.929762e+00 -3.375000e+00
    endloop
  endfacet
  facet normal -1.653110e-15 -1.757179e-15 -1.000000e+00
    outer loop
      vertex   -3.256266e+00 -3.742473e+00 -3.375000e+00
      vertex   -3.325825e+00 -3.929762e+00 -3.375000e+00
      vertex   -3.536957e+00 -3.478406e+00 -3.375000e+00
    endloop
  endfacet
  facet normal 2.527080e-15 1.981989e-16 -1.000000e+00
    outer loop
      vertex   -3.536957e+00 -3.478406e+00 -3.375000e+00
      vertex   -3.325825e+00 -3.929762e+00 -3.375000e+00
      vertex   -3.504863e+00 -3.887615e+00 -3.375000e+00
    endloop
  endfacet
  facet normal 0.000000e+00 -0.000000e+00 -1.000000e+00
    outer loop
      vertex   -3.536957e+00 -3.478406e+00 -3.375000e+00
      vertex   -3.504863e+00 -3.887615e+00 -3.375000e+00
      vertex   -3.674961e+00 -3.836007e+00 -3.375000e+00
    endloop
  endfacet
  facet normal -0.000000e+00 0.000000e+00 -1.000000e+00
    outer loop
      vertex   -3.536957e+00 -3.478406e+00 -3.375000e+00
      vertex   -3.674961e+00 -3.836007e+00 -3.375000e+00
      vertex   -3.796303e+00 -3.193346e+00 -3.375000e+00
    endloop
  endfacet
  facet normal 0.000000e+00 -0.000000e+00 -1.000000e+00
    outer loop
      vertex   -3.796303e+00 -3.193346e+00 -3.375000e+00
      vertex   -3.674961e+00 -3.836007e+00 -3.375000e+00
      vertex   -3.838730e+00 -3.772509e+00 -3.375000e+00
    endloop
  endfacet
  facet normal 5.170618e-15 -3.787772e-16 -1.000000e+00
    outer loop
      vertex   -3.796303e+00 -3.193346e+00 -3.375000e+00
      vertex   -3.838730e+00 -3.772509e+00 -3.375000e+00
      vertex   -4.004650e+00 -3.692591e+00 -3.375000e+00
    endloop
  endfacet
  facet normal 1.489711e-15 1.157352e-15 -1.000000e+00
    outer loop
      vertex   -3.796303e+00 -3.193346e+00 -3.375000e+00
      vertex   -4.004650e+00 -3.692591e+00 -3.375000e+00
      vertex   -4.032737e+00 -2.889014e+00 -3.375000e+00
    endloop
  endfacet
  facet normal -4.951026e-15 9.322256e-16 -1.000000e+00
    outer loop
      vertex   -4.032737e+00 -2.889014e+00 -3.375000e+00
      vertex   -4.004650e+00 -3.692591e+00 -3.375000e+00
      vertex   -4.166391e+00 -3.598847e+00 -3.375000e+00
    endloop
  endfacet
  facet normal -5.210882e-15 9.811538e-16 -1.000000e+00
    outer loop
      vertex   -4.032737e+00 -2.889014e+00 -3.375000e+00
      vertex   -4.166391e+00 -3.598847e+00 -3.375000e+00
      vertex   -4.317117e+00 -3.494108e+00 -3.375000e+00
    endloop
  endfacet
  facet normal -1.299961e-15 -8.568850e-16 -1.000000e+00
    outer loop
      vertex   -4.032737e+00 -2.889014e+00 -3.375000e+00
      vertex   -4.317117e+00 -3.494108e+00 -3.375000e+00
      vertex   -4.244834e+00 -2.567247e+00 -3.375000e+00
    endloop
  endfacet
  facet normal 5.470922e-15 -1.384924e-15 -1.000000e+00
    outer loop
      vertex   -4.244834e+00 -2.567247e+00 -3.375000e+00
      vertex   -4.317117e+00 -3.494108e+00 -3.375000e+00
      vertex   -4.450713e+00 -3.380539e+00 -3.375000e+00
    endloop
  endfacet
  facet normal 0.000000e+00 0.000000e+00 -1.000000e+00
    outer loop
      vertex   -4.244834e+00 -2.567247e+00 -3.375000e+00
      vertex   -4.450713e+00 -3.380539e+00 -3.375000e+00
      vertex   -4.574991e+00 -3.248800e+00 -3.375000e+00
    endloop
  endfacet
  facet normal 0.000000e+00 0.000000e+00 -1.000000e+00
    outer loop
      vertex   -4.574991e+00 -3.248800e+00 -3.375000e+00
      vertex   -4.688767e+00 -3.101010e+00 -3.375000e+00
      vertex   -4.244834e+00 -2.567247e+00 -3.375000e+00
    endloop
  endfacet
  facet normal -0.000000e+00 0.000000e+00 -1.000000e+00
    outer loop
      vertex   -4.244834e+00 -2.567247e+00 -3.375000e+00
      vertex   -4.688767e+00 -3.101010e+00 -3.375000e+00
      vertex   -4.431313e+00 -2.229986e+00 -3.375000e+00
    endloop
  endfacet
  facet normal -6.237362e-15 1.843618e-15 -1.000000e+00
    outer loop
      vertex   -4.431313e+00 -2.229986e+00 -3.375000e+00
      vertex   -4.688767e+00 -3.101010e+00 -3.375000e+00
      vertex   -4.785069e+00 -2.945061e+00 -3.375000e+00
    endloop
  endfacet
  facet normal 4.540451e-15 -3.488292e-15 -1.000000e+00
    outer loop
      vertex   -4.431313e+00 -2.229986e+00 -3.375000e+00
      vertex   -4.785069e+00 -2.945061e+00 -3.375000e+00
      vertex   -4.858339e+00 -2.785815e+00 -3.375000e+00
    endloop
  endfacet
  facet normal 0.000000e+00 0.000000e+00 -1.000000e+00
    outer loop
      vertex   -4.858339e+00 -2.785815e+00 -3.375000e+00
      vertex   -4.913192e+00 -2.610885e+00 -3.375000e+00
      vertex   -4.431313e+00 -2.229986e+00 -3.375000e+00
    endloop
  endfacet
  facet normal -0.000000e+00 0.000000e+00 -1.000000e+00
    outer loop
      vertex   -4.431313e+00 -2.229986e+00 -3.375000e+00
      vertex   -4.913192e+00 -2.610885e+00 -3.375000e+00
      vertex   -4.591049e+00 -1.879268e+00 -3.375000e+00
    endloop
  endfacet
  facet normal -3.840091e-15 1.690855e-15 -1.000000e+00
    outer loop
      vertex   -4.591049e+00 -1.879268e+00 -3.375000e+00
      vertex   -4.913192e+00 -2.610885e+00 -3.375000e+00
      vertex   -4.948371e+00 -2.428138e+00 -3.375000e+00
    endloop
  endfacet
  facet normal 2.336432e-15 -2.330147e-15 -1.000000e+00
    outer loop
      vertex   -4.591049e+00 -1.879268e+00 -3.375000e+00
      vertex   -4.948371e+00 -2.428138e+00 -3.375000e+00
      vertex   -4.960784e+00 -2.250000e+00 -3.375000e+00
    endloop
  endfacet
  facet normal 0.000000e+00 0.000000e+00 -1.000000e+00
    outer loop
      vertex   -4.960784e+00 0.000000e+00 -3.375000e+00
      vertex   -4.945814e+00 -3.850910e-01 -3.375000e+00
      vertex   -4.960784e+00 -2.250000e+00 -3.375000e+00
    endloop
  endfacet
  facet normal 0.000000e+00 0.000000e+00 -1.000000e+00
    outer loop
      vertex   -4.960784e+00 -2.250000e+00 -3.375000e+00
      vertex   -4.945814e+00 -3.850910e-01 -3.375000e+00
      vertex   -4.900997e+00 -7.678579e-01 -3.375000e+00
    endloop
  endfacet
  facet normal 0.000000e+00 0.000000e+00 -1.000000e+00
    outer loop
      vertex   -4.960784e+00 -2.250000e+00 -3.375000e+00
      vertex   -4.900997e+00 -7.678579e-01 -3.375000e+00
      vertex   -4.826601e+00 -1.145991e+00 -3.375000e+00
    endloop
  endfacet
  facet normal 0.000000e+00 -0.000000e+00 -1.000000e+00
    outer loop
      vertex   -4.826601e+00 -1.145991e+00 -3.375000e+00
      vertex   -4.723077e+00 -1.517207e+00 -3.375000e+00
      vertex   -4.960784e+00 -2.250000e+00 -3.375000e+00
    endloop
  endfacet
  facet normal 0.000000e+00 0.000000e+00 -1.000000e+00
    outer loop
      vertex   -4.960784e+00 -2.250000e+00 -3.375000e+00
      vertex   -4.723077e+00 -1.517207e+00 -3.375000e+00
      vertex   -4.591049e+00 -1.879268e+00 -3.375000e+00
    endloop
  endfacet
  facet normal 5.095893e-01 -6.338031e-01 -5.819041e-01
    outer loop
      vertex   3.256266e+00 -3.742473e+00 -3.375000e+00
      vertex   2.955923e+00 -3.983954e+00 -3.375000e+00
      vertex   2.935996e+00 -3.720838e+00 -3.679034e+00
    endloop
  endfacet
  facet normal 4.783812e-01 -6.482635e-01 -5.923730e-01
    outer loop
      vertex   2.935996e+00 -3.720838e+00 -3.679034e+00
      vertex   2.955923e+00 -3.983954e+00 -3.375000e+00
      vertex   2.677037e+00 -3.983954e+00 -3.600219e+00
    endloop
  endfacet
  facet normal 4.719090e-01 -6.446190e-01 -6.014718e-01
    outer loop
      vertex   2.935996e+00 -3.720838e+00 -3.679034e+00
      vertex   2.677037e+00 -3.983954e+00 -3.600219e+00
      vertex   2.659855e+00 -3.922993e+00 -3.679034e+00
    endloop
  endfacet
  facet normal 4.175736e-01 -6.724218e-01 -6.111310e-01
    outer loop
      vertex   2.659855e+00 -3.922993e+00 -3.679034e+00
      vertex   2.677037e+00 -3.983954e+00 -3.600219e+00
      vertex   2.381061e+00 -3.983954e+00 -3.802454e+00
    endloop
  endfacet
  facet normal 4.230330e-01 -6.438455e-01 -6.375782e-01
    outer loop
      vertex   2.659855e+00 -3.922993e+00 -3.679034e+00
      vertex   2.381061e+00 -3.983954e+00 -3.802454e+00
      vertex   2.525342e+00 -3.724600e+00 -3.968627e+00
    endloop
  endfacet
  facet normal 4.022324e-01 -6.419855e-01 -6.527355e-01
    outer loop
      vertex   2.525342e+00 -3.724600e+00 -3.968627e+00
      vertex   2.381061e+00 -3.983954e+00 -3.802454e+00
      vertex   2.250000e+00 -3.897114e+00 -3.968627e+00
    endloop
  endfacet
  facet normal 3.871261e-01 -6.178751e-01 -6.843711e-01
    outer loop
      vertex   2.525342e+00 -3.724600e+00 -3.968627e+00
      vertex   2.250000e+00 -3.897114e+00 -3.968627e+00
      vertex   2.121320e+00 -3.674235e+00 -4.242641e+00
    endloop
  endfacet
  facet normal 3.524473e-01 -6.381081e-01 -6.845429e-01
    outer loop
      vertex   2.121320e+00 -3.674235e+00 -4.242641e+00
      vertex   2.250000e+00 -3.897114e+00 -3.968627e+00
      vertex   2.069884e+00 -3.983954e+00 -3.980413e+00
    endloop
  endfacet
  facet normal 3.393168e-01 -6.400194e-01 -6.893760e-01
    outer loop
      vertex   2.121320e+00 -3.674235e+00 -4.242641e+00
      vertex   2.069884e+00 -3.983954e+00 -3.980413e+00
      vertex   1.850666e+00 -3.817726e+00 -4.242641e+00
    endloop
  endfacet
  facet normal 3.216369e-01 -6.547899e-01 -6.839590e-01
    outer loop
      vertex   1.850666e+00 -3.817726e+00 -4.242641e+00
      vertex   2.069884e+00 -3.983954e+00 -3.980413e+00
      vertex   1.745492e+00 -3.983954e+00 -4.132961e+00
    endloop
  endfacet
  facet normal 2.852858e-01 -6.470405e-01 -7.070718e-01
    outer loop
      vertex   1.850666e+00 -3.817726e+00 -4.242641e+00
      vertex   1.745492e+00 -3.983954e+00 -4.132961e+00
      vertex   1.570363e+00 -3.941314e+00 -4.242641e+00
    endloop
  endfacet
  facet normal 2.536153e-01 -6.933428e-01 -6.745036e-01
    outer loop
      vertex   1.570363e+00 -3.941314e+00 -4.242641e+00
      vertex   1.745492e+00 -3.983954e+00 -4.132961e+00
      vertex   1.409957e+00 -3.983954e+00 -4.259123e+00
    endloop
  endfacet
  facet normal 2.448855e-01 -6.395530e-01 -7.286995e-01
    outer loop
      vertex   1.570363e+00 -3.941314e+00 -4.242641e+00
      vertex   1.409957e+00 -3.983954e+00 -4.259123e+00
      vertex   1.457683e+00 -3.691227e+00 -4.500000e+00
    endloop
  endfacet
  facet normal 2.208670e-01 -6.409325e-01 -7.351349e-01
    outer loop
      vertex   1.457683e+00 -3.691227e+00 -4.500000e+00
      vertex   1.409957e+00 -3.983954e+00 -4.259123e+00
      vertex   1.125748e+00 -3.805613e+00 -4.500000e+00
    endloop
  endfacet
  facet normal 2.095203e-01 -6.512377e-01 -7.293769e-01
    outer loop
      vertex   1.125748e+00 -3.805613e+00 -4.500000e+00
      vertex   1.409957e+00 -3.983954e+00 -4.259123e+00
      vertex   1.065420e+00 -3.983954e+00 -4.358094e+00
    endloop
  endfacet
  facet normal 1.607049e-01 -6.472628e-01 -7.451341e-01
    outer loop
      vertex   1.125748e+00 -3.805613e+00 -4.500000e+00
      vertex   1.065420e+00 -3.983954e+00 -4.358094e+00
      vertex   7.850020e-01 -3.890215e+00 -4.500000e+00
    endloop
  endfacet
  facet normal 1.482651e-01 -6.648149e-01 -7.321466e-01
    outer loop
      vertex   7.850020e-01 -3.890215e+00 -4.500000e+00
      vertex   1.065420e+00 -3.983954e+00 -4.358094e+00
      vertex   7.140813e-01 -3.983954e+00 -4.429243e+00
    endloop
  endfacet
  facet normal 1.009971e-01 -6.469307e-01 -7.558309e-01
    outer loop
      vertex   7.850020e-01 -3.890215e+00 -4.500000e+00
      vertex   7.140813e-01 -3.983954e+00 -4.429243e+00
      vertex   4.381126e-01 -3.944370e+00 -4.500000e+00
    endloop
  endfacet
  facet normal 8.710259e-02 -6.852529e-01 -7.230779e-01
    outer loop
      vertex   4.381126e-01 -3.944370e+00 -4.500000e+00
      vertex   7.140813e-01 -3.983954e+00 -4.429243e+00
      vertex   3.581840e-01 -3.983954e+00 -4.472115e+00
    endloop
  endfacet
  facet normal 4.191417e-02 -6.305793e-01 -7.749922e-01
    outer loop
      vertex   4.381126e-01 -3.944370e+00 -4.500000e+00
      vertex   3.581840e-01 -3.983954e+00 -4.472115e+00
      vertex   8.779431e-02 -3.967656e+00 -4.500000e+00
    endloop
  endfacet
  facet normal 2.759675e-02 -7.230702e-01 -6.902231e-01
    outer loop
      vertex   8.779431e-02 -3.967656e+00 -4.500000e+00
      vertex   3.581840e-01 -3.983954e+00 -4.472115e+00
      vertex   -5.494299e-16 -3.983954e+00 -4.486436e+00
    endloop
  endfacet
  facet normal -1.320241e-02 -5.966514e-01 -8.023919e-01
    outer loop
      vertex   8.779431e-02 -3.967656e+00 -4.500000e+00
      vertex   -5.494299e-16 -3.983954e+00 -4.486436e+00
      vertex   -2.632111e-01 -3.959889e+00 -4.500000e+00
    endloop
  endfacet
  facet normal -2.824740e-02 -7.071525e-01 -7.064966e-01
    outer loop
      vertex   -2.632111e-01 -3.959889e+00 -4.500000e+00
      vertex   -5.494299e-16 -3.983954e+00 -4.486436e+00
      vertex   -3.581840e-01 -3.983954e+00 -4.472115e+00
    endloop
  endfacet
  facet normal -6.951266e-02 -6.258293e-01 -7.768563e-01
    outer loop
      vertex   -2.632111e-01 -3.959889e+00 -4.500000e+00
      vertex   -3.581840e-01 -3.983954e+00 -4.472115e+00
      vertex   -6.121565e-01 -3.921131e+00 -4.500000e+00
    endloop
  endfacet
  facet normal -8.783247e-02 -6.787082e-01 -7.291369e-01
    outer loop
      vertex   -6.121565e-01 -3.921131e+00 -4.500000e+00
      vertex   -3.581840e-01 -3.983954e+00 -4.472115e+00
      vertex   -7.140813e-01 -3.983954e+00 -4.429243e+00
    endloop
  endfacet
  facet normal -1.294550e-01 -6.415368e-01 -7.560899e-01
    outer loop
      vertex   -6.121565e-01 -3.921131e+00 -4.500000e+00
      vertex   -7.140813e-01 -3.983954e+00 -4.429243e+00
      vertex   -9.563109e-01 -3.851684e+00 -4.500000e+00
    endloop
  endfacet
  facet normal -1.484267e-01 -6.638988e-01 -7.329447e-01
    outer loop
      vertex   -9.563109e-01 -3.851684e+00 -4.500000e+00
      vertex   -7.140813e-01 -3.983954e+00 -4.429243e+00
      vertex   -1.065420e+00 -3.983954e+00 -4.358094e+00
    endloop
  endfacet
  facet normal -1.896835e-01 -6.412290e-01 -7.435358e-01
    outer loop
      vertex   -9.563109e-01 -3.851684e+00 -4.500000e+00
      vertex   -1.065420e+00 -3.983954e+00 -4.358094e+00
      vertex   -1.292981e+00 -3.752093e+00 -4.500000e+00
    endloop
  endfacet
  facet normal -2.094119e-01 -6.516949e-01 -7.289996e-01
    outer loop
      vertex   -1.292981e+00 -3.752093e+00 -4.500000e+00
      vertex   -1.065420e+00 -3.983954e+00 -4.358094e+00
      vertex   -1.409957e+00 -3.983954e+00 -4.259123e+00
    endloop
  endfacet
  facet normal -2.503376e-01 -6.339190e-01 -7.317634e-01
    outer loop
      vertex   -1.292981e+00 -3.752093e+00 -4.500000e+00
      vertex   -1.409957e+00 -3.983954e+00 -4.259123e+00
      vertex   -1.619532e+00 -3.623136e+00 -4.500000e+00
    endloop
  endfacet
  facet normal -2.542945e-01 -6.347966e-01 -7.296353e-01
    outer loop
      vertex   -1.619532e+00 -3.623136e+00 -4.500000e+00
      vertex   -1.409957e+00 -3.983954e+00 -4.259123e+00
      vertex   -1.711630e+00 -3.882051e+00 -4.242641e+00
    endloop
  endfacet
  facet normal -2.991265e-01 -6.170661e-01 -7.278412e-01
    outer loop
      vertex   -1.619532e+00 -3.623136e+00 -4.500000e+00
      vertex   -1.711630e+00 -3.882051e+00 -4.242641e+00
      vertex   -1.987289e+00 -3.748424e+00 -4.242641e+00
    endloop
  endfacet
  facet normal -3.129933e-01 -6.456717e-01 -6.965222e-01
    outer loop
      vertex   -1.987289e+00 -3.748424e+00 -4.242641e+00
      vertex   -1.711630e+00 -3.882051e+00 -4.242641e+00
      vertex   -1.745492e+00 -3.983954e+00 -4.132961e+00
    endloop
  endfacet
  facet normal -3.229222e-01 -6.512873e-01 -6.866922e-01
    outer loop
      vertex   -1.987289e+00 -3.748424e+00 -4.242641e+00
      vertex   -1.745492e+00 -3.983954e+00 -4.132961e+00
      vertex   -2.069884e+00 -3.983954e+00 -3.980413e+00
    endloop
  endfacet
  facet normal 3.668308e-01 -6.737917e-01 -6.414358e-01
    outer loop
      vertex   2.381061e+00 -3.983954e+00 -3.802454e+00
      vertex   2.069884e+00 -3.983954e+00 -3.980413e+00
      vertex   2.250000e+00 -3.897114e+00 -3.968627e+00
    endloop
  endfacet
  facet normal -2.628372e-01 -6.650369e-01 -6.990297e-01
    outer loop
      vertex   -1.409957e+00 -3.983954e+00 -4.259123e+00
      vertex   -1.745492e+00 -3.983954e+00 -4.132961e+00
      vertex   -1.711630e+00 -3.882051e+00 -4.242641e+00
    endloop
  endfacet
  facet normal -3.499038e-01 -6.394701e-01 -6.845767e-01
    outer loop
      vertex   -1.987289e+00 -3.748424e+00 -4.242641e+00
      vertex   -2.069884e+00 -3.983954e+00 -3.980413e+00
      vertex   -2.107838e+00 -3.975804e+00 -3.968627e+00
    endloop
  endfacet
  facet normal -3.412610e-01 -7.262648e-01 -5.967247e-01
    outer loop
      vertex   -2.107838e+00 -3.975804e+00 -3.968627e+00
      vertex   -2.069884e+00 -3.983954e+00 -3.980413e+00
      vertex   -2.381061e+00 -3.983954e+00 -3.802454e+00
    endloop
  endfacet
  facet normal -3.782350e-01 -6.551223e-01 -6.540284e-01
    outer loop
      vertex   -2.107838e+00 -3.975804e+00 -3.968627e+00
      vertex   -2.381061e+00 -3.983954e+00 -3.802454e+00
      vertex   -2.389228e+00 -3.813343e+00 -3.968627e+00
    endloop
  endfacet
  facet normal -4.338560e-01 -6.392133e-01 -6.349608e-01
    outer loop
      vertex   -2.389228e+00 -3.813343e+00 -3.968627e+00
      vertex   -2.381061e+00 -3.983954e+00 -3.802454e+00
      vertex   -2.677037e+00 -3.983954e+00 -3.600219e+00
    endloop
  endfacet
  facet normal -4.296095e-01 -6.434245e-01 -6.335935e-01
    outer loop
      vertex   -2.389228e+00 -3.813343e+00 -3.968627e+00
      vertex   -2.677037e+00 -3.983954e+00 -3.600219e+00
      vertex   -2.799751e+00 -3.824408e+00 -3.679034e+00
    endloop
  endfacet
  facet normal -4.745732e-01 -6.553158e-01 -5.876576e-01
    outer loop
      vertex   -2.799751e+00 -3.824408e+00 -3.679034e+00
      vertex   -2.677037e+00 -3.983954e+00 -3.600219e+00
      vertex   -2.955923e+00 -3.983954e+00 -3.375000e+00
    endloop
  endfacet
  facet normal -5.002851e-01 -6.340197e-01 -5.896896e-01
    outer loop
      vertex   -2.799751e+00 -3.824408e+00 -3.679034e+00
      vertex   -2.955923e+00 -3.983954e+00 -3.375000e+00
      vertex   -3.068413e+00 -3.612415e+00 -3.679034e+00
    endloop
  endfacet
  facet normal -5.083800e-01 -6.322991e-01 -5.845918e-01
    outer loop
      vertex   -3.068413e+00 -3.612415e+00 -3.679034e+00
      vertex   -2.955923e+00 -3.983954e+00 -3.375000e+00
      vertex   -3.256266e+00 -3.742473e+00 -3.375000e+00
    endloop
  endfacet
  facet normal -5.441045e-01 -5.955825e-01 -5.909584e-01
    outer loop
      vertex   -3.068413e+00 -3.612415e+00 -3.679034e+00
      vertex   -3.256266e+00 -3.742473e+00 -3.375000e+00
      vertex   -3.321078e+00 -3.381589e+00 -3.679034e+00
    endloop
  endfacet
  facet normal -5.564755e-01 -5.915075e-01 -5.834843e-01
    outer loop
      vertex   -3.321078e+00 -3.381589e+00 -3.679034e+00
      vertex   -3.256266e+00 -3.742473e+00 -3.375000e+00
      vertex   -3.536957e+00 -3.478406e+00 -3.375000e+00
    endloop
  endfacet
  facet normal -5.851254e-01 -5.542603e-01 -5.919660e-01
    outer loop
      vertex   -3.321078e+00 -3.381589e+00 -3.679034e+00
      vertex   -3.536957e+00 -3.478406e+00 -3.375000e+00
      vertex   -3.556429e+00 -3.133132e+00 -3.679034e+00
    endloop
  endfacet
  facet normal -6.011693e-01 -5.469399e-01 -5.826252e-01
    outer loop
      vertex   -3.556429e+00 -3.133132e+00 -3.679034e+00
      vertex   -3.536957e+00 -3.478406e+00 -3.375000e+00
      vertex   -3.796303e+00 -3.193346e+00 -3.375000e+00
    endloop
  endfacet
  facet normal -6.231685e-01 -5.102454e-01 -5.927146e-01
    outer loop
      vertex   -3.556429e+00 -3.133132e+00 -3.679034e+00
      vertex   -3.796303e+00 -3.193346e+00 -3.375000e+00
      vertex   -3.773238e+00 -2.868341e+00 -3.679034e+00
    endloop
  endfacet
  facet normal -6.421570e-01 -4.988900e-01 -5.820165e-01
    outer loop
      vertex   -3.773238e+00 -2.868341e+00 -3.679034e+00
      vertex   -3.796303e+00 -3.193346e+00 -3.375000e+00
      vertex   -4.032737e+00 -2.889014e+00 -3.375000e+00
    endloop
  endfacet
  facet normal -6.580667e-01 -4.637406e-01 -5.932056e-01
    outer loop
      vertex   -3.773238e+00 -2.868341e+00 -3.679034e+00
      vertex   -4.032737e+00 -2.889014e+00 -3.375000e+00
      vertex   -3.970375e+00 -2.588595e+00 -3.679034e+00
    endloop
  endfacet
  facet normal -6.791600e-01 -4.476765e-01 -5.816592e-01
    outer loop
      vertex   -3.970375e+00 -2.588595e+00 -3.679034e+00
      vertex   -4.032737e+00 -2.889014e+00 -3.375000e+00
      vertex   -4.244834e+00 -2.567247e+00 -3.375000e+00
    endloop
  endfacet
  facet normal -6.896656e-01 -4.149580e-01 -5.934402e-01
    outer loop
      vertex   -3.970375e+00 -2.588595e+00 -3.679034e+00
      vertex   -4.244834e+00 -2.567247e+00 -3.375000e+00
      vertex   -4.146813e+00 -2.295354e+00 -3.679034e+00
    endloop
  endfacet
  facet normal -7.119282e-01 -3.936408e-01 -5.815541e-01
    outer loop
      vertex   -4.146813e+00 -2.295354e+00 -3.679034e+00
      vertex   -4.244834e+00 -2.567247e+00 -3.375000e+00
      vertex   -4.431313e+00 -2.229986e+00 -3.375000e+00
    endloop
  endfacet
  facet normal -7.178243e-01 -3.641187e-01 -5.934187e-01
    outer loop
      vertex   -4.146813e+00 -2.295354e+00 -3.679034e+00
      vertex   -4.431313e+00 -2.229986e+00 -3.375000e+00
      vertex   -4.301630e+00 -1.990146e+00 -3.679034e+00
    endloop
  endfacet
  facet normal -7.402412e-01 -3.371444e-01 -5.817015e-01
    outer loop
      vertex   -4.301630e+00 -1.990146e+00 -3.679034e+00
      vertex   -4.431313e+00 -2.229986e+00 -3.375000e+00
      vertex   -4.591049e+00 -1.879268e+00 -3.375000e+00
    endloop
  endfacet
  facet normal -7.424157e-01 -3.114521e-01 -5.931412e-01
    outer loop
      vertex   -4.301630e+00 -1.990146e+00 -3.679034e+00
      vertex   -4.591049e+00 -1.879268e+00 -3.375000e+00
      vertex   -4.434021e+00 -1.674562e+00 -3.679034e+00
    endloop
  endfacet
  facet normal -7.639104e-01 -2.785664e-01 -5.821010e-01
    outer loop
      vertex   -4.434021e+00 -1.674562e+00 -3.679034e+00
      vertex   -4.591049e+00 -1.879268e+00 -3.375000e+00
      vertex   -4.723077e+00 -1.517207e+00 -3.375000e+00
    endloop
  endfacet
  facet normal -7.633267e-01 -2.571947e-01 -5.926071e-01
    outer loop
      vertex   -4.434021e+00 -1.674562e+00 -3.679034e+00
      vertex   -4.723077e+00 -1.517207e+00 -3.375000e+00
      vertex   -4.543296e+00 -1.350248e+00 -3.679034e+00
    endloop
  endfacet
  facet normal -7.827804e-01 -2.183005e-01 -5.827518e-01
    outer loop
      vertex   -4.543296e+00 -1.350248e+00 -3.679034e+00
      vertex   -4.723077e+00 -1.517207e+00 -3.375000e+00
      vertex   -4.826601e+00 -1.145991e+00 -3.375000e+00
    endloop
  endfacet
  facet normal -7.804590e-01 -2.015899e-01 -5.918152e-01
    outer loop
      vertex   -4.543296e+00 -1.350248e+00 -3.679034e+00
      vertex   -4.826601e+00 -1.145991e+00 -3.375000e+00
      vertex   -4.628883e+00 -1.018894e+00 -3.679034e+00
    endloop
  endfacet
  facet normal -7.967298e-01 -1.567520e-01 -5.836527e-01
    outer loop
      vertex   -4.628883e+00 -1.018894e+00 -3.679034e+00
      vertex   -4.826601e+00 -1.145991e+00 -3.375000e+00
      vertex   -4.900997e+00 -7.678579e-01 -3.375000e+00
    endloop
  endfacet
  facet normal -7.937290e-01 -1.448866e-01 -5.907640e-01
    outer loop
      vertex   -4.628883e+00 -1.018894e+00 -3.679034e+00
      vertex   -4.900997e+00 -7.678579e-01 -3.375000e+00
      vertex   -4.690338e+00 -6.822284e-01 -3.679034e+00
    endloop
  endfacet
  facet normal -8.056723e-01 -9.433501e-02 -5.848017e-01
    outer loop
      vertex   -4.690338e+00 -6.822284e-01 -3.679034e+00
      vertex   -4.900997e+00 -7.678579e-01 -3.375000e+00
      vertex   -4.945814e+00 -3.850910e-01 -3.375000e+00
    endloop
  endfacet
  facet normal -8.030687e-01 -8.733898e-02 -5.894511e-01
    outer loop
      vertex   -4.690338e+00 -6.822284e-01 -3.679034e+00
      vertex   -4.945814e+00 -3.850910e-01 -3.375000e+00
      vertex   -4.727339e+00 -3.420057e-01 -3.679034e+00
    endloop
  endfacet
  facet normal -8.095575e-01 -3.146926e-02 -5.861965e-01
    outer loop
      vertex   -4.727339e+00 -3.420057e-01 -3.679034e+00
      vertex   -4.945814e+00 -3.850910e-01 -3.375000e+00
      vertex   -4.960784e+00 0.000000e+00 -3.375000e+00
    endloop
  endfacet
  facet normal -8.084252e-01 -2.920514e-02 -5.878740e-01
    outer loop
      vertex   -4.727339e+00 -3.420057e-01 -3.679034e+00
      vertex   -4.960784e+00 0.000000e+00 -3.375000e+00
      vertex   -4.739695e+00 -5.804452e-16 -3.679034e+00
    endloop
  endfacet
  facet normal -8.084252e-01 2.920514e-02 -5.878740e-01
    outer loop
      vertex   -4.739695e+00 -5.804452e-16 -3.679034e+00
      vertex   -4.960784e+00 0.000000e+00 -3.375000e+00
      vertex   -4.727339e+00 3.420057e-01 -3.679034e+00
    endloop
  endfacet
  facet normal -7.700545e-01 2.781896e-02 -6.373713e-01
    outer loop
      vertex   -4.739695e+00 -5.804452e-16 -3.679034e+00
      vertex   -4.727339e+00 3.420057e-01 -3.679034e+00
      vertex   -4.488270e+00 3.247099e-01 -3.968627e+00
    endloop
  endfacet
  facet normal -7.660398e-01 8.331185e-02 -6.373713e-01
    outer loop
      vertex   -4.488270e+00 3.247099e-01 -3.968627e+00
      vertex   -4.727339e+00 3.420057e-01 -3.679034e+00
      vertex   -4.453139e+00 6.477269e-01 -3.968627e+00
    endloop
  endfacet
  facet normal -7.248597e-01 7.883324e-02 -6.843711e-01
    outer loop
      vertex   -4.488270e+00 3.247099e-01 -3.968627e+00
      vertex   -4.453139e+00 6.477269e-01 -3.968627e+00
      vertex   -4.198460e+00 6.106828e-01 -4.242641e+00
    endloop
  endfacet
  facet normal -7.172817e-01 1.309320e-01 -6.843711e-01
    outer loop
      vertex   -4.198460e+00 6.106828e-01 -4.242641e+00
      vertex   -4.453139e+00 6.477269e-01 -3.968627e+00
      vertex   -4.143450e+00 9.120423e-01 -4.242641e+00
    endloop
  endfacet
  facet normal -6.770694e-01 1.235917e-01 -7.254668e-01
    outer loop
      vertex   -4.198460e+00 6.106828e-01 -4.242641e+00
      vertex   -4.143450e+00 9.120423e-01 -4.242641e+00
      vertex   -3.906629e+00 6.987503e-01 -4.500000e+00
    endloop
  endfacet
  facet normal -6.629696e-01 1.491156e-01 -7.336456e-01
    outer loop
      vertex   -3.906629e+00 6.987503e-01 -4.500000e+00
      vertex   -4.143450e+00 9.120423e-01 -4.242641e+00
      vertex   -3.829586e+00 1.041284e+00 -4.500000e+00
    endloop
  endfacet
  facet normal -6.660043e-01 1.720266e-01 -7.258410e-01
    outer loop
      vertex   -3.829586e+00 1.041284e+00 -4.500000e+00
      vertex   -4.143450e+00 9.120423e-01 -4.242641e+00
      vertex   -4.066838e+00 1.208647e+00 -4.242641e+00
    endloop
  endfacet
  facet normal -6.482981e-01 2.074779e-01 -7.325725e-01
    outer loop
      vertex   -3.829586e+00 1.041284e+00 -4.500000e+00
      vertex   -4.066838e+00 1.208647e+00 -4.242641e+00
      vertex   -3.722571e+00 1.375669e+00 -4.500000e+00
    endloop
  endfacet
  facet normal -6.501545e-01 2.190625e-01 -7.275375e-01
    outer loop
      vertex   -3.722571e+00 1.375669e+00 -4.500000e+00
      vertex   -4.066838e+00 1.208647e+00 -4.242641e+00
      vertex   -3.969024e+00 1.498950e+00 -4.242641e+00
    endloop
  endfacet
  facet normal -6.301546e-01 2.643572e-01 -7.300825e-01
    outer loop
      vertex   -3.722571e+00 1.375669e+00 -4.500000e+00
      vertex   -3.969024e+00 1.498950e+00 -4.242641e+00
      vertex   -3.850516e+00 1.781439e+00 -4.242641e+00
    endloop
  endfacet
  facet normal -6.723655e-01 2.820652e-01 -6.843711e-01
    outer loop
      vertex   -3.850516e+00 1.781439e+00 -4.242641e+00
      vertex   -3.969024e+00 1.498950e+00 -4.242641e+00
      vertex   -4.209785e+00 1.589877e+00 -3.968627e+00
    endloop
  endfacet
  facet normal -6.723655e-01 2.820652e-01 -6.843711e-01
    outer loop
      vertex   -3.850516e+00 1.781439e+00 -4.242641e+00
      vertex   -4.209785e+00 1.589877e+00 -3.968627e+00
      vertex   -4.084089e+00 1.889501e+00 -3.968627e+00
    endloop
  endfacet
  facet normal -7.105634e-01 2.980897e-01 -6.373713e-01
    outer loop
      vertex   -4.084089e+00 1.889501e+00 -3.968627e+00
      vertex   -4.209785e+00 1.589877e+00 -3.968627e+00
      vertex   -4.434021e+00 1.674562e+00 -3.679034e+00
    endloop
  endfacet
  facet normal -7.105634e-01 2.980897e-01 -6.373713e-01
    outer loop
      vertex   -4.084089e+00 1.889501e+00 -3.968627e+00
      vertex   -4.434021e+00 1.674562e+00 -3.679034e+00
      vertex   -4.301630e+00 1.990146e+00 -3.679034e+00
    endloop
  endfacet
  facet normal -7.423165e-01 3.114105e-01 -5.932872e-01
    outer loop
      vertex   -4.301630e+00 1.990146e+00 -3.679034e+00
      vertex   -4.434021e+00 1.674562e+00 -3.679034e+00
      vertex   -4.586771e+00 1.889685e+00 -3.375000e+00
    endloop
  endfacet
  facet normal -7.395114e-01 3.390443e-01 -5.815254e-01
    outer loop
      vertex   -4.301630e+00 1.990146e+00 -3.679034e+00
      vertex   -4.586771e+00 1.889685e+00 -3.375000e+00
      vertex   -4.425222e+00 2.242050e+00 -3.375000e+00
    endloop
  endfacet
  facet normal -8.096510e-01 3.165697e-02 -5.860572e-01
    outer loop
      vertex   -4.960784e+00 0.000000e+00 -3.375000e+00
      vertex   -4.945639e+00 3.873364e-01 -3.375000e+00
      vertex   -4.727339e+00 3.420057e-01 -3.679034e+00
    endloop
  endfacet
  facet normal -8.029826e-01 8.732962e-02 -5.895698e-01
    outer loop
      vertex   -4.727339e+00 3.420057e-01 -3.679034e+00
      vertex   -4.945639e+00 3.873364e-01 -3.375000e+00
      vertex   -4.690338e+00 6.822284e-01 -3.679034e+00
    endloop
  endfacet
  facet normal -7.660398e-01 8.331185e-02 -6.373713e-01
    outer loop
      vertex   -4.727339e+00 3.420057e-01 -3.679034e+00
      vertex   -4.690338e+00 6.822284e-01 -3.679034e+00
      vertex   -4.453139e+00 6.477269e-01 -3.968627e+00
    endloop
  endfacet
  facet normal -7.580313e-01 1.383704e-01 -6.373713e-01
    outer loop
      vertex   -4.453139e+00 6.477269e-01 -3.968627e+00
      vertex   -4.690338e+00 6.822284e-01 -3.679034e+00
      vertex   -4.394793e+00 9.673670e-01 -3.968627e+00
    endloop
  endfacet
  facet normal -7.172817e-01 1.309320e-01 -6.843711e-01
    outer loop
      vertex   -4.453139e+00 6.477269e-01 -3.968627e+00
      vertex   -4.394793e+00 9.673670e-01 -3.968627e+00
      vertex   -4.143450e+00 9.120423e-01 -4.242641e+00
    endloop
  endfacet
  facet normal -7.059642e-01 1.823481e-01 -6.843711e-01
    outer loop
      vertex   -4.143450e+00 9.120423e-01 -4.242641e+00
      vertex   -4.394793e+00 9.673670e-01 -3.968627e+00
      vertex   -4.066838e+00 1.208647e+00 -4.242641e+00
    endloop
  endfacet
  facet normal -8.057748e-01 9.490333e-02 -5.845685e-01
    outer loop
      vertex   -4.945639e+00 3.873364e-01 -3.375000e+00
      vertex   -4.900297e+00 7.723079e-01 -3.375000e+00
      vertex   -4.690338e+00 6.822284e-01 -3.679034e+00
    endloop
  endfacet
  facet normal -7.935907e-01 1.448614e-01 -5.909560e-01
    outer loop
      vertex   -4.690338e+00 6.822284e-01 -3.679034e+00
      vertex   -4.900297e+00 7.723079e-01 -3.375000e+00
      vertex   -4.628883e+00 1.018894e+00 -3.679034e+00
    endloop
  endfacet
  facet normal -7.580313e-01 1.383704e-01 -6.373713e-01
    outer loop
      vertex   -4.690338e+00 6.822284e-01 -3.679034e+00
      vertex   -4.628883e+00 1.018894e+00 -3.679034e+00
      vertex   -4.394793e+00 9.673670e-01 -3.968627e+00
    endloop
  endfacet
  facet normal -7.460708e-01 1.927075e-01 -6.373713e-01
    outer loop
      vertex   -4.394793e+00 9.673670e-01 -3.968627e+00
      vertex   -4.628883e+00 1.018894e+00 -3.679034e+00
      vertex   -4.313533e+00 1.281964e+00 -3.968627e+00
    endloop
  endfacet
  facet normal -7.059642e-01 1.823481e-01 -6.843711e-01
    outer loop
      vertex   -4.394793e+00 9.673670e-01 -3.968627e+00
      vertex   -4.313533e+00 1.281964e+00 -3.968627e+00
      vertex   -4.066838e+00 1.208647e+00 -4.242641e+00
    endloop
  endfacet
  facet normal -6.909660e-01 2.328136e-01 -6.843711e-01
    outer loop
      vertex   -4.066838e+00 1.208647e+00 -4.242641e+00
      vertex   -4.313533e+00 1.281964e+00 -3.968627e+00
      vertex   -3.969024e+00 1.498950e+00 -4.242641e+00
    endloop
  endfacet
  facet normal -7.967517e-01 1.576959e-01 -5.833685e-01
    outer loop
      vertex   -4.900297e+00 7.723079e-01 -3.375000e+00
      vertex   -4.825036e+00 1.152564e+00 -3.375000e+00
      vertex   -4.628883e+00 1.018894e+00 -3.679034e+00
    endloop
  endfacet
  facet normal -7.803020e-01 2.015493e-01 -5.920360e-01
    outer loop
      vertex   -4.628883e+00 1.018894e+00 -3.679034e+00
      vertex   -4.825036e+00 1.152564e+00 -3.375000e+00
      vertex   -4.543296e+00 1.350248e+00 -3.679034e+00
    endloop
  endfacet
  facet normal -7.460708e-01 1.927075e-01 -6.373713e-01
    outer loop
      vertex   -4.628883e+00 1.018894e+00 -3.679034e+00
      vertex   -4.543296e+00 1.350248e+00 -3.679034e+00
      vertex   -4.313533e+00 1.281964e+00 -3.968627e+00
    endloop
  endfacet
  facet normal -7.302206e-01 2.460400e-01 -6.373713e-01
    outer loop
      vertex   -4.313533e+00 1.281964e+00 -3.968627e+00
      vertex   -4.543296e+00 1.350248e+00 -3.679034e+00
      vertex   -4.209785e+00 1.589877e+00 -3.968627e+00
    endloop
  endfacet
  facet normal -6.909660e-01 2.328136e-01 -6.843711e-01
    outer loop
      vertex   -4.313533e+00 1.281964e+00 -3.968627e+00
      vertex   -4.209785e+00 1.589877e+00 -3.968627e+00
      vertex   -3.969024e+00 1.498950e+00 -4.242641e+00
    endloop
  endfacet
  facet normal -7.826340e-01 2.196006e-01 -5.824600e-01
    outer loop
      vertex   -4.825036e+00 1.152564e+00 -3.375000e+00
      vertex   -4.720314e+00 1.525783e+00 -3.375000e+00
      vertex   -4.543296e+00 1.350248e+00 -3.679034e+00
    endloop
  endfacet
  facet normal -7.631835e-01 2.571465e-01 -5.928124e-01
    outer loop
      vertex   -4.543296e+00 1.350248e+00 -3.679034e+00
      vertex   -4.720314e+00 1.525783e+00 -3.375000e+00
      vertex   -4.434021e+00 1.674562e+00 -3.679034e+00
    endloop
  endfacet
  facet normal -7.302206e-01 2.460400e-01 -6.373713e-01
    outer loop
      vertex   -4.543296e+00 1.350248e+00 -3.679034e+00
      vertex   -4.434021e+00 1.674562e+00 -3.679034e+00
      vertex   -4.209785e+00 1.589877e+00 -3.968627e+00
    endloop
  endfacet
  facet normal -7.635116e-01 2.801897e-01 -5.818451e-01
    outer loop
      vertex   -4.720314e+00 1.525783e+00 -3.375000e+00
      vertex   -4.586771e+00 1.889685e+00 -3.375000e+00
      vertex   -4.434021e+00 1.674562e+00 -3.679034e+00
    endloop
  endfacet
  facet normal -7.177963e-01 3.641045e-01 -5.934614e-01
    outer loop
      vertex   -4.301630e+00 1.990146e+00 -3.679034e+00
      vertex   -4.425222e+00 2.242050e+00 -3.375000e+00
      vertex   -4.146813e+00 2.295354e+00 -3.679034e+00
    endloop
  endfacet
  facet normal -7.107962e-01 3.957584e-01 -5.815016e-01
    outer loop
      vertex   -4.146813e+00 2.295354e+00 -3.679034e+00
      vertex   -4.425222e+00 2.242050e+00 -3.375000e+00
      vertex   -4.236654e+00 2.580725e+00 -3.375000e+00
    endloop
  endfacet
  facet normal -6.897317e-01 4.149978e-01 -5.933355e-01
    outer loop
      vertex   -4.146813e+00 2.295354e+00 -3.679034e+00
      vertex   -4.236654e+00 2.580725e+00 -3.375000e+00
      vertex   -3.970375e+00 2.588595e+00 -3.679034e+00
    endloop
  endfacet
  facet normal -6.775634e-01 4.499413e-01 -5.817737e-01
    outer loop
      vertex   -3.970375e+00 2.588595e+00 -3.679034e+00
      vertex   -4.236654e+00 2.580725e+00 -3.375000e+00
      vertex   -4.022217e+00 2.903643e+00 -3.375000e+00
    endloop
  endfacet
  facet normal -6.582451e-01 4.638664e-01 -5.929092e-01
    outer loop
      vertex   -3.970375e+00 2.588595e+00 -3.679034e+00
      vertex   -4.022217e+00 2.903643e+00 -3.375000e+00
      vertex   -3.773238e+00 2.868341e+00 -3.679034e+00
    endloop
  endfacet
  facet normal -6.400438e-01 5.012212e-01 -5.823411e-01
    outer loop
      vertex   -3.773238e+00 2.868341e+00 -3.679034e+00
      vertex   -4.022217e+00 2.903643e+00 -3.375000e+00
      vertex   -3.783223e+00 3.208832e+00 -3.375000e+00
    endloop
  endfacet
  facet normal -6.234719e-01 5.104938e-01 -5.921814e-01
    outer loop
      vertex   -3.773238e+00 2.868341e+00 -3.679034e+00
      vertex   -3.783223e+00 3.208832e+00 -3.375000e+00
      vertex   -3.556429e+00 3.133132e+00 -3.679034e+00
    endloop
  endfacet
  facet normal -5.984996e-01 5.492478e-01 -5.832025e-01
    outer loop
      vertex   -3.556429e+00 3.133132e+00 -3.679034e+00
      vertex   -3.783223e+00 3.208832e+00 -3.375000e+00
      vertex   -3.521128e+00 3.494429e+00 -3.375000e+00
    endloop
  endfacet
  facet normal -5.855599e-01 5.546718e-01 -5.911505e-01
    outer loop
      vertex   -3.556429e+00 3.133132e+00 -3.679034e+00
      vertex   -3.521128e+00 3.494429e+00 -3.375000e+00
      vertex   -3.321078e+00 3.381589e+00 -3.679034e+00
    endloop
  endfacet
  facet normal -5.532220e-01 5.936950e-01 -5.843558e-01
    outer loop
      vertex   -3.321078e+00 3.381589e+00 -3.679034e+00
      vertex   -3.521128e+00 3.494429e+00 -3.375000e+00
      vertex   -3.237535e+00 3.758689e+00 -3.375000e+00
    endloop
  endfacet
  facet normal -5.446692e-01 5.962006e-01 -5.898137e-01
    outer loop
      vertex   -3.321078e+00 3.381589e+00 -3.679034e+00
      vertex   -3.237535e+00 3.758689e+00 -3.375000e+00
      vertex   -3.068413e+00 3.612415e+00 -3.679034e+00
    endloop
  endfacet
  facet normal -5.045297e-01 6.342635e-01 -5.857982e-01
    outer loop
      vertex   -3.068413e+00 3.612415e+00 -3.679034e+00
      vertex   -3.237535e+00 3.758689e+00 -3.375000e+00
      vertex   -2.934174e+00 4.000000e+00 -3.375000e+00
    endloop
  endfacet
  facet normal -5.009719e-01 6.348902e-01 -5.881680e-01
    outer loop
      vertex   -3.068413e+00 3.612415e+00 -3.679034e+00
      vertex   -2.934174e+00 4.000000e+00 -3.375000e+00
      vertex   -2.799751e+00 3.824408e+00 -3.679034e+00
    endloop
  endfacet
  facet normal -4.906684e-01 6.428489e-01 -5.882090e-01
    outer loop
      vertex   -2.799751e+00 3.824408e+00 -3.679034e+00
      vertex   -2.934174e+00 4.000000e+00 -3.375000e+00
      vertex   -2.794022e+00 4.000000e+00 -3.491911e+00
    endloop
  endfacet
  facet normal -4.602832e-01 6.543695e-01 -5.999499e-01
    outer loop
      vertex   -2.799751e+00 3.824408e+00 -3.679034e+00
      vertex   -2.794022e+00 4.000000e+00 -3.491911e+00
      vertex   -2.649217e+00 4.000000e+00 -3.603005e+00
    endloop
  endfacet
  facet normal -4.392491e-01 6.466064e-01 -6.236669e-01
    outer loop
      vertex   -2.649217e+00 4.000000e+00 -3.603005e+00
      vertex   -2.500000e+00 4.000000e+00 -3.708099e+00
      vertex   -2.799751e+00 3.824408e+00 -3.679034e+00
    endloop
  endfacet
  facet normal -4.345432e-01 6.362973e-01 -6.374150e-01
    outer loop
      vertex   -2.799751e+00 3.824408e+00 -3.679034e+00
      vertex   -2.500000e+00 4.000000e+00 -3.708099e+00
      vertex   -2.658163e+00 3.631001e+00 -3.968627e+00
    endloop
  endfacet
  facet normal -4.773202e-01 6.049159e-01 -6.373713e-01
    outer loop
      vertex   -2.799751e+00 3.824408e+00 -3.679034e+00
      vertex   -2.658163e+00 3.631001e+00 -3.968627e+00
      vertex   -3.068413e+00 3.612415e+00 -3.679034e+00
    endloop
  endfacet
  facet normal -4.773202e-01 6.049159e-01 -6.373713e-01
    outer loop
      vertex   -3.068413e+00 3.612415e+00 -3.679034e+00
      vertex   -2.658163e+00 3.631001e+00 -3.968627e+00
      vertex   -2.913238e+00 3.429729e+00 -3.968627e+00
    endloop
  endfacet
  facet normal -5.197253e-01 5.688967e-01 -6.373713e-01
    outer loop
      vertex   -3.068413e+00 3.612415e+00 -3.679034e+00
      vertex   -2.913238e+00 3.429729e+00 -3.968627e+00
      vertex   -3.321078e+00 3.381589e+00 -3.679034e+00
    endloop
  endfacet
  facet normal -5.197253e-01 5.688967e-01 -6.373713e-01
    outer loop
      vertex   -3.321078e+00 3.381589e+00 -3.679034e+00
      vertex   -2.913238e+00 3.429729e+00 -3.968627e+00
      vertex   -3.153126e+00 3.210576e+00 -3.968627e+00
    endloop
  endfacet
  facet normal -5.594208e-01 5.299115e-01 -6.373713e-01
    outer loop
      vertex   -3.321078e+00 3.381589e+00 -3.679034e+00
      vertex   -3.153126e+00 3.210576e+00 -3.968627e+00
      vertex   -3.556429e+00 3.133132e+00 -3.679034e+00
    endloop
  endfacet
  facet normal -5.594208e-01 5.299115e-01 -6.373713e-01
    outer loop
      vertex   -3.556429e+00 3.133132e+00 -3.679034e+00
      vertex   -3.153126e+00 3.210576e+00 -3.968627e+00
      vertex   -3.376574e+00 2.974684e+00 -3.968627e+00
    endloop
  endfacet
  facet normal -5.961997e-01 4.881636e-01 -6.373713e-01
    outer loop
      vertex   -3.556429e+00 3.133132e+00 -3.679034e+00
      vertex   -3.376574e+00 2.974684e+00 -3.968627e+00
      vertex   -3.773238e+00 2.868341e+00 -3.679034e+00
    endloop
  endfacet
  facet normal -5.961997e-01 4.881636e-01 -6.373713e-01
    outer loop
      vertex   -3.773238e+00 2.868341e+00 -3.679034e+00
      vertex   -3.376574e+00 2.974684e+00 -3.968627e+00
      vertex   -3.582419e+00 2.723284e+00 -3.968627e+00
    endloop
  endfacet
  facet normal -6.298704e-01 4.438706e-01 -6.373713e-01
    outer loop
      vertex   -3.773238e+00 2.868341e+00 -3.679034e+00
      vertex   -3.582419e+00 2.723284e+00 -3.968627e+00
      vertex   -3.970375e+00 2.588595e+00 -3.679034e+00
    endloop
  endfacet
  facet normal -6.298704e-01 4.438706e-01 -6.373713e-01
    outer loop
      vertex   -3.970375e+00 2.588595e+00 -3.679034e+00
      vertex   -3.582419e+00 2.723284e+00 -3.968627e+00
      vertex   -3.769586e+00 2.457686e+00 -3.968627e+00
    endloop
  endfacet
  facet normal -6.602572e-01 3.972635e-01 -6.373713e-01
    outer loop
      vertex   -3.970375e+00 2.588595e+00 -3.679034e+00
      vertex   -3.769586e+00 2.457686e+00 -3.968627e+00
      vertex   -4.146813e+00 2.295354e+00 -3.679034e+00
    endloop
  endfacet
  facet normal -6.602572e-01 3.972635e-01 -6.373713e-01
    outer loop
      vertex   -4.146813e+00 2.295354e+00 -3.679034e+00
      vertex   -3.769586e+00 2.457686e+00 -3.968627e+00
      vertex   -3.937101e+00 2.179274e+00 -3.968627e+00
    endloop
  endfacet
  facet normal -6.872017e-01 3.485853e-01 -6.373713e-01
    outer loop
      vertex   -4.146813e+00 2.295354e+00 -3.679034e+00
      vertex   -3.937101e+00 2.179274e+00 -3.968627e+00
      vertex   -4.301630e+00 1.990146e+00 -3.679034e+00
    endloop
  endfacet
  facet normal -6.872017e-01 3.485853e-01 -6.373713e-01
    outer loop
      vertex   -4.301630e+00 1.990146e+00 -3.679034e+00
      vertex   -3.937101e+00 2.179274e+00 -3.968627e+00
      vertex   -4.084089e+00 1.889501e+00 -3.968627e+00
    endloop
  endfacet
  facet normal -4.314815e-01 6.363876e-01 -6.394017e-01
    outer loop
      vertex   -2.658163e+00 3.631001e+00 -3.968627e+00
      vertex   -2.500000e+00 4.000000e+00 -3.708099e+00
      vertex   -2.389228e+00 3.813343e+00 -3.968627e+00
    endloop
  endfacet
  facet normal -3.956621e-01 6.585943e-01 -6.400821e-01
    outer loop
      vertex   -2.389228e+00 3.813343e+00 -3.968627e+00
      vertex   -2.500000e+00 4.000000e+00 -3.708099e+00
      vertex   -2.199204e+00 4.000000e+00 -3.894034e+00
    endloop
  endfacet
  facet normal -3.728783e-01 6.458442e-01 -6.662184e-01
    outer loop
      vertex   -2.389228e+00 3.813343e+00 -3.968627e+00
      vertex   -2.199204e+00 4.000000e+00 -3.894034e+00
      vertex   -2.107838e+00 3.975804e+00 -3.968627e+00
    endloop
  endfacet
  facet normal -3.204197e-01 7.129463e-01 -6.237297e-01
    outer loop
      vertex   -2.107838e+00 3.975804e+00 -3.968627e+00
      vertex   -2.199204e+00 4.000000e+00 -3.894034e+00
      vertex   -1.884658e+00 4.000000e+00 -4.055621e+00
    endloop
  endfacet
  facet normal -3.369293e-01 6.463762e-01 -6.845995e-01
    outer loop
      vertex   -2.107838e+00 3.975804e+00 -3.968627e+00
      vertex   -1.884658e+00 4.000000e+00 -4.055621e+00
      vertex   -1.987289e+00 3.748424e+00 -4.242641e+00
    endloop
  endfacet
  facet normal -3.129355e-01 6.455526e-01 -6.966586e-01
    outer loop
      vertex   -1.987289e+00 3.748424e+00 -4.242641e+00
      vertex   -1.884658e+00 4.000000e+00 -4.055621e+00
      vertex   -1.711630e+00 3.882051e+00 -4.242641e+00
    endloop
  endfacet
  facet normal -2.991265e-01 6.170661e-01 -7.278412e-01
    outer loop
      vertex   -1.987289e+00 3.748424e+00 -4.242641e+00
      vertex   -1.711630e+00 3.882051e+00 -4.242641e+00
      vertex   -1.619532e+00 3.623136e+00 -4.500000e+00
    endloop
  endfacet
  facet normal -2.531044e-01 6.352441e-01 -7.296596e-01
    outer loop
      vertex   -1.619532e+00 3.623136e+00 -4.500000e+00
      vertex   -1.711630e+00 3.882051e+00 -4.242641e+00
      vertex   -1.427049e+00 3.995439e+00 -4.242641e+00
    endloop
  endfacet
  facet normal -2.506954e-01 6.348250e-01 -7.308550e-01
    outer loop
      vertex   -1.619532e+00 3.623136e+00 -4.500000e+00
      vertex   -1.427049e+00 3.995439e+00 -4.242641e+00
      vertex   -1.292981e+00 3.752093e+00 -4.500000e+00
    endloop
  endfacet
  facet normal -2.251760e-01 6.466778e-01 -7.287685e-01
    outer loop
      vertex   -1.292981e+00 3.752093e+00 -4.500000e+00
      vertex   -1.427049e+00 3.995439e+00 -4.242641e+00
      vertex   -1.222254e+00 4.000000e+00 -4.301871e+00
    endloop
  endfacet
  facet normal -1.909459e-01 6.454963e-01 -7.395094e-01
    outer loop
      vertex   -1.292981e+00 3.752093e+00 -4.500000e+00
      vertex   -1.222254e+00 4.000000e+00 -4.301871e+00
      vertex   -9.563109e-01 3.851684e+00 -4.500000e+00
    endloop
  endfacet
  facet normal -1.767299e-01 6.593325e-01 -7.307853e-01
    outer loop
      vertex   -9.563109e-01 3.851684e+00 -4.500000e+00
      vertex   -1.222254e+00 4.000000e+00 -4.301871e+00
      vertex   -8.785389e-01 4.000000e+00 -4.384994e+00
    endloop
  endfacet
  facet normal -1.310612e-01 6.494968e-01 -7.489839e-01
    outer loop
      vertex   -9.563109e-01 3.851684e+00 -4.500000e+00
      vertex   -8.785389e-01 4.000000e+00 -4.384994e+00
      vertex   -6.121565e-01 3.921131e+00 -4.500000e+00
    endloop
  endfacet
  facet normal -1.166286e-01 6.722013e-01 -7.311247e-01
    outer loop
      vertex   -6.121565e-01 3.921131e+00 -4.500000e+00
      vertex   -8.785389e-01 4.000000e+00 -4.384994e+00
      vertex   -5.293302e-01 4.000000e+00 -4.440699e+00
    endloop
  endfacet
  facet normal -7.180775e-02 6.464922e-01 -7.595337e-01
    outer loop
      vertex   -6.121565e-01 3.921131e+00 -4.500000e+00
      vertex   -5.293302e-01 4.000000e+00 -4.440699e+00
      vertex   -2.632111e-01 3.959889e+00 -4.500000e+00
    endloop
  endfacet
  facet normal -5.729458e-02 6.885929e-01 -7.228811e-01
    outer loop
      vertex   -2.632111e-01 3.959889e+00 -4.500000e+00
      vertex   -5.293302e-01 4.000000e+00 -4.440699e+00
      vertex   -1.768119e-01 4.000000e+00 -4.468639e+00
    endloop
  endfacet
  facet normal -1.403917e-02 6.344672e-01 -7.728223e-01
    outer loop
      vertex   -2.632111e-01 3.959889e+00 -4.500000e+00
      vertex   -1.768119e-01 4.000000e+00 -4.468639e+00
      vertex   8.779431e-02 3.967656e+00 -4.500000e+00
    endloop
  endfacet
  facet normal 0.000000e+00 6.961063e-01 -7.179388e-01
    outer loop
      vertex   8.779431e-02 3.967656e+00 -4.500000e+00
      vertex   -1.768119e-01 4.000000e+00 -4.468639e+00
      vertex   1.768119e-01 4.000000e+00 -4.468639e+00
    endloop
  endfacet
  facet normal 4.209862e-02 6.333543e-01 -7.727161e-01
    outer loop
      vertex   8.779431e-02 3.967656e+00 -4.500000e+00
      vertex   1.768119e-01 4.000000e+00 -4.468639e+00
      vertex   4.381126e-01 3.944370e+00 -4.500000e+00
    endloop
  endfacet
  facet normal 5.776794e-02 6.822283e-01 -7.288535e-01
    outer loop
      vertex   4.381126e-01 3.944370e+00 -4.500000e+00
      vertex   1.768119e-01 4.000000e+00 -4.468639e+00
      vertex   5.293302e-01 4.000000e+00 -4.440699e+00
    endloop
  endfacet
  facet normal 1.005096e-01 6.438078e-01 -7.585574e-01
    outer loop
      vertex   4.381126e-01 3.944370e+00 -4.500000e+00
      vertex   5.293302e-01 4.000000e+00 -4.440699e+00
      vertex   7.850020e-01 3.890215e+00 -4.500000e+00
    endloop
  endfacet
  facet normal 1.170740e-01 6.690738e-01 -7.339168e-01
    outer loop
      vertex   7.850020e-01 3.890215e+00 -4.500000e+00
      vertex   5.293302e-01 4.000000e+00 -4.440699e+00
      vertex   8.785389e-01 4.000000e+00 -4.384994e+00
    endloop
  endfacet
  facet normal 1.602927e-01 6.456025e-01 -7.466617e-01
    outer loop
      vertex   7.850020e-01 3.890215e+00 -4.500000e+00
      vertex   8.785389e-01 4.000000e+00 -4.384994e+00
      vertex   1.125748e+00 3.805613e+00 -4.500000e+00
    endloop
  endfacet
  facet normal 1.769886e-01 6.580753e-01 -7.318551e-01
    outer loop
      vertex   1.125748e+00 3.805613e+00 -4.500000e+00
      vertex   8.785389e-01 4.000000e+00 -4.384994e+00
      vertex   1.222254e+00 4.000000e+00 -4.301871e+00
    endloop
  endfacet
  facet normal 2.206603e-01 6.403326e-01 -7.357195e-01
    outer loop
      vertex   1.125748e+00 3.805613e+00 -4.500000e+00
      vertex   1.222254e+00 4.000000e+00 -4.301871e+00
      vertex   1.457683e+00 3.691227e+00 -4.500000e+00
    endloop
  endfacet
  facet normal 2.325862e-01 6.446339e-01 -7.282518e-01
    outer loop
      vertex   1.457683e+00 3.691227e+00 -4.500000e+00
      vertex   1.222254e+00 4.000000e+00 -4.301871e+00
      vertex   1.570363e+00 3.941314e+00 -4.242641e+00
    endloop
  endfacet
  facet normal 2.760467e-01 6.260858e-01 -7.292563e-01
    outer loop
      vertex   1.457683e+00 3.691227e+00 -4.500000e+00
      vertex   1.570363e+00 3.941314e+00 -4.242641e+00
      vertex   1.850666e+00 3.817726e+00 -4.242641e+00
    endloop
  endfacet
  facet normal 2.902901e-01 6.583903e-01 -6.944450e-01
    outer loop
      vertex   1.850666e+00 3.817726e+00 -4.242641e+00
      vertex   1.570363e+00 3.941314e+00 -4.242641e+00
      vertex   1.884658e+00 4.000000e+00 -4.055621e+00
    endloop
  endfacet
  facet normal 3.402360e-01 6.417532e-01 -6.873080e-01
    outer loop
      vertex   1.850666e+00 3.817726e+00 -4.242641e+00
      vertex   1.884658e+00 4.000000e+00 -4.055621e+00
      vertex   2.121320e+00 3.674235e+00 -4.242641e+00
    endloop
  endfacet
  facet normal 3.440030e-01 6.428314e-01 -6.844192e-01
    outer loop
      vertex   2.121320e+00 3.674235e+00 -4.242641e+00
      vertex   1.884658e+00 4.000000e+00 -4.055621e+00
      vertex   2.250000e+00 3.897114e+00 -3.968627e+00
    endloop
  endfacet
  facet normal 3.871261e-01 6.178751e-01 -6.843711e-01
    outer loop
      vertex   2.121320e+00 3.674235e+00 -4.242641e+00
      vertex   2.250000e+00 3.897114e+00 -3.968627e+00
      vertex   2.380915e+00 3.511587e+00 -4.242641e+00
    endloop
  endfacet
  facet normal 3.871261e-01 6.178751e-01 -6.843711e-01
    outer loop
      vertex   2.380915e+00 3.511587e+00 -4.242641e+00
      vertex   2.250000e+00 3.897114e+00 -3.968627e+00
      vertex   2.525342e+00 3.724600e+00 -3.968627e+00
    endloop
  endfacet
  facet normal 4.307014e-01 5.883303e-01 -6.843711e-01
    outer loop
      vertex   2.380915e+00 3.511587e+00 -4.242641e+00
      vertex   2.525342e+00 3.724600e+00 -3.968627e+00
      vertex   2.628097e+00 3.330632e+00 -4.242641e+00
    endloop
  endfacet
  facet normal 4.307014e-01 5.883303e-01 -6.843711e-01
    outer loop
      vertex   2.628097e+00 3.330632e+00 -4.242641e+00
      vertex   2.525342e+00 3.724600e+00 -3.968627e+00
      vertex   2.787518e+00 3.532668e+00 -3.968627e+00
    endloop
  endfacet
  facet normal 4.720313e-01 5.557182e-01 -6.843711e-01
    outer loop
      vertex   2.628097e+00 3.330632e+00 -4.242641e+00
      vertex   2.787518e+00 3.532668e+00 -3.968627e+00
      vertex   2.861577e+00 3.132312e+00 -4.242641e+00
    endloop
  endfacet
  facet normal 4.720313e-01 5.557182e-01 -6.843711e-01
    outer loop
      vertex   2.861577e+00 3.132312e+00 -4.242641e+00
      vertex   2.787518e+00 3.532668e+00 -3.968627e+00
      vertex   3.035161e+00 3.322318e+00 -3.968627e+00
    endloop
  endfacet
  facet normal 5.109002e-01 5.202088e-01 -6.843711e-01
    outer loop
      vertex   2.861577e+00 3.132312e+00 -4.242641e+00
      vertex   3.035161e+00 3.322318e+00 -3.968627e+00
      vertex   3.080138e+00 2.917662e+00 -4.242641e+00
    endloop
  endfacet
  facet normal 5.109002e-01 5.202088e-01 -6.843711e-01
    outer loop
      vertex   3.080138e+00 2.917662e+00 -4.242641e+00
      vertex   3.035161e+00 3.322318e+00 -3.968627e+00
      vertex   3.266980e+00 3.094648e+00 -3.968627e+00
    endloop
  endfacet
  facet normal 5.471055e-01 4.819874e-01 -6.843711e-01
    outer loop
      vertex   3.080138e+00 2.917662e+00 -4.242641e+00
      vertex   3.266980e+00 3.094648e+00 -3.968627e+00
      vertex   3.282641e+00 2.687800e+00 -4.242641e+00
    endloop
  endfacet
  facet normal 5.471055e-01 4.819874e-01 -6.843711e-01
    outer loop
      vertex   3.282641e+00 2.687800e+00 -4.242641e+00
      vertex   3.266980e+00 3.094648e+00 -3.968627e+00
      vertex   3.481766e+00 2.850843e+00 -3.968627e+00
    endloop
  endfacet
  facet normal 5.804584e-01 4.412530e-01 -6.843711e-01
    outer loop
      vertex   3.282641e+00 2.687800e+00 -4.242641e+00
      vertex   3.481766e+00 2.850843e+00 -3.968627e+00
      vertex   3.468029e+00 2.443926e+00 -4.242641e+00
    endloop
  endfacet
  facet normal 5.804584e-01 4.412530e-01 -6.843711e-01
    outer loop
      vertex   3.468029e+00 2.443926e+00 -4.242641e+00
      vertex   3.481766e+00 2.850843e+00 -3.968627e+00
      vertex   3.678401e+00 2.592175e+00 -3.968627e+00
    endloop
  endfacet
  facet normal 6.107851e-01 3.982182e-01 -6.843711e-01
    outer loop
      vertex   3.468029e+00 2.443926e+00 -4.242641e+00
      vertex   3.678401e+00 2.592175e+00 -3.968627e+00
      vertex   3.635337e+00 2.187310e+00 -4.242641e+00
    endloop
  endfacet
  facet normal 6.107851e-01 3.982182e-01 -6.843711e-01
    outer loop
      vertex   3.635337e+00 2.187310e+00 -4.242641e+00
      vertex   3.678401e+00 2.592175e+00 -3.968627e+00
      vertex   3.855857e+00 2.319992e+00 -3.968627e+00
    endloop
  endfacet
  facet normal 6.379492e-01 3.530695e-01 -6.843703e-01
    outer loop
      vertex   3.635337e+00 2.187310e+00 -4.242641e+00
      vertex   3.855857e+00 2.319992e+00 -3.968627e+00
      vertex   3.783921e+00 1.918838e+00 -4.242641e+00
    endloop
  endfacet
  facet normal 6.379923e-01 3.530435e-01 -6.843436e-01
    outer loop
      vertex   3.783921e+00 1.918838e+00 -4.242641e+00
      vertex   3.855857e+00 2.319992e+00 -3.968627e+00
      vertex   4.013698e+00 2.034756e+00 -3.968627e+00
    endloop
  endfacet
  facet normal 6.617383e-01 3.061047e-01 -6.843992e-01
    outer loop
      vertex   3.783921e+00 1.918838e+00 -4.242641e+00
      vertex   4.013698e+00 2.034756e+00 -3.968627e+00
      vertex   3.912320e+00 1.641264e+00 -4.242641e+00
    endloop
  endfacet
  facet normal 6.617792e-01 3.060757e-01 -6.843726e-01
    outer loop
      vertex   3.912320e+00 1.641264e+00 -4.242641e+00
      vertex   4.013698e+00 2.034756e+00 -3.968627e+00
      vertex   4.149642e+00 1.740824e+00 -3.968627e+00
    endloop
  endfacet
  facet normal 6.821105e-01 2.576073e-01 -6.843711e-01
    outer loop
      vertex   3.912320e+00 1.641264e+00 -4.242641e+00
      vertex   4.149642e+00 1.740824e+00 -3.968627e+00
      vertex   4.020552e+00 1.354682e+00 -4.242641e+00
    endloop
  endfacet
  facet normal 6.821105e-01 2.576073e-01 -6.843711e-01
    outer loop
      vertex   4.020552e+00 1.354682e+00 -4.242641e+00
      vertex   4.149642e+00 1.740824e+00 -3.968627e+00
      vertex   4.264439e+00 1.436857e+00 -3.968627e+00
    endloop
  endfacet
  facet normal 6.989207e-01 2.077163e-01 -6.843711e-01
    outer loop
      vertex   4.020552e+00 1.354682e+00 -4.242641e+00
      vertex   4.264439e+00 1.436857e+00 -3.968627e+00
      vertex   4.107822e+00 1.061036e+00 -4.242641e+00
    endloop
  endfacet
  facet normal 6.989207e-01 2.077163e-01 -6.843711e-01
    outer loop
      vertex   4.107822e+00 1.061036e+00 -4.242641e+00
      vertex   4.264439e+00 1.436857e+00 -3.968627e+00
      vertex   4.357003e+00 1.125399e+00 -3.968627e+00
    endloop
  endfacet
  facet normal 7.120871e-01 1.567422e-01 -6.843711e-01
    outer loop
      vertex   4.107822e+00 1.061036e+00 -4.242641e+00
      vertex   4.357003e+00 1.125399e+00 -3.968627e+00
      vertex   4.173676e+00 7.618592e-01 -4.242641e+00
    endloop
  endfacet
  facet normal 7.120871e-01 1.567422e-01 -6.843711e-01
    outer loop
      vertex   4.173676e+00 7.618592e-01 -4.242641e+00
      vertex   4.357003e+00 1.125399e+00 -3.968627e+00
      vertex   4.426852e+00 8.080737e-01 -3.968627e+00
    endloop
  endfacet
  facet normal 7.215411e-01 1.049510e-01 -6.843711e-01
    outer loop
      vertex   4.173676e+00 7.618592e-01 -4.242641e+00
      vertex   4.426852e+00 8.080737e-01 -3.968627e+00
      vertex   4.217770e+00 4.587101e-01 -4.242641e+00
    endloop
  endfacet
  facet normal 7.215411e-01 1.049510e-01 -6.843711e-01
    outer loop
      vertex   4.217770e+00 4.587101e-01 -4.242641e+00
      vertex   4.426852e+00 8.080737e-01 -3.968627e+00
      vertex   4.473621e+00 4.865356e-01 -3.968627e+00
    endloop
  endfacet
  facet normal 7.272332e-01 5.261266e-02 -6.843711e-01
    outer loop
      vertex   4.217770e+00 4.587101e-01 -4.242641e+00
      vertex   4.473621e+00 4.865356e-01 -3.968627e+00
      vertex   4.239875e+00 1.531696e-01 -4.242641e+00
    endloop
  endfacet
  facet normal 7.272332e-01 5.261266e-02 -6.843711e-01
    outer loop
      vertex   4.239875e+00 1.531696e-01 -4.242641e+00
      vertex   4.473621e+00 4.865356e-01 -3.968627e+00
      vertex   4.497066e+00 1.624609e-01 -3.968627e+00
    endloop
  endfacet
  facet normal 7.291339e-01 0.000000e+00 -6.843711e-01
    outer loop
      vertex   4.239875e+00 1.531696e-01 -4.242641e+00
      vertex   4.497066e+00 1.624609e-01 -3.968627e+00
      vertex   4.239875e+00 -1.531696e-01 -4.242641e+00
    endloop
  endfacet
  facet normal 7.291339e-01 0.000000e+00 -6.843711e-01
    outer loop
      vertex   4.239875e+00 -1.531696e-01 -4.242641e+00
      vertex   4.497066e+00 1.624609e-01 -3.968627e+00
      vertex   4.497066e+00 -1.624609e-01 -3.968627e+00
    endloop
  endfacet
  facet normal 7.272332e-01 -5.261266e-02 -6.843711e-01
    outer loop
      vertex   4.239875e+00 -1.531696e-01 -4.242641e+00
      vertex   4.497066e+00 -1.624609e-01 -3.968627e+00
      vertex   4.217770e+00 -4.587101e-01 -4.242641e+00
    endloop
  endfacet
  facet normal 7.272332e-01 -5.261266e-02 -6.843711e-01
    outer loop
      vertex   4.217770e+00 -4.587101e-01 -4.242641e+00
      vertex   4.497066e+00 -1.624609e-01 -3.968627e+00
      vertex   4.473621e+00 -4.865356e-01 -3.968627e+00
    endloop
  endfacet
  facet normal 7.215411e-01 -1.049510e-01 -6.843711e-01
    outer loop
      vertex   4.217770e+00 -4.587101e-01 -4.242641e+00
      vertex   4.473621e+00 -4.865356e-01 -3.968627e+00
      vertex   4.173676e+00 -7.618592e-01 -4.242641e+00
    endloop
  endfacet
  facet normal 7.215411e-01 -1.049510e-01 -6.843711e-01
    outer loop
      vertex   4.173676e+00 -7.618592e-01 -4.242641e+00
      vertex   4.473621e+00 -4.865356e-01 -3.968627e+00
      vertex   4.426852e+00 -8.080737e-01 -3.968627e+00
    endloop
  endfacet
  facet normal 7.120871e-01 -1.567422e-01 -6.843711e-01
    outer loop
      vertex   4.173676e+00 -7.618592e-01 -4.242641e+00
      vertex   4.426852e+00 -8.080737e-01 -3.968627e+00
      vertex   4.107822e+00 -1.061036e+00 -4.242641e+00
    endloop
  endfacet
  facet normal 7.120871e-01 -1.567422e-01 -6.843711e-01
    outer loop
      vertex   4.107822e+00 -1.061036e+00 -4.242641e+00
      vertex   4.426852e+00 -8.080737e-01 -3.968627e+00
      vertex   4.357003e+00 -1.125399e+00 -3.968627e+00
    endloop
  endfacet
  facet normal 6.989207e-01 -2.077163e-01 -6.843711e-01
    outer loop
      vertex   4.107822e+00 -1.061036e+00 -4.242641e+00
      vertex   4.357003e+00 -1.125399e+00 -3.968627e+00
      vertex   4.020552e+00 -1.354682e+00 -4.242641e+00
    endloop
  endfacet
  facet normal 6.989207e-01 -2.077163e-01 -6.843711e-01
    outer loop
      vertex   4.020552e+00 -1.354682e+00 -4.242641e+00
      vertex   4.357003e+00 -1.125399e+00 -3.968627e+00
      vertex   4.264439e+00 -1.436857e+00 -3.968627e+00
    endloop
  endfacet
  facet normal 6.821105e-01 -2.576073e-01 -6.843711e-01
    outer loop
      vertex   4.020552e+00 -1.354682e+00 -4.242641e+00
      vertex   4.264439e+00 -1.436857e+00 -3.968627e+00
      vertex   3.912320e+00 -1.641264e+00 -4.242641e+00
    endloop
  endfacet
  facet normal 6.821105e-01 -2.576073e-01 -6.843711e-01
    outer loop
      vertex   3.912320e+00 -1.641264e+00 -4.242641e+00
      vertex   4.264439e+00 -1.436857e+00 -3.968627e+00
      vertex   4.149642e+00 -1.740824e+00 -3.968627e+00
    endloop
  endfacet
  facet normal 6.617440e-01 -3.061554e-01 -6.843711e-01
    outer loop
      vertex   3.912320e+00 -1.641264e+00 -4.242641e+00
      vertex   4.149642e+00 -1.740824e+00 -3.968627e+00
      vertex   3.783692e+00 -1.919290e+00 -4.242641e+00
    endloop
  endfacet
  facet normal 6.617440e-01 -3.061554e-01 -6.843711e-01
    outer loop
      vertex   3.783692e+00 -1.919290e+00 -4.242641e+00
      vertex   4.149642e+00 -1.740824e+00 -3.968627e+00
      vertex   4.013211e+00 -2.035715e+00 -3.968627e+00
    endloop
  endfacet
  facet normal 6.379275e-01 -3.531073e-01 -6.843711e-01
    outer loop
      vertex   3.783692e+00 -1.919290e+00 -4.242641e+00
      vertex   4.013211e+00 -2.035715e+00 -3.968627e+00
      vertex   3.635337e+00 -2.187310e+00 -4.242641e+00
    endloop
  endfacet
  facet normal 6.379275e-01 -3.531073e-01 -6.843711e-01
    outer loop
      vertex   3.635337e+00 -2.187310e+00 -4.242641e+00
      vertex   4.013211e+00 -2.035715e+00 -3.968627e+00
      vertex   3.855857e+00 -2.319992e+00 -3.968627e+00
    endloop
  endfacet
  facet normal 6.107851e-01 -3.982182e-01 -6.843711e-01
    outer loop
      vertex   3.635337e+00 -2.187310e+00 -4.242641e+00
      vertex   3.855857e+00 -2.319992e+00 -3.968627e+00
      vertex   3.468029e+00 -2.443926e+00 -4.242641e+00
    endloop
  endfacet
  facet normal 6.107851e-01 -3.982182e-01 -6.843711e-01
    outer loop
      vertex   3.468029e+00 -2.443926e+00 -4.242641e+00
      vertex   3.855857e+00 -2.319992e+00 -3.968627e+00
      vertex   3.678401e+00 -2.592175e+00 -3.968627e+00
    endloop
  endfacet
  facet normal 5.804584e-01 -4.412530e-01 -6.843711e-01
    outer loop
      vertex   3.468029e+00 -2.443926e+00 -4.242641e+00
      vertex   3.678401e+00 -2.592175e+00 -3.968627e+00
      vertex   3.282641e+00 -2.687800e+00 -4.242641e+00
    endloop
  endfacet
  facet normal 5.804584e-01 -4.412530e-01 -6.843711e-01
    outer loop
      vertex   3.282641e+00 -2.687800e+00 -4.242641e+00
      vertex   3.678401e+00 -2.592175e+00 -3.968627e+00
      vertex   3.481766e+00 -2.850843e+00 -3.968627e+00
    endloop
  endfacet
  facet normal 5.471055e-01 -4.819874e-01 -6.843711e-01
    outer loop
      vertex   3.282641e+00 -2.687800e+00 -4.242641e+00
      vertex   3.481766e+00 -2.850843e+00 -3.968627e+00
      vertex   3.080138e+00 -2.917662e+00 -4.242641e+00
    endloop
  endfacet
  facet normal 5.471055e-01 -4.819874e-01 -6.843711e-01
    outer loop
      vertex   3.080138e+00 -2.917662e+00 -4.242641e+00
      vertex   3.481766e+00 -2.850843e+00 -3.968627e+00
      vertex   3.266980e+00 -3.094648e+00 -3.968627e+00
    endloop
  endfacet
  facet normal 5.109002e-01 -5.202088e-01 -6.843711e-01
    outer loop
      vertex   3.080138e+00 -2.917662e+00 -4.242641e+00
      vertex   3.266980e+00 -3.094648e+00 -3.968627e+00
      vertex   2.861577e+00 -3.132312e+00 -4.242641e+00
    endloop
  endfacet
  facet normal 5.109002e-01 -5.202088e-01 -6.843711e-01
    outer loop
      vertex   2.861577e+00 -3.132312e+00 -4.242641e+00
      vertex   3.266980e+00 -3.094648e+00 -3.968627e+00
      vertex   3.035161e+00 -3.322318e+00 -3.968627e+00
    endloop
  endfacet
  facet normal 4.720313e-01 -5.557182e-01 -6.843711e-01
    outer loop
      vertex   2.861577e+00 -3.132312e+00 -4.242641e+00
      vertex   3.035161e+00 -3.322318e+00 -3.968627e+00
      vertex   2.628097e+00 -3.330632e+00 -4.242641e+00
    endloop
  endfacet
  facet normal 4.720313e-01 -5.557182e-01 -6.843711e-01
    outer loop
      vertex   2.628097e+00 -3.330632e+00 -4.242641e+00
      vertex   3.035161e+00 -3.322318e+00 -3.968627e+00
      vertex   2.787518e+00 -3.532668e+00 -3.968627e+00
    endloop
  endfacet
  facet normal 4.307014e-01 -5.883303e-01 -6.843711e-01
    outer loop
      vertex   2.628097e+00 -3.330632e+00 -4.242641e+00
      vertex   2.787518e+00 -3.532668e+00 -3.968627e+00
      vertex   2.380915e+00 -3.511587e+00 -4.242641e+00
    endloop
  endfacet
  facet normal 4.307014e-01 -5.883303e-01 -6.843711e-01
    outer loop
      vertex   2.380915e+00 -3.511587e+00 -4.242641e+00
      vertex   2.787518e+00 -3.532668e+00 -3.968627e+00
      vertex   2.525342e+00 -3.724600e+00 -3.968627e+00
    endloop
  endfacet
  facet normal 3.871261e-01 -6.178751e-01 -6.843711e-01
    outer loop
      vertex   2.380915e+00 -3.511587e+00 -4.242641e+00
      vertex   2.525342e+00 -3.724600e+00 -3.968627e+00
      vertex   2.121320e+00 -3.674235e+00 -4.242641e+00
    endloop
  endfacet
  facet normal -2.866189e-01 6.681760e-01 -6.865788e-01
    outer loop
      vertex   -1.884658e+00 4.000000e+00 -4.055621e+00
      vertex   -1.558328e+00 4.000000e+00 -4.191851e+00
      vertex   -1.711630e+00 3.882051e+00 -4.242641e+00
    endloop
  endfacet
  facet normal -2.565277e-01 6.438360e-01 -7.208806e-01
    outer loop
      vertex   -1.711630e+00 3.882051e+00 -4.242641e+00
      vertex   -1.558328e+00 4.000000e+00 -4.191851e+00
      vertex   -1.427049e+00 3.995439e+00 -4.242641e+00
    endloop
  endfacet
  facet normal -1.628427e-01 8.520840e-01 -4.974285e-01
    outer loop
      vertex   -1.558328e+00 4.000000e+00 -4.191851e+00
      vertex   -1.222254e+00 4.000000e+00 -4.301871e+00
      vertex   -1.427049e+00 3.995439e+00 -4.242641e+00
    endloop
  endfacet
  facet normal 2.328334e-01 6.632844e-01 -7.112260e-01
    outer loop
      vertex   1.222254e+00 4.000000e+00 -4.301871e+00
      vertex   1.558328e+00 4.000000e+00 -4.191851e+00
      vertex   1.570363e+00 3.941314e+00 -4.242641e+00
    endloop
  endfacet
  facet normal 2.895394e-01 6.596372e-01 -6.935746e-01
    outer loop
      vertex   1.570363e+00 3.941314e+00 -4.242641e+00
      vertex   1.558328e+00 4.000000e+00 -4.191851e+00
      vertex   1.884658e+00 4.000000e+00 -4.055621e+00
    endloop
  endfacet
  facet normal 3.446568e-01 6.565759e-01 -6.709097e-01
    outer loop
      vertex   1.884658e+00 4.000000e+00 -4.055621e+00
      vertex   2.199204e+00 4.000000e+00 -3.894034e+00
      vertex   2.250000e+00 3.897114e+00 -3.968627e+00
    endloop
  endfacet
  facet normal 3.954503e-01 6.590544e-01 -6.397393e-01
    outer loop
      vertex   2.250000e+00 3.897114e+00 -3.968627e+00
      vertex   2.199204e+00 4.000000e+00 -3.894034e+00
      vertex   2.500000e+00 4.000000e+00 -3.708099e+00
    endloop
  endfacet
  facet normal 4.057152e-01 6.475443e-01 -6.450439e-01
    outer loop
      vertex   2.250000e+00 3.897114e+00 -3.968627e+00
      vertex   2.500000e+00 4.000000e+00 -3.708099e+00
      vertex   2.525342e+00 3.724600e+00 -3.968627e+00
    endloop
  endfacet
  facet normal 4.253435e-01 6.423043e-01 -6.375956e-01
    outer loop
      vertex   2.525342e+00 3.724600e+00 -3.968627e+00
      vertex   2.500000e+00 4.000000e+00 -3.708099e+00
      vertex   2.659855e+00 3.922993e+00 -3.679034e+00
    endloop
  endfacet
  facet normal 4.551701e-01 6.217540e-01 -6.373713e-01
    outer loop
      vertex   2.525342e+00 3.724600e+00 -3.968627e+00
      vertex   2.659855e+00 3.922993e+00 -3.679034e+00
      vertex   2.787518e+00 3.532668e+00 -3.968627e+00
    endloop
  endfacet
  facet normal 4.551701e-01 6.217540e-01 -6.373713e-01
    outer loop
      vertex   2.787518e+00 3.532668e+00 -3.968627e+00
      vertex   2.659855e+00 3.922993e+00 -3.679034e+00
      vertex   2.935996e+00 3.720838e+00 -3.679034e+00
    endloop
  endfacet
  facet normal 4.988479e-01 5.872892e-01 -6.373713e-01
    outer loop
      vertex   2.787518e+00 3.532668e+00 -3.968627e+00
      vertex   2.935996e+00 3.720838e+00 -3.679034e+00
      vertex   3.035161e+00 3.322318e+00 -3.968627e+00
    endloop
  endfacet
  facet normal 4.988479e-01 5.872892e-01 -6.373713e-01
    outer loop
      vertex   3.035161e+00 3.322318e+00 -3.968627e+00
      vertex   2.935996e+00 3.720838e+00 -3.679034e+00
      vertex   3.196830e+00 3.499283e+00 -3.679034e+00
    endloop
  endfacet
  facet normal 5.399250e-01 5.497625e-01 -6.373713e-01
    outer loop
      vertex   3.035161e+00 3.322318e+00 -3.968627e+00
      vertex   3.196830e+00 3.499283e+00 -3.679034e+00
      vertex   3.266980e+00 3.094648e+00 -3.968627e+00
    endloop
  endfacet
  facet normal 5.399250e-01 5.497625e-01 -6.373713e-01
    outer loop
      vertex   3.266980e+00 3.094648e+00 -3.968627e+00
      vertex   3.196830e+00 3.499283e+00 -3.679034e+00
      vertex   3.440997e+00 3.259485e+00 -3.679034e+00
    endloop
  endfacet
  facet normal 5.781872e-01 5.093696e-01 -6.373713e-01
    outer loop
      vertex   3.266980e+00 3.094648e+00 -3.968627e+00
      vertex   3.440997e+00 3.259485e+00 -3.679034e+00
      vertex   3.481766e+00 2.850843e+00 -3.968627e+00
    endloop
  endfacet
  facet normal 5.781872e-01 5.093696e-01 -6.373713e-01
    outer loop
      vertex   3.481766e+00 2.850843e+00 -3.968627e+00
      vertex   3.440997e+00 3.259485e+00 -3.679034e+00
      vertex   3.667224e+00 3.002694e+00 -3.679034e+00
    endloop
  endfacet
  facet normal 6.134350e-01 4.663211e-01 -6.373713e-01
    outer loop
      vertex   3.481766e+00 2.850843e+00 -3.968627e+00
      vertex   3.667224e+00 3.002694e+00 -3.679034e+00
      vertex   3.678401e+00 2.592175e+00 -3.968627e+00
    endloop
  endfacet
  facet normal 6.134350e-01 4.663211e-01 -6.373713e-01
    outer loop
      vertex   3.678401e+00 2.592175e+00 -3.968627e+00
      vertex   3.667224e+00 3.002694e+00 -3.679034e+00
      vertex   3.874332e+00 2.730248e+00 -3.679034e+00
    endloop
  endfacet
  facet normal 6.454846e-01 4.208414e-01 -6.373713e-01
    outer loop
      vertex   3.678401e+00 2.592175e+00 -3.968627e+00
      vertex   3.874332e+00 2.730248e+00 -3.679034e+00
      vertex   3.855857e+00 2.319992e+00 -3.968627e+00
    endloop
  endfacet
  facet normal 6.454846e-01 4.208414e-01 -6.373713e-01
    outer loop
      vertex   3.855857e+00 2.319992e+00 -3.968627e+00
      vertex   3.874332e+00 2.730248e+00 -3.679034e+00
      vertex   4.061241e+00 2.443568e+00 -3.679034e+00
    endloop
  endfacet
  facet normal 6.742147e-01 3.730878e-01 -6.373697e-01
    outer loop
      vertex   3.855857e+00 2.319992e+00 -3.968627e+00
      vertex   4.061241e+00 2.443568e+00 -3.679034e+00
      vertex   4.013698e+00 2.034756e+00 -3.968627e+00
    endloop
  endfacet
  facet normal 6.742598e-01 3.730602e-01 -6.373381e-01
    outer loop
      vertex   4.013698e+00 2.034756e+00 -3.968627e+00
      vertex   4.061241e+00 2.443568e+00 -3.679034e+00
      vertex   4.227745e+00 2.142633e+00 -3.679034e+00
    endloop
  endfacet
  facet normal 6.993517e-01 3.234531e-01 -6.374051e-01
    outer loop
      vertex   4.013698e+00 2.034756e+00 -3.968627e+00
      vertex   4.227745e+00 2.142633e+00 -3.679034e+00
      vertex   4.149642e+00 1.740824e+00 -3.968627e+00
    endloop
  endfacet
  facet normal 6.993946e-01 3.234222e-01 -6.373737e-01
    outer loop
      vertex   4.149642e+00 1.740824e+00 -3.968627e+00
      vertex   4.227745e+00 2.142633e+00 -3.679034e+00
      vertex   4.370675e+00 1.833550e+00 -3.679034e+00
    endloop
  endfacet
  facet normal 7.208620e-01 2.722423e-01 -6.373713e-01
    outer loop
      vertex   4.149642e+00 1.740824e+00 -3.968627e+00
      vertex   4.370675e+00 1.833550e+00 -3.679034e+00
      vertex   4.264439e+00 1.436857e+00 -3.968627e+00
    endloop
  endfacet
  facet normal 7.208620e-01 2.722423e-01 -6.373713e-01
    outer loop
      vertex   4.264439e+00 1.436857e+00 -3.968627e+00
      vertex   4.370675e+00 1.833550e+00 -3.679034e+00
      vertex   4.491587e+00 1.513392e+00 -3.679034e+00
    endloop
  endfacet
  facet normal 7.386272e-01 2.195169e-01 -6.373713e-01
    outer loop
      vertex   4.264439e+00 1.436857e+00 -3.968627e+00
      vertex   4.491587e+00 1.513392e+00 -3.679034e+00
      vertex   4.357003e+00 1.125399e+00 -3.968627e+00
    endloop
  endfacet
  facet normal 7.386272e-01 2.195169e-01 -6.373713e-01
    outer loop
      vertex   4.357003e+00 1.125399e+00 -3.968627e+00
      vertex   4.491587e+00 1.513392e+00 -3.679034e+00
      vertex   4.589081e+00 1.185344e+00 -3.679034e+00
    endloop
  endfacet
  facet normal 7.525416e-01 1.656469e-01 -6.373713e-01
    outer loop
      vertex   4.357003e+00 1.125399e+00 -3.968627e+00
      vertex   4.589081e+00 1.185344e+00 -3.679034e+00
      vertex   4.426852e+00 8.080737e-01 -3.968627e+00
    endloop
  endfacet
  facet normal 7.525416e-01 1.656469e-01 -6.373713e-01
    outer loop
      vertex   4.426852e+00 8.080737e-01 -3.968627e+00
      vertex   4.589081e+00 1.185344e+00 -3.679034e+00
      vertex   4.662650e+00 8.511162e-01 -3.679034e+00
    endloop
  endfacet
  facet normal 7.625327e-01 1.109134e-01 -6.373713e-01
    outer loop
      vertex   4.426852e+00 8.080737e-01 -3.968627e+00
      vertex   4.662650e+00 8.511162e-01 -3.679034e+00
      vertex   4.473621e+00 4.865356e-01 -3.968627e+00
    endloop
  endfacet
  facet normal 7.625327e-01 1.109134e-01 -6.373713e-01
    outer loop
      vertex   4.473621e+00 4.865356e-01 -3.968627e+00
      vertex   4.662650e+00 8.511162e-01 -3.679034e+00
      vertex   4.711910e+00 5.124511e-01 -3.679034e+00
    endloop
  endfacet
  facet normal 7.685482e-01 5.560165e-02 -6.373713e-01
    outer loop
      vertex   4.473621e+00 4.865356e-01 -3.968627e+00
      vertex   4.711910e+00 5.124511e-01 -3.679034e+00
      vertex   4.497066e+00 1.624609e-01 -3.968627e+00
    endloop
  endfacet
  facet normal 7.685482e-01 5.560165e-02 -6.373713e-01
    outer loop
      vertex   4.497066e+00 1.624609e-01 -3.968627e+00
      vertex   4.711910e+00 5.124511e-01 -3.679034e+00
      vertex   4.736605e+00 1.711144e-01 -3.679034e+00
    endloop
  endfacet
  facet normal 7.705568e-01 0.000000e+00 -6.373713e-01
    outer loop
      vertex   4.497066e+00 1.624609e-01 -3.968627e+00
      vertex   4.736605e+00 1.711144e-01 -3.679034e+00
      vertex   4.497066e+00 -1.624609e-01 -3.968627e+00
    endloop
  endfacet
  facet normal 7.705568e-01 0.000000e+00 -6.373713e-01
    outer loop
      vertex   4.497066e+00 -1.624609e-01 -3.968627e+00
      vertex   4.736605e+00 1.711144e-01 -3.679034e+00
      vertex   4.736605e+00 -1.711144e-01 -3.679034e+00
    endloop
  endfacet
  facet normal 7.685482e-01 -5.560165e-02 -6.373713e-01
    outer loop
      vertex   4.497066e+00 -1.624609e-01 -3.968627e+00
      vertex   4.736605e+00 -1.711144e-01 -3.679034e+00
      vertex   4.473621e+00 -4.865356e-01 -3.968627e+00
    endloop
  endfacet
  facet normal 7.685482e-01 -5.560165e-02 -6.373713e-01
    outer loop
      vertex   4.473621e+00 -4.865356e-01 -3.968627e+00
      vertex   4.736605e+00 -1.711144e-01 -3.679034e+00
      vertex   4.711910e+00 -5.124511e-01 -3.679034e+00
    endloop
  endfacet
  facet normal 7.625327e-01 -1.109134e-01 -6.373713e-01
    outer loop
      vertex   4.473621e+00 -4.865356e-01 -3.968627e+00
      vertex   4.711910e+00 -5.124511e-01 -3.679034e+00
      vertex   4.426852e+00 -8.080737e-01 -3.968627e+00
    endloop
  endfacet
  facet normal 7.625327e-01 -1.109134e-01 -6.373713e-01
    outer loop
      vertex   4.426852e+00 -8.080737e-01 -3.968627e+00
      vertex   4.711910e+00 -5.124511e-01 -3.679034e+00
      vertex   4.662650e+00 -8.511162e-01 -3.679034e+00
    endloop
  endfacet
  facet normal 7.525416e-01 -1.656469e-01 -6.373713e-01
    outer loop
      vertex   4.426852e+00 -8.080737e-01 -3.968627e+00
      vertex   4.662650e+00 -8.511162e-01 -3.679034e+00
      vertex   4.357003e+00 -1.125399e+00 -3.968627e+00
    endloop
  endfacet
  facet normal 7.525416e-01 -1.656469e-01 -6.373713e-01
    outer loop
      vertex   4.357003e+00 -1.125399e+00 -3.968627e+00
      vertex   4.662650e+00 -8.511162e-01 -3.679034e+00
      vertex   4.589081e+00 -1.185344e+00 -3.679034e+00
    endloop
  endfacet
  facet normal 7.386272e-01 -2.195169e-01 -6.373713e-01
    outer loop
      vertex   4.357003e+00 -1.125399e+00 -3.968627e+00
      vertex   4.589081e+00 -1.185344e+00 -3.679034e+00
      vertex   4.264439e+00 -1.436857e+00 -3.968627e+00
    endloop
  endfacet
  facet normal 7.386272e-01 -2.195169e-01 -6.373713e-01
    outer loop
      vertex   4.264439e+00 -1.436857e+00 -3.968627e+00
      vertex   4.589081e+00 -1.185344e+00 -3.679034e+00
      vertex   4.491587e+00 -1.513392e+00 -3.679034e+00
    endloop
  endfacet
  facet normal 7.208620e-01 -2.722423e-01 -6.373713e-01
    outer loop
      vertex   4.264439e+00 -1.436857e+00 -3.968627e+00
      vertex   4.491587e+00 -1.513392e+00 -3.679034e+00
      vertex   4.149642e+00 -1.740824e+00 -3.968627e+00
    endloop
  endfacet
  facet normal 7.208620e-01 -2.722423e-01 -6.373713e-01
    outer loop
      vertex   4.149642e+00 -1.740824e+00 -3.968627e+00
      vertex   4.491587e+00 -1.513392e+00 -3.679034e+00
      vertex   4.370675e+00 -1.833550e+00 -3.679034e+00
    endloop
  endfacet
  facet normal 6.993384e-01 -3.235484e-01 -6.373713e-01
    outer loop
      vertex   4.149642e+00 -1.740824e+00 -3.968627e+00
      vertex   4.370675e+00 -1.833550e+00 -3.679034e+00
      vertex   4.013211e+00 -2.035715e+00 -3.968627e+00
    endloop
  endfacet
  facet normal 6.993384e-01 -3.235484e-01 -6.373713e-01
    outer loop
      vertex   4.013211e+00 -2.035715e+00 -3.968627e+00
      vertex   4.370675e+00 -1.833550e+00 -3.679034e+00
      vertex   4.226977e+00 -2.144148e+00 -3.679034e+00
    endloop
  endfacet
  facet normal 6.741689e-01 -3.731677e-01 -6.373713e-01
    outer loop
      vertex   4.013211e+00 -2.035715e+00 -3.968627e+00
      vertex   4.226977e+00 -2.144148e+00 -3.679034e+00
      vertex   3.855857e+00 -2.319992e+00 -3.968627e+00
    endloop
  endfacet
  facet normal 6.741689e-01 -3.731677e-01 -6.373713e-01
    outer loop
      vertex   3.855857e+00 -2.319992e+00 -3.968627e+00
      vertex   4.226977e+00 -2.144148e+00 -3.679034e+00
      vertex   4.061241e+00 -2.443568e+00 -3.679034e+00
    endloop
  endfacet
  facet normal 6.454846e-01 -4.208414e-01 -6.373713e-01
    outer loop
      vertex   3.855857e+00 -2.319992e+00 -3.968627e+00
      vertex   4.061241e+00 -2.443568e+00 -3.679034e+00
      vertex   3.678401e+00 -2.592175e+00 -3.968627e+00
    endloop
  endfacet
  facet normal 6.454846e-01 -4.208414e-01 -6.373713e-01
    outer loop
      vertex   3.678401e+00 -2.592175e+00 -3.968627e+00
      vertex   4.061241e+00 -2.443568e+00 -3.679034e+00
      vertex   3.874332e+00 -2.730248e+00 -3.679034e+00
    endloop
  endfacet
  facet normal 6.134350e-01 -4.663211e-01 -6.373713e-01
    outer loop
      vertex   3.678401e+00 -2.592175e+00 -3.968627e+00
      vertex   3.874332e+00 -2.730248e+00 -3.679034e+00
      vertex   3.481766e+00 -2.850843e+00 -3.968627e+00
    endloop
  endfacet
  facet normal 6.134350e-01 -4.663211e-01 -6.373713e-01
    outer loop
      vertex   3.481766e+00 -2.850843e+00 -3.968627e+00
      vertex   3.874332e+00 -2.730248e+00 -3.679034e+00
      vertex   3.667224e+00 -3.002694e+00 -3.679034e+00
    endloop
  endfacet
  facet normal 5.781872e-01 -5.093696e-01 -6.373713e-01
    outer loop
      vertex   3.481766e+00 -2.850843e+00 -3.968627e+00
      vertex   3.667224e+00 -3.002694e+00 -3.679034e+00
      vertex   3.266980e+00 -3.094648e+00 -3.968627e+00
    endloop
  endfacet
  facet normal 5.781872e-01 -5.093696e-01 -6.373713e-01
    outer loop
      vertex   3.266980e+00 -3.094648e+00 -3.968627e+00
      vertex   3.667224e+00 -3.002694e+00 -3.679034e+00
      vertex   3.440997e+00 -3.259485e+00 -3.679034e+00
    endloop
  endfacet
  facet normal 5.399250e-01 -5.497625e-01 -6.373713e-01
    outer loop
      vertex   3.266980e+00 -3.094648e+00 -3.968627e+00
      vertex   3.440997e+00 -3.259485e+00 -3.679034e+00
      vertex   3.035161e+00 -3.322318e+00 -3.968627e+00
    endloop
  endfacet
  facet normal 5.399250e-01 -5.497625e-01 -6.373713e-01
    outer loop
      vertex   3.035161e+00 -3.322318e+00 -3.968627e+00
      vertex   3.440997e+00 -3.259485e+00 -3.679034e+00
      vertex   3.196830e+00 -3.499283e+00 -3.679034e+00
    endloop
  endfacet
  facet normal 4.988479e-01 -5.872892e-01 -6.373713e-01
    outer loop
      vertex   3.035161e+00 -3.322318e+00 -3.968627e+00
      vertex   3.196830e+00 -3.499283e+00 -3.679034e+00
      vertex   2.787518e+00 -3.532668e+00 -3.968627e+00
    endloop
  endfacet
  facet normal 4.988479e-01 -5.872892e-01 -6.373713e-01
    outer loop
      vertex   2.787518e+00 -3.532668e+00 -3.968627e+00
      vertex   3.196830e+00 -3.499283e+00 -3.679034e+00
      vertex   2.935996e+00 -3.720838e+00 -3.679034e+00
    endloop
  endfacet
  facet normal 4.551701e-01 -6.217540e-01 -6.373713e-01
    outer loop
      vertex   2.787518e+00 -3.532668e+00 -3.968627e+00
      vertex   2.935996e+00 -3.720838e+00 -3.679034e+00
      vertex   2.525342e+00 -3.724600e+00 -3.968627e+00
    endloop
  endfacet
  facet normal 4.551701e-01 -6.217540e-01 -6.373713e-01
    outer loop
      vertex   2.525342e+00 -3.724600e+00 -3.968627e+00
      vertex   2.935996e+00 -3.720838e+00 -3.679034e+00
      vertex   2.659855e+00 -3.922993e+00 -3.679034e+00
    endloop
  endfacet
  facet normal 4.308322e-01 6.634658e-01 -6.117162e-01
    outer loop
      vertex   2.500000e+00 4.000000e+00 -3.708099e+00
      vertex   2.649217e+00 4.000000e+00 -3.603005e+00
      vertex   2.659855e+00 3.922993e+00 -3.679034e+00
    endloop
  endfacet
  facet normal 4.598172e-01 6.552533e-01 -5.993424e-01
    outer loop
      vertex   2.659855e+00 3.922993e+00 -3.679034e+00
      vertex   2.649217e+00 4.000000e+00 -3.603005e+00
      vertex   2.794022e+00 4.000000e+00 -3.491911e+00
    endloop
  endfacet
  facet normal 4.712948e-01 6.437801e-01 -6.028503e-01
    outer loop
      vertex   2.659855e+00 3.922993e+00 -3.679034e+00
      vertex   2.794022e+00 4.000000e+00 -3.491911e+00
      vertex   2.935996e+00 3.720838e+00 -3.679034e+00
    endloop
  endfacet
  facet normal 4.903625e-01 6.434175e-01 -5.878423e-01
    outer loop
      vertex   2.935996e+00 3.720838e+00 -3.679034e+00
      vertex   2.794022e+00 4.000000e+00 -3.491911e+00
      vertex   2.934174e+00 4.000000e+00 -3.375000e+00
    endloop
  endfacet
  facet normal 5.064351e-01 6.366588e-01 -5.815402e-01
    outer loop
      vertex   2.935996e+00 3.720838e+00 -3.679034e+00
      vertex   2.934174e+00 4.000000e+00 -3.375000e+00
      vertex   3.237535e+00 3.758689e+00 -3.375000e+00
    endloop
  endfacet
  facet normal 5.211530e-01 6.135487e-01 -5.932601e-01
    outer loop
      vertex   2.935996e+00 3.720838e+00 -3.679034e+00
      vertex   3.237535e+00 3.758689e+00 -3.375000e+00
      vertex   3.196830e+00 3.499283e+00 -3.679034e+00
    endloop
  endfacet
  facet normal 5.544317e-01 5.949932e-01 -5.818837e-01
    outer loop
      vertex   3.196830e+00 3.499283e+00 -3.679034e+00
      vertex   3.237535e+00 3.758689e+00 -3.375000e+00
      vertex   3.521128e+00 3.494429e+00 -3.375000e+00
    endloop
  endfacet
  facet normal 5.643242e-01 5.746063e-01 -5.927611e-01
    outer loop
      vertex   3.196830e+00 3.499283e+00 -3.679034e+00
      vertex   3.521128e+00 3.494429e+00 -3.375000e+00
      vertex   3.440997e+00 3.259485e+00 -3.679034e+00
    endloop
  endfacet
  facet normal 5.988591e-01 5.495777e-01 -5.825222e-01
    outer loop
      vertex   3.440997e+00 3.259485e+00 -3.679034e+00
      vertex   3.521128e+00 3.494429e+00 -3.375000e+00
      vertex   3.783223e+00 3.208832e+00 -3.375000e+00
    endloop
  endfacet
  facet normal 6.047573e-01 5.327772e-01 -5.919604e-01
    outer loop
      vertex   3.440997e+00 3.259485e+00 -3.679034e+00
      vertex   3.783223e+00 3.208832e+00 -3.375000e+00
      vertex   3.667224e+00 3.002694e+00 -3.679034e+00
    endloop
  endfacet
  facet normal 6.394151e-01 5.007288e-01 -5.834543e-01
    outer loop
      vertex   3.667224e+00 3.002694e+00 -3.679034e+00
      vertex   3.783223e+00 3.208832e+00 -3.375000e+00
      vertex   4.022217e+00 2.903643e+00 -3.375000e+00
    endloop
  endfacet
  facet normal 6.422697e-01 4.882407e-01 -5.908558e-01
    outer loop
      vertex   3.667224e+00 3.002694e+00 -3.679034e+00
      vertex   4.022217e+00 2.903643e+00 -3.375000e+00
      vertex   3.874332e+00 2.730248e+00 -3.679034e+00
    endloop
  endfacet
  facet normal 6.758265e-01 4.487879e-01 -5.846777e-01
    outer loop
      vertex   3.874332e+00 2.730248e+00 -3.679034e+00
      vertex   4.022217e+00 2.903643e+00 -3.375000e+00
      vertex   4.236654e+00 2.580725e+00 -3.375000e+00
    endloop
  endfacet
  facet normal 6.766899e-01 4.411866e-01 -5.894448e-01
    outer loop
      vertex   3.874332e+00 2.730248e+00 -3.679034e+00
      vertex   4.236654e+00 2.580725e+00 -3.375000e+00
      vertex   4.061241e+00 2.443568e+00 -3.679034e+00
    endloop
  endfacet
  facet normal 7.078507e-01 3.941184e-01 -5.861895e-01
    outer loop
      vertex   4.061241e+00 2.443568e+00 -3.679034e+00
      vertex   4.236654e+00 2.580725e+00 -3.375000e+00
      vertex   4.425222e+00 2.242050e+00 -3.375000e+00
    endloop
  endfacet
  facet normal 7.078574e-01 3.916493e-01 -5.878340e-01
    outer loop
      vertex   4.061241e+00 2.443568e+00 -3.679034e+00
      vertex   4.425222e+00 2.242050e+00 -3.375000e+00
      vertex   4.227745e+00 2.142633e+00 -3.679034e+00
    endloop
  endfacet
  facet normal 7.342202e-01 3.395267e-01 -5.879135e-01
    outer loop
      vertex   4.227745e+00 2.142633e+00 -3.679034e+00
      vertex   4.425222e+00 2.242050e+00 -3.375000e+00
      vertex   4.370675e+00 1.833550e+00 -3.679034e+00
    endloop
  endfacet
  facet normal 7.366351e-01 3.377256e-01 -5.859268e-01
    outer loop
      vertex   4.425222e+00 2.242050e+00 -3.375000e+00
      vertex   4.586771e+00 1.889685e+00 -3.375000e+00
      vertex   4.370675e+00 1.833550e+00 -3.679034e+00
    endloop
  endfacet
  facet normal 7.555420e-01 2.853397e-01 -5.896928e-01
    outer loop
      vertex   4.370675e+00 1.833550e+00 -3.679034e+00
      vertex   4.586771e+00 1.889685e+00 -3.375000e+00
      vertex   4.491587e+00 1.513392e+00 -3.679034e+00
    endloop
  endfacet
  facet normal 7.617486e-01 2.795427e-01 -5.844612e-01
    outer loop
      vertex   4.586771e+00 1.889685e+00 -3.375000e+00
      vertex   4.720314e+00 1.525783e+00 -3.375000e+00
      vertex   4.491587e+00 1.513392e+00 -3.679034e+00
    endloop
  endfacet
  facet normal 7.732074e-01 2.297939e-01 -5.910542e-01
    outer loop
      vertex   4.491587e+00 1.513392e+00 -3.679034e+00
      vertex   4.720314e+00 1.525783e+00 -3.375000e+00
      vertex   4.589081e+00 1.185344e+00 -3.679034e+00
    endloop
  endfacet
  facet normal 7.820645e-01 2.194408e-01 -5.832846e-01
    outer loop
      vertex   4.720314e+00 1.525783e+00 -3.375000e+00
      vertex   4.825036e+00 1.152564e+00 -3.375000e+00
      vertex   4.589081e+00 1.185344e+00 -3.679034e+00
    endloop
  endfacet
  facet normal 7.870169e-01 1.732355e-01 -5.921097e-01
    outer loop
      vertex   4.589081e+00 1.185344e+00 -3.679034e+00
      vertex   4.825036e+00 1.152564e+00 -3.375000e+00
      vertex   4.662650e+00 8.511162e-01 -3.679034e+00
    endloop
  endfacet
  facet normal 7.974335e-01 1.578308e-01 -5.823996e-01
    outer loop
      vertex   4.825036e+00 1.152564e+00 -3.375000e+00
      vertex   4.900297e+00 7.723079e-01 -3.375000e+00
      vertex   4.662650e+00 8.511162e-01 -3.679034e+00
    endloop
  endfacet
  facet normal 7.969182e-01 1.159149e-01 -5.928618e-01
    outer loop
      vertex   4.662650e+00 8.511162e-01 -3.679034e+00
      vertex   4.900297e+00 7.723079e-01 -3.375000e+00
      vertex   4.711910e+00 5.124511e-01 -3.679034e+00
    endloop
  endfacet
  facet normal 8.077427e-01 9.513511e-02 -5.818085e-01
    outer loop
      vertex   4.900297e+00 7.723079e-01 -3.375000e+00
      vertex   4.945639e+00 3.873364e-01 -3.375000e+00
      vertex   4.711910e+00 5.124511e-01 -3.679034e+00
    endloop
  endfacet
  facet normal 8.028740e-01 5.808500e-02 -5.933123e-01
    outer loop
      vertex   4.711910e+00 5.124511e-01 -3.679034e+00
      vertex   4.945639e+00 3.873364e-01 -3.375000e+00
      vertex   4.736605e+00 1.711144e-01 -3.679034e+00
    endloop
  endfacet
  facet normal 8.129163e-01 3.178464e-02 -5.815125e-01
    outer loop
      vertex   4.945639e+00 3.873364e-01 -3.375000e+00
      vertex   4.960784e+00 0.000000e+00 -3.375000e+00
      vertex   4.736605e+00 1.711144e-01 -3.679034e+00
    endloop
  endfacet
  facet normal 8.048617e-01 0.000000e+00 -5.934624e-01
    outer loop
      vertex   4.736605e+00 1.711144e-01 -3.679034e+00
      vertex   4.960784e+00 0.000000e+00 -3.375000e+00
      vertex   4.736605e+00 -1.711144e-01 -3.679034e+00
    endloop
  endfacet
  facet normal 8.128719e-01 -3.159809e-02 -5.815848e-01
    outer loop
      vertex   4.960784e+00 0.000000e+00 -3.375000e+00
      vertex   4.945814e+00 -3.850910e-01 -3.375000e+00
      vertex   4.736605e+00 -1.711144e-01 -3.679034e+00
    endloop
  endfacet
  facet normal 8.028578e-01 -5.808383e-02 -5.933344e-01
    outer loop
      vertex   4.736605e+00 -1.711144e-01 -3.679034e+00
      vertex   4.945814e+00 -3.850910e-01 -3.375000e+00
      vertex   4.711910e+00 -5.124511e-01 -3.679034e+00
    endloop
  endfacet
  facet normal 8.077869e-01 -9.458259e-02 -5.818372e-01
    outer loop
      vertex   4.945814e+00 -3.850910e-01 -3.375000e+00
      vertex   4.900997e+00 -7.678579e-01 -3.375000e+00
      vertex   4.711910e+00 -5.124511e-01 -3.679034e+00
    endloop
  endfacet
  facet normal 7.968538e-01 -1.159056e-01 -5.929502e-01
    outer loop
      vertex   4.711910e+00 -5.124511e-01 -3.679034e+00
      vertex   4.900997e+00 -7.678579e-01 -3.375000e+00
      vertex   4.662650e+00 -8.511162e-01 -3.679034e+00
    endloop
  endfacet
  facet normal 7.976530e-01 -1.569336e-01 -5.823414e-01
    outer loop
      vertex   4.900997e+00 -7.678579e-01 -3.375000e+00
      vertex   4.826601e+00 -1.145991e+00 -3.375000e+00
      vertex   4.662650e+00 -8.511162e-01 -3.679034e+00
    endloop
  endfacet
  facet normal 7.868739e-01 -1.732040e-01 -5.923089e-01
    outer loop
      vertex   4.662650e+00 -8.511162e-01 -3.679034e+00
      vertex   4.826601e+00 -1.145991e+00 -3.375000e+00
      vertex   4.589081e+00 -1.185344e+00 -3.679034e+00
    endloop
  endfacet
  facet normal 7.825423e-01 -2.182341e-01 -5.830964e-01
    outer loop
      vertex   4.826601e+00 -1.145991e+00 -3.375000e+00
      vertex   4.723077e+00 -1.517207e+00 -3.375000e+00
      vertex   4.589081e+00 -1.185344e+00 -3.679034e+00
    endloop
  endfacet
  facet normal 7.729578e-01 -2.297198e-01 -5.914093e-01
    outer loop
      vertex   4.589081e+00 -1.185344e+00 -3.679034e+00
      vertex   4.723077e+00 -1.517207e+00 -3.375000e+00
      vertex   4.491587e+00 -1.513392e+00 -3.679034e+00
    endloop
  endfacet
  facet normal 7.625619e-01 -2.780747e-01 -5.841008e-01
    outer loop
      vertex   4.723077e+00 -1.517207e+00 -3.375000e+00
      vertex   4.591049e+00 -1.879268e+00 -3.375000e+00
      vertex   4.491587e+00 -1.513392e+00 -3.679034e+00
    endloop
  endfacet
  facet normal 7.551614e-01 -2.851959e-01 -5.902495e-01
    outer loop
      vertex   4.491587e+00 -1.513392e+00 -3.679034e+00
      vertex   4.591049e+00 -1.879268e+00 -3.375000e+00
      vertex   4.370675e+00 -1.833550e+00 -3.679034e+00
    endloop
  endfacet
  facet normal 7.378537e-01 -3.360571e-01 -5.853525e-01
    outer loop
      vertex   4.591049e+00 -1.879268e+00 -3.375000e+00
      vertex   4.431313e+00 -2.229986e+00 -3.375000e+00
      vertex   4.370675e+00 -1.833550e+00 -3.679034e+00
    endloop
  endfacet
  facet normal 7.335561e-01 -3.393792e-01 -5.888270e-01
    outer loop
      vertex   4.370675e+00 -1.833550e+00 -3.679034e+00
      vertex   4.431313e+00 -2.229986e+00 -3.375000e+00
      vertex   4.226977e+00 -2.144148e+00 -3.679034e+00
    endloop
  endfacet
  facet normal 7.085928e-01 -3.917967e-01 -5.868488e-01
    outer loop
      vertex   4.431313e+00 -2.229986e+00 -3.375000e+00
      vertex   4.244834e+00 -2.567247e+00 -3.375000e+00
      vertex   4.226977e+00 -2.144148e+00 -3.679034e+00
    endloop
  endfacet
  facet normal 7.082286e-01 -3.920205e-01 -5.871390e-01
    outer loop
      vertex   4.226977e+00 -2.144148e+00 -3.679034e+00
      vertex   4.244834e+00 -2.567247e+00 -3.375000e+00
      vertex   4.061241e+00 -2.443568e+00 -3.679034e+00
    endloop
  endfacet
  facet normal 6.772285e-01 -4.415378e-01 -5.885627e-01
    outer loop
      vertex   4.061241e+00 -2.443568e+00 -3.679034e+00
      vertex   4.244834e+00 -2.567247e+00 -3.375000e+00
      vertex   3.874332e+00 -2.730248e+00 -3.679034e+00
    endloop
  endfacet
  facet normal 6.768034e-01 -4.461231e-01 -5.855863e-01
    outer loop
      vertex   3.874332e+00 -2.730248e+00 -3.679034e+00
      vertex   4.244834e+00 -2.567247e+00 -3.375000e+00
      vertex   4.032737e+00 -2.889014e+00 -3.375000e+00
    endloop
  endfacet
  facet normal 6.427510e-01 -4.886066e-01 -5.900295e-01
    outer loop
      vertex   3.874332e+00 -2.730248e+00 -3.679034e+00
      vertex   4.032737e+00 -2.889014e+00 -3.375000e+00
      vertex   3.667224e+00 -3.002694e+00 -3.679034e+00
    endloop
  endfacet
  facet normal 6.408662e-01 -4.978872e-01 -5.842935e-01
    outer loop
      vertex   3.667224e+00 -3.002694e+00 -3.679034e+00
      vertex   4.032737e+00 -2.889014e+00 -3.375000e+00
      vertex   3.796303e+00 -3.193346e+00 -3.375000e+00
    endloop
  endfacet
  facet normal 6.051577e-01 -5.331300e-01 -5.912331e-01
    outer loop
      vertex   3.667224e+00 -3.002694e+00 -3.679034e+00
      vertex   3.796303e+00 -3.193346e+00 -3.375000e+00
      vertex   3.440997e+00 -3.259485e+00 -3.679034e+00
    endloop
  endfacet
  facet normal 6.008391e-01 -5.466395e-01 -5.832475e-01
    outer loop
      vertex   3.440997e+00 -3.259485e+00 -3.679034e+00
      vertex   3.796303e+00 -3.193346e+00 -3.375000e+00
      vertex   3.536957e+00 -3.478406e+00 -3.375000e+00
    endloop
  endfacet
  facet normal 5.646257e-01 -5.749132e-01 -5.921762e-01
    outer loop
      vertex   3.440997e+00 -3.259485e+00 -3.679034e+00
      vertex   3.536957e+00 -3.478406e+00 -3.375000e+00
      vertex   3.196830e+00 -3.499283e+00 -3.679034e+00
    endloop
  endfacet
  facet normal 5.569838e-01 -5.920477e-01 -5.824505e-01
    outer loop
      vertex   3.196830e+00 -3.499283e+00 -3.679034e+00
      vertex   3.536957e+00 -3.478406e+00 -3.375000e+00
      vertex   3.256266e+00 -3.742473e+00 -3.375000e+00
    endloop
  endfacet
  facet normal 5.213435e-01 -6.137730e-01 -5.928606e-01
    outer loop
      vertex   3.196830e+00 -3.499283e+00 -3.679034e+00
      vertex   3.256266e+00 -3.742473e+00 -3.375000e+00
      vertex   2.935996e+00 -3.720838e+00 -3.679034e+00
    endloop
  endfacet
  facet normal -6.809952e-01 -3.015221e-02 -7.316669e-01
    outer loop
      vertex   -3.953097e+00 -3.507477e-01 -4.500000e+00
      vertex   -4.231581e+00 -3.061394e-01 -4.242641e+00
      vertex   -3.968627e+00 0.000000e+00 -4.500000e+00
    endloop
  endfacet
  facet normal -6.843990e-01 -2.472457e-02 -7.286883e-01
    outer loop
      vertex   -3.968627e+00 0.000000e+00 -4.500000e+00
      vertex   -4.231581e+00 -3.061394e-01 -4.242641e+00
      vertex   -4.242641e+00 -5.195736e-16 -4.242641e+00
    endloop
  endfacet
  facet normal -6.843990e-01 2.472457e-02 -7.286883e-01
    outer loop
      vertex   -3.968627e+00 0.000000e+00 -4.500000e+00
      vertex   -4.242641e+00 -5.195736e-16 -4.242641e+00
      vertex   -4.231581e+00 3.061394e-01 -4.242641e+00
    endloop
  endfacet
  facet normal -7.286586e-01 2.632349e-02 -6.843711e-01
    outer loop
      vertex   -4.231581e+00 3.061394e-01 -4.242641e+00
      vertex   -4.242641e+00 -5.195736e-16 -4.242641e+00
      vertex   -4.500000e+00 -5.510911e-16 -3.968627e+00
    endloop
  endfacet
  facet normal -7.286586e-01 2.632349e-02 -6.843711e-01
    outer loop
      vertex   -4.231581e+00 3.061394e-01 -4.242641e+00
      vertex   -4.500000e+00 -5.510911e-16 -3.968627e+00
      vertex   -4.488270e+00 3.247099e-01 -3.968627e+00
    endloop
  endfacet
  facet normal -7.700545e-01 2.781896e-02 -6.373713e-01
    outer loop
      vertex   -4.488270e+00 3.247099e-01 -3.968627e+00
      vertex   -4.500000e+00 -5.510911e-16 -3.968627e+00
      vertex   -4.739695e+00 -5.804452e-16 -3.679034e+00
    endloop
  endfacet
  facet normal -6.832204e-01 -7.430470e-02 -7.264218e-01
    outer loop
      vertex   -4.231581e+00 -3.061394e-01 -4.242641e+00
      vertex   -3.953097e+00 -3.507477e-01 -4.500000e+00
      vertex   -4.198460e+00 -6.106828e-01 -4.242641e+00
    endloop
  endfacet
  facet normal -6.738749e-01 -8.998156e-02 -7.333457e-01
    outer loop
      vertex   -4.198460e+00 -6.106828e-01 -4.242641e+00
      vertex   -3.953097e+00 -3.507477e-01 -4.500000e+00
      vertex   -3.906629e+00 -6.987503e-01 -4.500000e+00
    endloop
  endfacet
  facet normal -6.770694e-01 -1.235917e-01 -7.254668e-01
    outer loop
      vertex   -4.198460e+00 -6.106828e-01 -4.242641e+00
      vertex   -3.906629e+00 -6.987503e-01 -4.500000e+00
      vertex   -4.143450e+00 -9.120423e-01 -4.242641e+00
    endloop
  endfacet
  facet normal -6.629696e-01 -1.491156e-01 -7.336456e-01
    outer loop
      vertex   -4.143450e+00 -9.120423e-01 -4.242641e+00
      vertex   -3.906629e+00 -6.987503e-01 -4.500000e+00
      vertex   -3.829586e+00 -1.041284e+00 -4.500000e+00
    endloop
  endfacet
  facet normal -6.660043e-01 -1.720266e-01 -7.258410e-01
    outer loop
      vertex   -4.143450e+00 -9.120423e-01 -4.242641e+00
      vertex   -3.829586e+00 -1.041284e+00 -4.500000e+00
      vertex   -4.066838e+00 -1.208647e+00 -4.242641e+00
    endloop
  endfacet
  facet normal -6.482981e-01 -2.074779e-01 -7.325725e-01
    outer loop
      vertex   -4.066838e+00 -1.208647e+00 -4.242641e+00
      vertex   -3.829586e+00 -1.041284e+00 -4.500000e+00
      vertex   -3.722571e+00 -1.375669e+00 -4.500000e+00
    endloop
  endfacet
  facet normal -6.501545e-01 -2.190625e-01 -7.275375e-01
    outer loop
      vertex   -4.066838e+00 -1.208647e+00 -4.242641e+00
      vertex   -3.722571e+00 -1.375669e+00 -4.500000e+00
      vertex   -3.969024e+00 -1.498950e+00 -4.242641e+00
    endloop
  endfacet
  facet normal -6.301546e-01 -2.643572e-01 -7.300825e-01
    outer loop
      vertex   -3.969024e+00 -1.498950e+00 -4.242641e+00
      vertex   -3.722571e+00 -1.375669e+00 -4.500000e+00
      vertex   -3.850516e+00 -1.781439e+00 -4.242641e+00
    endloop
  endfacet
  facet normal -6.723655e-01 -2.820652e-01 -6.843711e-01
    outer loop
      vertex   -3.969024e+00 -1.498950e+00 -4.242641e+00
      vertex   -3.850516e+00 -1.781439e+00 -4.242641e+00
      vertex   -4.084089e+00 -1.889501e+00 -3.968627e+00
    endloop
  endfacet
  facet normal -6.502597e-01 -3.298463e-01 -6.843711e-01
    outer loop
      vertex   -4.084089e+00 -1.889501e+00 -3.968627e+00
      vertex   -3.850516e+00 -1.781439e+00 -4.242641e+00
      vertex   -3.937101e+00 -2.179274e+00 -3.968627e+00
    endloop
  endfacet
  facet normal -6.872017e-01 -3.485853e-01 -6.373713e-01
    outer loop
      vertex   -4.084089e+00 -1.889501e+00 -3.968627e+00
      vertex   -3.937101e+00 -2.179274e+00 -3.968627e+00
      vertex   -4.146813e+00 -2.295354e+00 -3.679034e+00
    endloop
  endfacet
  facet normal -6.602572e-01 -3.972635e-01 -6.373713e-01
    outer loop
      vertex   -4.146813e+00 -2.295354e+00 -3.679034e+00
      vertex   -3.937101e+00 -2.179274e+00 -3.968627e+00
      vertex   -3.970375e+00 -2.588595e+00 -3.679034e+00
    endloop
  endfacet
  facet normal -6.294824e-01 -2.648286e-01 -7.304914e-01
    outer loop
      vertex   -3.722571e+00 -1.375669e+00 -4.500000e+00
      vertex   -3.586422e+00 -1.699287e+00 -4.500000e+00
      vertex   -3.850516e+00 -1.781439e+00 -4.242641e+00
    endloop
  endfacet
  facet normal -6.121204e-01 -3.105001e-01 -7.272539e-01
    outer loop
      vertex   -3.850516e+00 -1.781439e+00 -4.242641e+00
      vertex   -3.586422e+00 -1.699287e+00 -4.500000e+00
      vertex   -3.711934e+00 -2.054639e+00 -4.242641e+00
    endloop
  endfacet
  facet normal -6.502597e-01 -3.298463e-01 -6.843711e-01
    outer loop
      vertex   -3.850516e+00 -1.781439e+00 -4.242641e+00
      vertex   -3.711934e+00 -2.054639e+00 -4.242641e+00
      vertex   -3.937101e+00 -2.179274e+00 -3.968627e+00
    endloop
  endfacet
  facet normal -6.247636e-01 -3.759078e-01 -6.843711e-01
    outer loop
      vertex   -3.937101e+00 -2.179274e+00 -3.968627e+00
      vertex   -3.711934e+00 -2.054639e+00 -4.242641e+00
      vertex   -3.769586e+00 -2.457686e+00 -3.968627e+00
    endloop
  endfacet
  facet normal -6.602572e-01 -3.972635e-01 -6.373713e-01
    outer loop
      vertex   -3.937101e+00 -2.179274e+00 -3.968627e+00
      vertex   -3.769586e+00 -2.457686e+00 -3.968627e+00
      vertex   -3.970375e+00 -2.588595e+00 -3.679034e+00
    endloop
  endfacet
  facet normal -6.298704e-01 -4.438706e-01 -6.373713e-01
    outer loop
      vertex   -3.970375e+00 -2.588595e+00 -3.679034e+00
      vertex   -3.769586e+00 -2.457686e+00 -3.968627e+00
      vertex   -3.773238e+00 -2.868341e+00 -3.679034e+00
    endloop
  endfacet
  facet normal -6.014405e-01 -3.182760e-01 -7.327822e-01
    outer loop
      vertex   -3.586422e+00 -1.699287e+00 -4.500000e+00
      vertex   -3.422205e+00 -2.009605e+00 -4.500000e+00
      vertex   -3.711934e+00 -2.054639e+00 -4.242641e+00
    endloop
  endfacet
  facet normal -5.895079e-01 -3.546952e-01 -7.257215e-01
    outer loop
      vertex   -3.711934e+00 -2.054639e+00 -4.242641e+00
      vertex   -3.422205e+00 -2.009605e+00 -4.500000e+00
      vertex   -3.554000e+00 -2.317128e+00 -4.242641e+00
    endloop
  endfacet
  facet normal -6.247636e-01 -3.759078e-01 -6.843711e-01
    outer loop
      vertex   -3.711934e+00 -2.054639e+00 -4.242641e+00
      vertex   -3.554000e+00 -2.317128e+00 -4.242641e+00
      vertex   -3.769586e+00 -2.457686e+00 -3.968627e+00
    endloop
  endfacet
  facet normal -5.960103e-01 -4.200094e-01 -6.843711e-01
    outer loop
      vertex   -3.769586e+00 -2.457686e+00 -3.968627e+00
      vertex   -3.554000e+00 -2.317128e+00 -4.242641e+00
      vertex   -3.582419e+00 -2.723284e+00 -3.968627e+00
    endloop
  endfacet
  facet normal -6.298704e-01 -4.438706e-01 -6.373713e-01
    outer loop
      vertex   -3.769586e+00 -2.457686e+00 -3.968627e+00
      vertex   -3.582419e+00 -2.723284e+00 -3.968627e+00
      vertex   -3.773238e+00 -2.868341e+00 -3.679034e+00
    endloop
  endfacet
  facet normal -5.961997e-01 -4.881636e-01 -6.373713e-01
    outer loop
      vertex   -3.773238e+00 -2.868341e+00 -3.679034e+00
      vertex   -3.582419e+00 -2.723284e+00 -3.968627e+00
      vertex   -3.556429e+00 -3.133132e+00 -3.679034e+00
    endloop
  endfacet
  facet normal -5.701426e-01 -3.696574e-01 -7.336831e-01
    outer loop
      vertex   -3.422205e+00 -2.009605e+00 -4.500000e+00
      vertex   -3.231204e+00 -2.304196e+00 -4.500000e+00
      vertex   -3.554000e+00 -2.317128e+00 -4.242641e+00
    endloop
  endfacet
  facet normal -5.625564e-01 -3.964344e-01 -7.255136e-01
    outer loop
      vertex   -3.554000e+00 -2.317128e+00 -4.242641e+00
      vertex   -3.231204e+00 -2.304196e+00 -4.500000e+00
      vertex   -3.377537e+00 -2.567537e+00 -4.242641e+00
    endloop
  endfacet
  facet normal -5.960103e-01 -4.200094e-01 -6.843711e-01
    outer loop
      vertex   -3.554000e+00 -2.317128e+00 -4.242641e+00
      vertex   -3.377537e+00 -2.567537e+00 -4.242641e+00
      vertex   -3.582419e+00 -2.723284e+00 -3.968627e+00
    endloop
  endfacet
  facet normal -5.641497e-01 -4.619213e-01 -6.843711e-01
    outer loop
      vertex   -3.582419e+00 -2.723284e+00 -3.968627e+00
      vertex   -3.377537e+00 -2.567537e+00 -4.242641e+00
      vertex   -3.376574e+00 -2.974684e+00 -3.968627e+00
    endloop
  endfacet
  facet normal -5.961997e-01 -4.881636e-01 -6.373713e-01
    outer loop
      vertex   -3.582419e+00 -2.723284e+00 -3.968627e+00
      vertex   -3.376574e+00 -2.974684e+00 -3.968627e+00
      vertex   -3.556429e+00 -3.133132e+00 -3.679034e+00
    endloop
  endfacet
  facet normal -5.594208e-01 -5.299115e-01 -6.373713e-01
    outer loop
      vertex   -3.556429e+00 -3.133132e+00 -3.679034e+00
      vertex   -3.376574e+00 -2.974684e+00 -3.968627e+00
      vertex   -3.321078e+00 -3.381589e+00 -3.679034e+00
    endloop
  endfacet
  facet normal -5.356418e-01 -4.189135e-01 -7.332116e-01
    outer loop
      vertex   -3.231204e+00 -2.304196e+00 -4.500000e+00
      vertex   -3.014915e+00 -2.580754e+00 -4.500000e+00
      vertex   -3.377537e+00 -2.567537e+00 -4.242641e+00
    endloop
  endfacet
  facet normal -5.315688e-01 -4.352443e-01 -7.266340e-01
    outer loop
      vertex   -3.377537e+00 -2.567537e+00 -4.242641e+00
      vertex   -3.014915e+00 -2.580754e+00 -4.500000e+00
      vertex   -3.183465e+00 -2.804559e+00 -4.242641e+00
    endloop
  endfacet
  facet normal -5.641497e-01 -4.619213e-01 -6.843711e-01
    outer loop
      vertex   -3.377537e+00 -2.567537e+00 -4.242641e+00
      vertex   -3.183465e+00 -2.804559e+00 -4.242641e+00
      vertex   -3.376574e+00 -2.974684e+00 -3.968627e+00
    endloop
  endfacet
  facet normal -5.293479e-01 -5.014250e-01 -6.843711e-01
    outer loop
      vertex   -3.376574e+00 -2.974684e+00 -3.968627e+00
      vertex   -3.183465e+00 -2.804559e+00 -4.242641e+00
      vertex   -3.153126e+00 -3.210576e+00 -3.968627e+00
    endloop
  endfacet
  facet normal -5.594208e-01 -5.299115e-01 -6.373713e-01
    outer loop
      vertex   -3.376574e+00 -2.974684e+00 -3.968627e+00
      vertex   -3.153126e+00 -3.210576e+00 -3.968627e+00
      vertex   -3.321078e+00 -3.381589e+00 -3.679034e+00
    endloop
  endfacet
  facet normal -5.197253e-01 -5.688967e-01 -6.373713e-01
    outer loop
      vertex   -3.321078e+00 -3.381589e+00 -3.679034e+00
      vertex   -3.153126e+00 -3.210576e+00 -3.968627e+00
      vertex   -3.068413e+00 -3.612415e+00 -3.679034e+00
    endloop
  endfacet
  facet normal -4.979770e-01 -4.659757e-01 -7.313587e-01
    outer loop
      vertex   -3.014915e+00 -2.580754e+00 -4.500000e+00
      vertex   -2.775029e+00 -2.837113e+00 -4.500000e+00
      vertex   -3.183465e+00 -2.804559e+00 -4.242641e+00
    endloop
  endfacet
  facet normal -4.969059e-01 -4.706943e-01 -7.290620e-01
    outer loop
      vertex   -3.183465e+00 -2.804559e+00 -4.242641e+00
      vertex   -2.775029e+00 -2.837113e+00 -4.500000e+00
      vertex   -2.972795e+00 -3.026960e+00 -4.242641e+00
    endloop
  endfacet
  facet normal -5.293479e-01 -5.014250e-01 -6.843711e-01
    outer loop
      vertex   -3.183465e+00 -2.804559e+00 -4.242641e+00
      vertex   -2.972795e+00 -3.026960e+00 -4.242641e+00
      vertex   -3.153126e+00 -3.210576e+00 -3.968627e+00
    endloop
  endfacet
  facet normal -4.917863e-01 -5.383144e-01 -6.843711e-01
    outer loop
      vertex   -3.153126e+00 -3.210576e+00 -3.968627e+00
      vertex   -2.972795e+00 -3.026960e+00 -4.242641e+00
      vertex   -2.913238e+00 -3.429729e+00 -3.968627e+00
    endloop
  endfacet
  facet normal -5.197253e-01 -5.688967e-01 -6.373713e-01
    outer loop
      vertex   -3.153126e+00 -3.210576e+00 -3.968627e+00
      vertex   -2.913238e+00 -3.429729e+00 -3.968627e+00
      vertex   -3.068413e+00 -3.612415e+00 -3.679034e+00
    endloop
  endfacet
  facet normal -4.773202e-01 -6.049159e-01 -6.373713e-01
    outer loop
      vertex   -3.068413e+00 -3.612415e+00 -3.679034e+00
      vertex   -2.913238e+00 -3.429729e+00 -3.968627e+00
      vertex   -2.799751e+00 -3.824408e+00 -3.679034e+00
    endloop
  endfacet
  facet normal -4.621685e-01 -5.058944e-01 -7.283345e-01
    outer loop
      vertex   -2.972795e+00 -3.026960e+00 -4.242641e+00
      vertex   -2.775029e+00 -2.837113e+00 -4.500000e+00
      vertex   -2.746627e+00 -3.233580e+00 -4.242641e+00
    endloop
  endfacet
  facet normal -4.544200e-01 -5.076882e-01 -7.319530e-01
    outer loop
      vertex   -2.746627e+00 -3.233580e+00 -4.242641e+00
      vertex   -2.775029e+00 -2.837113e+00 -4.500000e+00
      vertex   -2.513426e+00 -3.071268e+00 -4.500000e+00
    endloop
  endfacet
  facet normal -4.258408e-01 -5.396753e-01 -7.262301e-01
    outer loop
      vertex   -2.746627e+00 -3.233580e+00 -4.242641e+00
      vertex   -2.513426e+00 -3.071268e+00 -4.500000e+00
      vertex   -2.506140e+00 -3.423341e+00 -4.242641e+00
    endloop
  endfacet
  facet normal -4.068023e-01 -5.445649e-01 -7.334582e-01
    outer loop
      vertex   -2.506140e+00 -3.423341e+00 -4.242641e+00
      vertex   -2.513426e+00 -3.071268e+00 -4.500000e+00
      vertex   -2.232151e+00 -3.281387e+00 -4.500000e+00
    endloop
  endfacet
  facet normal -3.862564e-01 -5.696856e-01 -7.254408e-01
    outer loop
      vertex   -2.506140e+00 -3.423341e+00 -4.242641e+00
      vertex   -2.232151e+00 -3.281387e+00 -4.500000e+00
      vertex   -2.252586e+00 -3.595255e+00 -4.242641e+00
    endloop
  endfacet
  facet normal -3.570088e-01 -5.782691e-01 -7.335867e-01
    outer loop
      vertex   -2.252586e+00 -3.595255e+00 -4.242641e+00
      vertex   -2.232151e+00 -3.281387e+00 -4.500000e+00
      vertex   -1.933407e+00 -3.465824e+00 -4.500000e+00
    endloop
  endfacet
  facet normal -3.438573e-01 -5.955783e-01 -7.259812e-01
    outer loop
      vertex   -2.252586e+00 -3.595255e+00 -4.242641e+00
      vertex   -1.933407e+00 -3.465824e+00 -4.500000e+00
      vertex   -1.987289e+00 -3.748424e+00 -4.242641e+00
    endloop
  endfacet
  facet normal -3.051057e-01 -6.087586e-01 -7.323411e-01
    outer loop
      vertex   -1.987289e+00 -3.748424e+00 -4.242641e+00
      vertex   -1.933407e+00 -3.465824e+00 -4.500000e+00
      vertex   -1.619532e+00 -3.623136e+00 -4.500000e+00
    endloop
  endfacet
  facet normal 2.760467e-01 -6.260858e-01 -7.292563e-01
    outer loop
      vertex   1.570363e+00 -3.941314e+00 -4.242641e+00
      vertex   1.457683e+00 -3.691227e+00 -4.500000e+00
      vertex   1.850666e+00 -3.817726e+00 -4.242641e+00
    endloop
  endfacet
  facet normal 2.783812e-01 -6.227807e-01 -7.311964e-01
    outer loop
      vertex   1.850666e+00 -3.817726e+00 -4.242641e+00
      vertex   1.457683e+00 -3.691227e+00 -4.500000e+00
      vertex   1.778210e+00 -3.547953e+00 -4.500000e+00
    endloop
  endfacet
  facet normal 3.217518e-01 -6.068883e-01 -7.267478e-01
    outer loop
      vertex   1.850666e+00 -3.817726e+00 -4.242641e+00
      vertex   1.778210e+00 -3.547953e+00 -4.500000e+00
      vertex   2.121320e+00 -3.674235e+00 -4.242641e+00
    endloop
  endfacet
  facet normal 3.313172e-01 -5.939189e-01 -7.331365e-01
    outer loop
      vertex   2.121320e+00 -3.674235e+00 -4.242641e+00
      vertex   1.778210e+00 -3.547953e+00 -4.500000e+00
      vertex   2.084820e+00 -3.376911e+00 -4.500000e+00
    endloop
  endfacet
  facet normal 3.653794e-01 -5.831661e-01 -7.255448e-01
    outer loop
      vertex   2.121320e+00 -3.674235e+00 -4.242641e+00
      vertex   2.084820e+00 -3.376911e+00 -4.500000e+00
      vertex   2.380915e+00 -3.511587e+00 -4.242641e+00
    endloop
  endfacet
  facet normal 3.821732e-01 -5.618159e-01 -7.336938e-01
    outer loop
      vertex   2.380915e+00 -3.511587e+00 -4.242641e+00
      vertex   2.084820e+00 -3.376911e+00 -4.500000e+00
      vertex   2.375113e+00 -3.179440e+00 -4.500000e+00
    endloop
  endfacet
  facet normal 4.064291e-01 -5.551748e-01 -7.256696e-01
    outer loop
      vertex   2.380915e+00 -3.511587e+00 -4.242641e+00
      vertex   2.375113e+00 -3.179440e+00 -4.500000e+00
      vertex   2.628097e+00 -3.330632e+00 -4.242641e+00
    endloop
  endfacet
  facet normal 4.308876e-01 -5.265210e-01 -7.328789e-01
    outer loop
      vertex   2.628097e+00 -3.330632e+00 -4.242641e+00
      vertex   2.375113e+00 -3.179440e+00 -4.500000e+00
      vertex   2.646818e+00 -2.957085e+00 -4.500000e+00
    endloop
  endfacet
  facet normal 4.444376e-01 -5.232323e-01 -7.271198e-01
    outer loop
      vertex   2.628097e+00 -3.330632e+00 -4.242641e+00
      vertex   2.646818e+00 -2.957085e+00 -4.500000e+00
      vertex   2.861577e+00 -3.132312e+00 -4.242641e+00
    endloop
  endfacet
  facet normal 4.773893e-01 -4.880696e-01 -7.306760e-01
    outer loop
      vertex   2.861577e+00 -3.132312e+00 -4.242641e+00
      vertex   2.646818e+00 -2.957085e+00 -4.500000e+00
      vertex   2.897808e+00 -2.711587e+00 -4.500000e+00
    endloop
  endfacet
  facet normal 4.789860e-01 -4.877132e-01 -7.298686e-01
    outer loop
      vertex   2.861577e+00 -3.132312e+00 -4.242641e+00
      vertex   2.897808e+00 -2.711587e+00 -4.500000e+00
      vertex   3.080138e+00 -2.917662e+00 -4.242641e+00
    endloop
  endfacet
  facet normal 5.146721e-01 -4.534143e-01 -7.276868e-01
    outer loop
      vertex   3.080138e+00 -2.917662e+00 -4.242641e+00
      vertex   2.897808e+00 -2.711587e+00 -4.500000e+00
      vertex   3.282641e+00 -2.687800e+00 -4.242641e+00
    endloop
  endfacet
  facet normal 5.172030e-01 -4.427235e-01 -7.324595e-01
    outer loop
      vertex   2.897808e+00 -2.711587e+00 -4.500000e+00
      vertex   3.126119e+00 -2.444868e+00 -4.500000e+00
      vertex   3.282641e+00 -2.687800e+00 -4.242641e+00
    endloop
  endfacet
  facet normal 5.475459e-01 -4.162336e-01 -7.259085e-01
    outer loop
      vertex   3.282641e+00 -2.687800e+00 -4.242641e+00
      vertex   3.126119e+00 -2.444868e+00 -4.500000e+00
      vertex   3.468029e+00 -2.443926e+00 -4.242641e+00
    endloop
  endfacet
  facet normal 5.532898e-01 -3.945552e-01 -7.336189e-01
    outer loop
      vertex   3.126119e+00 -2.444868e+00 -4.500000e+00
      vertex   3.329964e+00 -2.159014e+00 -4.500000e+00
      vertex   3.468029e+00 -2.443926e+00 -4.242641e+00
    endloop
  endfacet
  facet normal 5.765571e-01 -3.759023e-01 -7.254512e-01
    outer loop
      vertex   3.468029e+00 -2.443926e+00 -4.242641e+00
      vertex   3.329964e+00 -2.159014e+00 -4.500000e+00
      vertex   3.635337e+00 -2.187310e+00 -4.242641e+00
    endloop
  endfacet
  facet normal 5.861949e-01 -3.442285e-01 -7.334046e-01
    outer loop
      vertex   3.329964e+00 -2.159014e+00 -4.500000e+00
      vertex   3.507747e+00 -1.856263e+00 -4.500000e+00
      vertex   3.635337e+00 -2.187310e+00 -4.242641e+00
    endloop
  endfacet
  facet normal 6.013730e-01 -3.328735e-01 -7.263234e-01
    outer loop
      vertex   3.635337e+00 -2.187310e+00 -4.242641e+00
      vertex   3.507747e+00 -1.856263e+00 -4.500000e+00
      vertex   3.783692e+00 -1.919290e+00 -4.242641e+00
    endloop
  endfacet
  facet normal 6.158724e-01 -2.918072e-01 -7.318127e-01
    outer loop
      vertex   3.507747e+00 -1.856263e+00 -4.500000e+00
      vertex   3.658077e+00 -1.538984e+00 -4.500000e+00
      vertex   3.783692e+00 -1.919290e+00 -4.242641e+00
    endloop
  endfacet
  facet normal 6.217221e-01 -2.876393e-01 -7.285089e-01
    outer loop
      vertex   3.783692e+00 -1.919290e+00 -4.242641e+00
      vertex   3.658077e+00 -1.538984e+00 -4.500000e+00
      vertex   3.912320e+00 -1.641264e+00 -4.242641e+00
    endloop
  endfacet
  facet normal 6.404947e-01 -2.418906e-01 -7.288727e-01
    outer loop
      vertex   3.912320e+00 -1.641264e+00 -4.242641e+00
      vertex   3.658077e+00 -1.538984e+00 -4.500000e+00
      vertex   4.020552e+00 -1.354682e+00 -4.242641e+00
    endloop
  endfacet
  facet normal 6.395514e-01 -2.363449e-01 -7.315156e-01
    outer loop
      vertex   4.020552e+00 -1.354682e+00 -4.242641e+00
      vertex   3.658077e+00 -1.538984e+00 -4.500000e+00
      vertex   3.779778e+00 -1.209660e+00 -4.500000e+00
    endloop
  endfacet
  facet normal 6.586666e-01 -1.957529e-01 -7.265254e-01
    outer loop
      vertex   4.020552e+00 -1.354682e+00 -4.242641e+00
      vertex   3.779778e+00 -1.209660e+00 -4.500000e+00
      vertex   4.107822e+00 -1.061036e+00 -4.242641e+00
    endloop
  endfacet
  facet normal 6.561041e-01 -1.783981e-01 -7.332814e-01
    outer loop
      vertex   4.107822e+00 -1.061036e+00 -4.242641e+00
      vertex   3.779778e+00 -1.209660e+00 -4.500000e+00
      vertex   3.871897e+00 -8.708696e-01 -4.500000e+00
    endloop
  endfacet
  facet normal 6.721447e-01 -1.479502e-01 -7.254876e-01
    outer loop
      vertex   4.107822e+00 -1.061036e+00 -4.242641e+00
      vertex   3.871897e+00 -8.708696e-01 -4.500000e+00
      vertex   4.173676e+00 -7.618592e-01 -4.242641e+00
    endloop
  endfacet
  facet normal 6.688938e-01 -1.196402e-01 -7.336670e-01
    outer loop
      vertex   4.173676e+00 -7.618592e-01 -4.242641e+00
      vertex   3.871897e+00 -8.708696e-01 -4.500000e+00
      vertex   3.933713e+00 -5.252631e-01 -4.500000e+00
    endloop
  endfacet
  facet normal 6.807645e-01 -9.901992e-02 -7.257787e-01
    outer loop
      vertex   4.173676e+00 -7.618592e-01 -4.242641e+00
      vertex   3.933713e+00 -5.252631e-01 -4.500000e+00
      vertex   4.217770e+00 -4.587101e-01 -4.242641e+00
    endloop
  endfacet
  facet normal 6.779101e-01 -6.014914e-02 -7.326800e-01
    outer loop
      vertex   4.217770e+00 -4.587101e-01 -4.242641e+00
      vertex   3.933713e+00 -5.252631e-01 -4.500000e+00
      vertex   3.964743e+00 -1.755457e-01 -4.500000e+00
    endloop
  endfacet
  facet normal 6.844321e-01 -4.951616e-02 -7.273932e-01
    outer loop
      vertex   4.217770e+00 -4.587101e-01 -4.242641e+00
      vertex   3.964743e+00 -1.755457e-01 -4.500000e+00
      vertex   4.239875e+00 -1.531696e-01 -4.242641e+00
    endloop
  endfacet
  facet normal 6.831252e-01 0.000000e+00 -7.303012e-01
    outer loop
      vertex   4.239875e+00 -1.531696e-01 -4.242641e+00
      vertex   3.964743e+00 -1.755457e-01 -4.500000e+00
      vertex   3.964743e+00 1.755457e-01 -4.500000e+00
    endloop
  endfacet
  facet normal 6.831252e-01 0.000000e+00 -7.303012e-01
    outer loop
      vertex   4.239875e+00 -1.531696e-01 -4.242641e+00
      vertex   3.964743e+00 1.755457e-01 -4.500000e+00
      vertex   4.239875e+00 1.531696e-01 -4.242641e+00
    endloop
  endfacet
  facet normal 6.844321e-01 4.951616e-02 -7.273932e-01
    outer loop
      vertex   4.239875e+00 1.531696e-01 -4.242641e+00
      vertex   3.964743e+00 1.755457e-01 -4.500000e+00
      vertex   4.217770e+00 4.587101e-01 -4.242641e+00
    endloop
  endfacet
  facet normal 6.779101e-01 6.014914e-02 -7.326800e-01
    outer loop
      vertex   3.964743e+00 1.755457e-01 -4.500000e+00
      vertex   3.933713e+00 5.252631e-01 -4.500000e+00
      vertex   4.217770e+00 4.587101e-01 -4.242641e+00
    endloop
  endfacet
  facet normal 6.807645e-01 9.901992e-02 -7.257787e-01
    outer loop
      vertex   4.217770e+00 4.587101e-01 -4.242641e+00
      vertex   3.933713e+00 5.252631e-01 -4.500000e+00
      vertex   4.173676e+00 7.618592e-01 -4.242641e+00
    endloop
  endfacet
  facet normal 6.688938e-01 1.196402e-01 -7.336670e-01
    outer loop
      vertex   3.933713e+00 5.252631e-01 -4.500000e+00
      vertex   3.871897e+00 8.708696e-01 -4.500000e+00
      vertex   4.173676e+00 7.618592e-01 -4.242641e+00
    endloop
  endfacet
  facet normal 6.721447e-01 1.479502e-01 -7.254876e-01
    outer loop
      vertex   4.173676e+00 7.618592e-01 -4.242641e+00
      vertex   3.871897e+00 8.708696e-01 -4.500000e+00
      vertex   4.107822e+00 1.061036e+00 -4.242641e+00
    endloop
  endfacet
  facet normal 6.561041e-01 1.783981e-01 -7.332814e-01
    outer loop
      vertex   3.871897e+00 8.708696e-01 -4.500000e+00
      vertex   3.779778e+00 1.209660e+00 -4.500000e+00
      vertex   4.107822e+00 1.061036e+00 -4.242641e+00
    endloop
  endfacet
  facet normal 6.586666e-01 1.957529e-01 -7.265254e-01
    outer loop
      vertex   4.107822e+00 1.061036e+00 -4.242641e+00
      vertex   3.779778e+00 1.209660e+00 -4.500000e+00
      vertex   4.020552e+00 1.354682e+00 -4.242641e+00
    endloop
  endfacet
  facet normal 6.395514e-01 2.363449e-01 -7.315156e-01
    outer loop
      vertex   3.779778e+00 1.209660e+00 -4.500000e+00
      vertex   3.658077e+00 1.538984e+00 -4.500000e+00
      vertex   4.020552e+00 1.354682e+00 -4.242641e+00
    endloop
  endfacet
  facet normal 6.404947e-01 2.418906e-01 -7.288727e-01
    outer loop
      vertex   4.020552e+00 1.354682e+00 -4.242641e+00
      vertex   3.658077e+00 1.538984e+00 -4.500000e+00
      vertex   3.912320e+00 1.641264e+00 -4.242641e+00
    endloop
  endfacet
  facet normal 6.217383e-01 2.876017e-01 -7.285099e-01
    outer loop
      vertex   3.912320e+00 1.641264e+00 -4.242641e+00
      vertex   3.658077e+00 1.538984e+00 -4.500000e+00
      vertex   3.783921e+00 1.918838e+00 -4.242641e+00
    endloop
  endfacet
  facet normal 6.158561e-01 2.917995e-01 -7.318294e-01
    outer loop
      vertex   3.783921e+00 1.918838e+00 -4.242641e+00
      vertex   3.658077e+00 1.538984e+00 -4.500000e+00
      vertex   3.507747e+00 1.856263e+00 -4.500000e+00
    endloop
  endfacet
  facet normal 6.014088e-01 3.328464e-01 -7.263062e-01
    outer loop
      vertex   3.783921e+00 1.918838e+00 -4.242641e+00
      vertex   3.507747e+00 1.856263e+00 -4.500000e+00
      vertex   3.635337e+00 2.187310e+00 -4.242641e+00
    endloop
  endfacet
  facet normal 5.861949e-01 3.442285e-01 -7.334046e-01
    outer loop
      vertex   3.635337e+00 2.187310e+00 -4.242641e+00
      vertex   3.507747e+00 1.856263e+00 -4.500000e+00
      vertex   3.329964e+00 2.159014e+00 -4.500000e+00
    endloop
  endfacet
  facet normal 5.765571e-01 3.759023e-01 -7.254512e-01
    outer loop
      vertex   3.635337e+00 2.187310e+00 -4.242641e+00
      vertex   3.329964e+00 2.159014e+00 -4.500000e+00
      vertex   3.468029e+00 2.443926e+00 -4.242641e+00
    endloop
  endfacet
  facet normal 5.532898e-01 3.945552e-01 -7.336189e-01
    outer loop
      vertex   3.468029e+00 2.443926e+00 -4.242641e+00
      vertex   3.329964e+00 2.159014e+00 -4.500000e+00
      vertex   3.126119e+00 2.444868e+00 -4.500000e+00
    endloop
  endfacet
  facet normal 5.475459e-01 4.162336e-01 -7.259085e-01
    outer loop
      vertex   3.468029e+00 2.443926e+00 -4.242641e+00
      vertex   3.126119e+00 2.444868e+00 -4.500000e+00
      vertex   3.282641e+00 2.687800e+00 -4.242641e+00
    endloop
  endfacet
  facet normal 5.172030e-01 4.427235e-01 -7.324595e-01
    outer loop
      vertex   3.282641e+00 2.687800e+00 -4.242641e+00
      vertex   3.126119e+00 2.444868e+00 -4.500000e+00
      vertex   2.897808e+00 2.711587e+00 -4.500000e+00
    endloop
  endfacet
  facet normal 5.146721e-01 4.534143e-01 -7.276868e-01
    outer loop
      vertex   3.282641e+00 2.687800e+00 -4.242641e+00
      vertex   2.897808e+00 2.711587e+00 -4.500000e+00
      vertex   3.080138e+00 2.917662e+00 -4.242641e+00
    endloop
  endfacet
  facet normal 4.789860e-01 4.877132e-01 -7.298686e-01
    outer loop
      vertex   3.080138e+00 2.917662e+00 -4.242641e+00
      vertex   2.897808e+00 2.711587e+00 -4.500000e+00
      vertex   2.861577e+00 3.132312e+00 -4.242641e+00
    endloop
  endfacet
  facet normal 4.773893e-01 4.880696e-01 -7.306760e-01
    outer loop
      vertex   2.897808e+00 2.711587e+00 -4.500000e+00
      vertex   2.646818e+00 2.957085e+00 -4.500000e+00
      vertex   2.861577e+00 3.132312e+00 -4.242641e+00
    endloop
  endfacet
  facet normal 4.444376e-01 5.232323e-01 -7.271198e-01
    outer loop
      vertex   2.861577e+00 3.132312e+00 -4.242641e+00
      vertex   2.646818e+00 2.957085e+00 -4.500000e+00
      vertex   2.628097e+00 3.330632e+00 -4.242641e+00
    endloop
  endfacet
  facet normal 4.308876e-01 5.265210e-01 -7.328789e-01
    outer loop
      vertex   2.646818e+00 2.957085e+00 -4.500000e+00
      vertex   2.375113e+00 3.179440e+00 -4.500000e+00
      vertex   2.628097e+00 3.330632e+00 -4.242641e+00
    endloop
  endfacet
  facet normal 4.064291e-01 5.551748e-01 -7.256696e-01
    outer loop
      vertex   2.628097e+00 3.330632e+00 -4.242641e+00
      vertex   2.375113e+00 3.179440e+00 -4.500000e+00
      vertex   2.380915e+00 3.511587e+00 -4.242641e+00
    endloop
  endfacet
  facet normal 3.821732e-01 5.618159e-01 -7.336938e-01
    outer loop
      vertex   2.375113e+00 3.179440e+00 -4.500000e+00
      vertex   2.084820e+00 3.376911e+00 -4.500000e+00
      vertex   2.380915e+00 3.511587e+00 -4.242641e+00
    endloop
  endfacet
  facet normal 3.653794e-01 5.831661e-01 -7.255448e-01
    outer loop
      vertex   2.380915e+00 3.511587e+00 -4.242641e+00
      vertex   2.084820e+00 3.376911e+00 -4.500000e+00
      vertex   2.121320e+00 3.674235e+00 -4.242641e+00
    endloop
  endfacet
  facet normal 3.313172e-01 5.939189e-01 -7.331365e-01
    outer loop
      vertex   2.084820e+00 3.376911e+00 -4.500000e+00
      vertex   1.778210e+00 3.547953e+00 -4.500000e+00
      vertex   2.121320e+00 3.674235e+00 -4.242641e+00
    endloop
  endfacet
  facet normal 3.217518e-01 6.068883e-01 -7.267478e-01
    outer loop
      vertex   2.121320e+00 3.674235e+00 -4.242641e+00
      vertex   1.778210e+00 3.547953e+00 -4.500000e+00
      vertex   1.850666e+00 3.817726e+00 -4.242641e+00
    endloop
  endfacet
  facet normal 2.783812e-01 6.227807e-01 -7.311964e-01
    outer loop
      vertex   1.778210e+00 3.547953e+00 -4.500000e+00
      vertex   1.457683e+00 3.691227e+00 -4.500000e+00
      vertex   1.850666e+00 3.817726e+00 -4.242641e+00
    endloop
  endfacet
  facet normal -3.051057e-01 6.087586e-01 -7.323411e-01
    outer loop
      vertex   -1.619532e+00 3.623136e+00 -4.500000e+00
      vertex   -1.933407e+00 3.465824e+00 -4.500000e+00
      vertex   -1.987289e+00 3.748424e+00 -4.242641e+00
    endloop
  endfacet
  facet normal -3.438573e-01 5.955783e-01 -7.259812e-01
    outer loop
      vertex   -1.987289e+00 3.748424e+00 -4.242641e+00
      vertex   -1.933407e+00 3.465824e+00 -4.500000e+00
      vertex   -2.252586e+00 3.595255e+00 -4.242641e+00
    endloop
  endfacet
  facet normal -3.645669e-01 6.314485e-01 -6.843711e-01
    outer loop
      vertex   -1.987289e+00 3.748424e+00 -4.242641e+00
      vertex   -2.252586e+00 3.595255e+00 -4.242641e+00
      vertex   -2.389228e+00 3.813343e+00 -3.968627e+00
    endloop
  endfacet
  facet normal -4.091805e-01 6.034961e-01 -6.843711e-01
    outer loop
      vertex   -2.389228e+00 3.813343e+00 -3.968627e+00
      vertex   -2.252586e+00 3.595255e+00 -4.242641e+00
      vertex   -2.658163e+00 3.631001e+00 -3.968627e+00
    endloop
  endfacet
  facet normal -3.570088e-01 5.782691e-01 -7.335867e-01
    outer loop
      vertex   -1.933407e+00 3.465824e+00 -4.500000e+00
      vertex   -2.232151e+00 3.281387e+00 -4.500000e+00
      vertex   -2.252586e+00 3.595255e+00 -4.242641e+00
    endloop
  endfacet
  facet normal -3.862564e-01 5.696856e-01 -7.254408e-01
    outer loop
      vertex   -2.252586e+00 3.595255e+00 -4.242641e+00
      vertex   -2.232151e+00 3.281387e+00 -4.500000e+00
      vertex   -2.506140e+00 3.423341e+00 -4.242641e+00
    endloop
  endfacet
  facet normal -4.091805e-01 6.034961e-01 -6.843711e-01
    outer loop
      vertex   -2.252586e+00 3.595255e+00 -4.242641e+00
      vertex   -2.506140e+00 3.423341e+00 -4.242641e+00
      vertex   -2.658163e+00 3.631001e+00 -3.968627e+00
    endloop
  endfacet
  facet normal -4.516608e-01 5.723974e-01 -6.843711e-01
    outer loop
      vertex   -2.658163e+00 3.631001e+00 -3.968627e+00
      vertex   -2.506140e+00 3.423341e+00 -4.242641e+00
      vertex   -2.913238e+00 3.429729e+00 -3.968627e+00
    endloop
  endfacet
  facet normal -4.068023e-01 5.445649e-01 -7.334582e-01
    outer loop
      vertex   -2.232151e+00 3.281387e+00 -4.500000e+00
      vertex   -2.513426e+00 3.071268e+00 -4.500000e+00
      vertex   -2.506140e+00 3.423341e+00 -4.242641e+00
    endloop
  endfacet
  facet normal -4.258408e-01 5.396753e-01 -7.262301e-01
    outer loop
      vertex   -2.506140e+00 3.423341e+00 -4.242641e+00
      vertex   -2.513426e+00 3.071268e+00 -4.500000e+00
      vertex   -2.746627e+00 3.233580e+00 -4.242641e+00
    endloop
  endfacet
  facet normal -4.516608e-01 5.723974e-01 -6.843711e-01
    outer loop
      vertex   -2.506140e+00 3.423341e+00 -4.242641e+00
      vertex   -2.746627e+00 3.233580e+00 -4.242641e+00
      vertex   -2.913238e+00 3.429729e+00 -3.968627e+00
    endloop
  endfacet
  facet normal -4.917863e-01 5.383144e-01 -6.843711e-01
    outer loop
      vertex   -2.913238e+00 3.429729e+00 -3.968627e+00
      vertex   -2.746627e+00 3.233580e+00 -4.242641e+00
      vertex   -3.153126e+00 3.210576e+00 -3.968627e+00
    endloop
  endfacet
  facet normal -4.544200e-01 5.076882e-01 -7.319530e-01
    outer loop
      vertex   -2.513426e+00 3.071268e+00 -4.500000e+00
      vertex   -2.775029e+00 2.837113e+00 -4.500000e+00
      vertex   -2.746627e+00 3.233580e+00 -4.242641e+00
    endloop
  endfacet
  facet normal -4.621685e-01 5.058944e-01 -7.283345e-01
    outer loop
      vertex   -2.746627e+00 3.233580e+00 -4.242641e+00
      vertex   -2.775029e+00 2.837113e+00 -4.500000e+00
      vertex   -2.972795e+00 3.026960e+00 -4.242641e+00
    endloop
  endfacet
  facet normal -4.917863e-01 5.383144e-01 -6.843711e-01
    outer loop
      vertex   -2.746627e+00 3.233580e+00 -4.242641e+00
      vertex   -2.972795e+00 3.026960e+00 -4.242641e+00
      vertex   -3.153126e+00 3.210576e+00 -3.968627e+00
    endloop
  endfacet
  facet normal -5.293479e-01 5.014250e-01 -6.843711e-01
    outer loop
      vertex   -3.153126e+00 3.210576e+00 -3.968627e+00
      vertex   -2.972795e+00 3.026960e+00 -4.242641e+00
      vertex   -3.376574e+00 2.974684e+00 -3.968627e+00
    endloop
  endfacet
  facet normal -4.969059e-01 4.706943e-01 -7.290620e-01
    outer loop
      vertex   -2.972795e+00 3.026960e+00 -4.242641e+00
      vertex   -2.775029e+00 2.837113e+00 -4.500000e+00
      vertex   -3.183465e+00 2.804559e+00 -4.242641e+00
    endloop
  endfacet
  facet normal -4.979770e-01 4.659757e-01 -7.313587e-01
    outer loop
      vertex   -3.183465e+00 2.804559e+00 -4.242641e+00
      vertex   -2.775029e+00 2.837113e+00 -4.500000e+00
      vertex   -3.014915e+00 2.580754e+00 -4.500000e+00
    endloop
  endfacet
  facet normal -5.315688e-01 4.352443e-01 -7.266340e-01
    outer loop
      vertex   -3.183465e+00 2.804559e+00 -4.242641e+00
      vertex   -3.014915e+00 2.580754e+00 -4.500000e+00
      vertex   -3.377537e+00 2.567537e+00 -4.242641e+00
    endloop
  endfacet
  facet normal -5.356418e-01 4.189135e-01 -7.332116e-01
    outer loop
      vertex   -3.377537e+00 2.567537e+00 -4.242641e+00
      vertex   -3.014915e+00 2.580754e+00 -4.500000e+00
      vertex   -3.231204e+00 2.304196e+00 -4.500000e+00
    endloop
  endfacet
  facet normal -5.625564e-01 3.964344e-01 -7.255136e-01
    outer loop
      vertex   -3.377537e+00 2.567537e+00 -4.242641e+00
      vertex   -3.231204e+00 2.304196e+00 -4.500000e+00
      vertex   -3.554000e+00 2.317128e+00 -4.242641e+00
    endloop
  endfacet
  facet normal -5.701426e-01 3.696574e-01 -7.336831e-01
    outer loop
      vertex   -3.554000e+00 2.317128e+00 -4.242641e+00
      vertex   -3.231204e+00 2.304196e+00 -4.500000e+00
      vertex   -3.422205e+00 2.009605e+00 -4.500000e+00
    endloop
  endfacet
  facet normal -5.895079e-01 3.546952e-01 -7.257215e-01
    outer loop
      vertex   -3.554000e+00 2.317128e+00 -4.242641e+00
      vertex   -3.422205e+00 2.009605e+00 -4.500000e+00
      vertex   -3.711934e+00 2.054639e+00 -4.242641e+00
    endloop
  endfacet
  facet normal -6.014405e-01 3.182760e-01 -7.327822e-01
    outer loop
      vertex   -3.711934e+00 2.054639e+00 -4.242641e+00
      vertex   -3.422205e+00 2.009605e+00 -4.500000e+00
      vertex   -3.586422e+00 1.699287e+00 -4.500000e+00
    endloop
  endfacet
  facet normal -6.121204e-01 3.105001e-01 -7.272539e-01
    outer loop
      vertex   -3.711934e+00 2.054639e+00 -4.242641e+00
      vertex   -3.586422e+00 1.699287e+00 -4.500000e+00
      vertex   -3.850516e+00 1.781439e+00 -4.242641e+00
    endloop
  endfacet
  facet normal -6.294824e-01 2.648286e-01 -7.304914e-01
    outer loop
      vertex   -3.850516e+00 1.781439e+00 -4.242641e+00
      vertex   -3.586422e+00 1.699287e+00 -4.500000e+00
      vertex   -3.722571e+00 1.375669e+00 -4.500000e+00
    endloop
  endfacet
  facet normal -6.738749e-01 8.998156e-02 -7.333457e-01
    outer loop
      vertex   -3.906629e+00 6.987503e-01 -4.500000e+00
      vertex   -3.953097e+00 3.507477e-01 -4.500000e+00
      vertex   -4.198460e+00 6.106828e-01 -4.242641e+00
    endloop
  endfacet
  facet normal -6.832204e-01 7.430470e-02 -7.264218e-01
    outer loop
      vertex   -4.198460e+00 6.106828e-01 -4.242641e+00
      vertex   -3.953097e+00 3.507477e-01 -4.500000e+00
      vertex   -4.231581e+00 3.061394e-01 -4.242641e+00
    endloop
  endfacet
  facet normal -7.248597e-01 7.883324e-02 -6.843711e-01
    outer loop
      vertex   -4.198460e+00 6.106828e-01 -4.242641e+00
      vertex   -4.231581e+00 3.061394e-01 -4.242641e+00
      vertex   -4.488270e+00 3.247099e-01 -3.968627e+00
    endloop
  endfacet
  facet normal -6.809952e-01 3.015221e-02 -7.316669e-01
    outer loop
      vertex   -3.953097e+00 3.507477e-01 -4.500000e+00
      vertex   -3.968627e+00 0.000000e+00 -4.500000e+00
      vertex   -4.231581e+00 3.061394e-01 -4.242641e+00
    endloop
  endfacet
  facet normal -7.700545e-01 -2.781896e-02 -6.373713e-01
    outer loop
      vertex   -4.739695e+00 -5.804452e-16 -3.679034e+00
      vertex   -4.500000e+00 -5.510911e-16 -3.968627e+00
      vertex   -4.727339e+00 -3.420057e-01 -3.679034e+00
    endloop
  endfacet
  facet normal -7.700545e-01 -2.781896e-02 -6.373713e-01
    outer loop
      vertex   -4.727339e+00 -3.420057e-01 -3.679034e+00
      vertex   -4.500000e+00 -5.510911e-16 -3.968627e+00
      vertex   -4.488270e+00 -3.247099e-01 -3.968627e+00
    endloop
  endfacet
  facet normal -7.660398e-01 -8.331185e-02 -6.373713e-01
    outer loop
      vertex   -4.727339e+00 -3.420057e-01 -3.679034e+00
      vertex   -4.488270e+00 -3.247099e-01 -3.968627e+00
      vertex   -4.690338e+00 -6.822284e-01 -3.679034e+00
    endloop
  endfacet
  facet normal -7.660398e-01 -8.331185e-02 -6.373713e-01
    outer loop
      vertex   -4.690338e+00 -6.822284e-01 -3.679034e+00
      vertex   -4.488270e+00 -3.247099e-01 -3.968627e+00
      vertex   -4.453139e+00 -6.477269e-01 -3.968627e+00
    endloop
  endfacet
  facet normal -7.580313e-01 -1.383704e-01 -6.373713e-01
    outer loop
      vertex   -4.690338e+00 -6.822284e-01 -3.679034e+00
      vertex   -4.453139e+00 -6.477269e-01 -3.968627e+00
      vertex   -4.628883e+00 -1.018894e+00 -3.679034e+00
    endloop
  endfacet
  facet normal -7.580313e-01 -1.383704e-01 -6.373713e-01
    outer loop
      vertex   -4.628883e+00 -1.018894e+00 -3.679034e+00
      vertex   -4.453139e+00 -6.477269e-01 -3.968627e+00
      vertex   -4.394793e+00 -9.673670e-01 -3.968627e+00
    endloop
  endfacet
  facet normal -7.460708e-01 -1.927075e-01 -6.373713e-01
    outer loop
      vertex   -4.628883e+00 -1.018894e+00 -3.679034e+00
      vertex   -4.394793e+00 -9.673670e-01 -3.968627e+00
      vertex   -4.543296e+00 -1.350248e+00 -3.679034e+00
    endloop
  endfacet
  facet normal -7.460708e-01 -1.927075e-01 -6.373713e-01
    outer loop
      vertex   -4.543296e+00 -1.350248e+00 -3.679034e+00
      vertex   -4.394793e+00 -9.673670e-01 -3.968627e+00
      vertex   -4.313533e+00 -1.281964e+00 -3.968627e+00
    endloop
  endfacet
  facet normal -7.302206e-01 -2.460400e-01 -6.373713e-01
    outer loop
      vertex   -4.543296e+00 -1.350248e+00 -3.679034e+00
      vertex   -4.313533e+00 -1.281964e+00 -3.968627e+00
      vertex   -4.434021e+00 -1.674562e+00 -3.679034e+00
    endloop
  endfacet
  facet normal -7.302206e-01 -2.460400e-01 -6.373713e-01
    outer loop
      vertex   -4.434021e+00 -1.674562e+00 -3.679034e+00
      vertex   -4.313533e+00 -1.281964e+00 -3.968627e+00
      vertex   -4.209785e+00 -1.589877e+00 -3.968627e+00
    endloop
  endfacet
  facet normal -7.105634e-01 -2.980897e-01 -6.373713e-01
    outer loop
      vertex   -4.434021e+00 -1.674562e+00 -3.679034e+00
      vertex   -4.209785e+00 -1.589877e+00 -3.968627e+00
      vertex   -4.301630e+00 -1.990146e+00 -3.679034e+00
    endloop
  endfacet
  facet normal -7.105634e-01 -2.980897e-01 -6.373713e-01
    outer loop
      vertex   -4.301630e+00 -1.990146e+00 -3.679034e+00
      vertex   -4.209785e+00 -1.589877e+00 -3.968627e+00
      vertex   -4.084089e+00 -1.889501e+00 -3.968627e+00
    endloop
  endfacet
  facet normal -6.872017e-01 -3.485853e-01 -6.373713e-01
    outer loop
      vertex   -4.301630e+00 -1.990146e+00 -3.679034e+00
      vertex   -4.084089e+00 -1.889501e+00 -3.968627e+00
      vertex   -4.146813e+00 -2.295354e+00 -3.679034e+00
    endloop
  endfacet
  facet normal -7.286586e-01 -2.632349e-02 -6.843711e-01
    outer loop
      vertex   -4.500000e+00 -5.510911e-16 -3.968627e+00
      vertex   -4.242641e+00 -5.195736e-16 -4.242641e+00
      vertex   -4.488270e+00 -3.247099e-01 -3.968627e+00
    endloop
  endfacet
  facet normal -7.286586e-01 -2.632349e-02 -6.843711e-01
    outer loop
      vertex   -4.488270e+00 -3.247099e-01 -3.968627e+00
      vertex   -4.242641e+00 -5.195736e-16 -4.242641e+00
      vertex   -4.231581e+00 -3.061394e-01 -4.242641e+00
    endloop
  endfacet
  facet normal -7.248597e-01 -7.883324e-02 -6.843711e-01
    outer loop
      vertex   -4.488270e+00 -3.247099e-01 -3.968627e+00
      vertex   -4.231581e+00 -3.061394e-01 -4.242641e+00
      vertex   -4.453139e+00 -6.477269e-01 -3.968627e+00
    endloop
  endfacet
  facet normal -7.248597e-01 -7.883324e-02 -6.843711e-01
    outer loop
      vertex   -4.453139e+00 -6.477269e-01 -3.968627e+00
      vertex   -4.231581e+00 -3.061394e-01 -4.242641e+00
      vertex   -4.198460e+00 -6.106828e-01 -4.242641e+00
    endloop
  endfacet
  facet normal -7.172817e-01 -1.309320e-01 -6.843711e-01
    outer loop
      vertex   -4.453139e+00 -6.477269e-01 -3.968627e+00
      vertex   -4.198460e+00 -6.106828e-01 -4.242641e+00
      vertex   -4.394793e+00 -9.673670e-01 -3.968627e+00
    endloop
  endfacet
  facet normal -7.172817e-01 -1.309320e-01 -6.843711e-01
    outer loop
      vertex   -4.394793e+00 -9.673670e-01 -3.968627e+00
      vertex   -4.198460e+00 -6.106828e-01 -4.242641e+00
      vertex   -4.143450e+00 -9.120423e-01 -4.242641e+00
    endloop
  endfacet
  facet normal -7.059642e-01 -1.823481e-01 -6.843711e-01
    outer loop
      vertex   -4.394793e+00 -9.673670e-01 -3.968627e+00
      vertex   -4.143450e+00 -9.120423e-01 -4.242641e+00
      vertex   -4.313533e+00 -1.281964e+00 -3.968627e+00
    endloop
  endfacet
  facet normal -7.059642e-01 -1.823481e-01 -6.843711e-01
    outer loop
      vertex   -4.313533e+00 -1.281964e+00 -3.968627e+00
      vertex   -4.143450e+00 -9.120423e-01 -4.242641e+00
      vertex   -4.066838e+00 -1.208647e+00 -4.242641e+00
    endloop
  endfacet
  facet normal -6.909660e-01 -2.328136e-01 -6.843711e-01
    outer loop
      vertex   -4.313533e+00 -1.281964e+00 -3.968627e+00
      vertex   -4.066838e+00 -1.208647e+00 -4.242641e+00
      vertex   -4.209785e+00 -1.589877e+00 -3.968627e+00
    endloop
  endfacet
  facet normal -6.909660e-01 -2.328136e-01 -6.843711e-01
    outer loop
      vertex   -4.209785e+00 -1.589877e+00 -3.968627e+00
      vertex   -4.066838e+00 -1.208647e+00 -4.242641e+00
      vertex   -3.969024e+00 -1.498950e+00 -4.242641e+00
    endloop
  endfacet
  facet normal -6.723655e-01 -2.820652e-01 -6.843711e-01
    outer loop
      vertex   -4.209785e+00 -1.589877e+00 -3.968627e+00
      vertex   -3.969024e+00 -1.498950e+00 -4.242641e+00
      vertex   -4.084089e+00 -1.889501e+00 -3.968627e+00
    endloop
  endfacet
  facet normal -3.645669e-01 -6.314485e-01 -6.843711e-01
    outer loop
      vertex   -2.252586e+00 -3.595255e+00 -4.242641e+00
      vertex   -1.987289e+00 -3.748424e+00 -4.242641e+00
      vertex   -2.107838e+00 -3.975804e+00 -3.968627e+00
    endloop
  endfacet
  facet normal -4.091805e-01 -6.034961e-01 -6.843711e-01
    outer loop
      vertex   -2.506140e+00 -3.423341e+00 -4.242641e+00
      vertex   -2.252586e+00 -3.595255e+00 -4.242641e+00
      vertex   -2.389228e+00 -3.813343e+00 -3.968627e+00
    endloop
  endfacet
  facet normal -3.645669e-01 -6.314485e-01 -6.843711e-01
    outer loop
      vertex   -2.389228e+00 -3.813343e+00 -3.968627e+00
      vertex   -2.252586e+00 -3.595255e+00 -4.242641e+00
      vertex   -2.107838e+00 -3.975804e+00 -3.968627e+00
    endloop
  endfacet
  facet normal -4.091805e-01 -6.034961e-01 -6.843711e-01
    outer loop
      vertex   -2.506140e+00 -3.423341e+00 -4.242641e+00
      vertex   -2.389228e+00 -3.813343e+00 -3.968627e+00
      vertex   -2.658163e+00 -3.631001e+00 -3.968627e+00
    endloop
  endfacet
  facet normal -4.324265e-01 -6.377814e-01 -6.373713e-01
    outer loop
      vertex   -2.658163e+00 -3.631001e+00 -3.968627e+00
      vertex   -2.389228e+00 -3.813343e+00 -3.968627e+00
      vertex   -2.799751e+00 -3.824408e+00 -3.679034e+00
    endloop
  endfacet
  facet normal -4.773202e-01 -6.049159e-01 -6.373713e-01
    outer loop
      vertex   -2.658163e+00 -3.631001e+00 -3.968627e+00
      vertex   -2.799751e+00 -3.824408e+00 -3.679034e+00
      vertex   -2.913238e+00 -3.429729e+00 -3.968627e+00
    endloop
  endfacet
  facet normal -4.516608e-01 -5.723974e-01 -6.843711e-01
    outer loop
      vertex   -2.746627e+00 -3.233580e+00 -4.242641e+00
      vertex   -2.506140e+00 -3.423341e+00 -4.242641e+00
      vertex   -2.658163e+00 -3.631001e+00 -3.968627e+00
    endloop
  endfacet
  facet normal -4.516608e-01 -5.723974e-01 -6.843711e-01
    outer loop
      vertex   -2.746627e+00 -3.233580e+00 -4.242641e+00
      vertex   -2.658163e+00 -3.631001e+00 -3.968627e+00
      vertex   -2.913238e+00 -3.429729e+00 -3.968627e+00
    endloop
  endfacet
  facet normal -4.917863e-01 -5.383144e-01 -6.843711e-01
    outer loop
      vertex   -2.972795e+00 -3.026960e+00 -4.242641e+00
      vertex   -2.746627e+00 -3.233580e+00 -4.242641e+00
      vertex   -2.913238e+00 -3.429729e+00 -3.968627e+00
    endloop
  endfacet
  facet normal -6.502597e-01 3.298463e-01 -6.843711e-01
    outer loop
      vertex   -3.711934e+00 2.054639e+00 -4.242641e+00
      vertex   -3.850516e+00 1.781439e+00 -4.242641e+00
      vertex   -4.084089e+00 1.889501e+00 -3.968627e+00
    endloop
  endfacet
  facet normal -6.502597e-01 3.298463e-01 -6.843711e-01
    outer loop
      vertex   -3.711934e+00 2.054639e+00 -4.242641e+00
      vertex   -4.084089e+00 1.889501e+00 -3.968627e+00
      vertex   -3.937101e+00 2.179274e+00 -3.968627e+00
    endloop
  endfacet
  facet normal -6.247636e-01 3.759078e-01 -6.843711e-01
    outer loop
      vertex   -3.554000e+00 2.317128e+00 -4.242641e+00
      vertex   -3.711934e+00 2.054639e+00 -4.242641e+00
      vertex   -3.937101e+00 2.179274e+00 -3.968627e+00
    endloop
  endfacet
  facet normal -6.247636e-01 3.759078e-01 -6.843711e-01
    outer loop
      vertex   -3.554000e+00 2.317128e+00 -4.242641e+00
      vertex   -3.937101e+00 2.179274e+00 -3.968627e+00
      vertex   -3.769586e+00 2.457686e+00 -3.968627e+00
    endloop
  endfacet
  facet normal -5.960103e-01 4.200094e-01 -6.843711e-01
    outer loop
      vertex   -3.377537e+00 2.567537e+00 -4.242641e+00
      vertex   -3.554000e+00 2.317128e+00 -4.242641e+00
      vertex   -3.769586e+00 2.457686e+00 -3.968627e+00
    endloop
  endfacet
  facet normal -5.960103e-01 4.200094e-01 -6.843711e-01
    outer loop
      vertex   -3.377537e+00 2.567537e+00 -4.242641e+00
      vertex   -3.769586e+00 2.457686e+00 -3.968627e+00
      vertex   -3.582419e+00 2.723284e+00 -3.968627e+00
    endloop
  endfacet
  facet normal -5.641497e-01 4.619213e-01 -6.843711e-01
    outer loop
      vertex   -3.183465e+00 2.804559e+00 -4.242641e+00
      vertex   -3.377537e+00 2.567537e+00 -4.242641e+00
      vertex   -3.582419e+00 2.723284e+00 -3.968627e+00
    endloop
  endfacet
  facet normal -5.641497e-01 4.619213e-01 -6.843711e-01
    outer loop
      vertex   -3.183465e+00 2.804559e+00 -4.242641e+00
      vertex   -3.582419e+00 2.723284e+00 -3.968627e+00
      vertex   -3.376574e+00 2.974684e+00 -3.968627e+00
    endloop
  endfacet
  facet normal -5.293479e-01 5.014250e-01 -6.843711e-01
    outer loop
      vertex   -2.972795e+00 3.026960e+00 -4.242641e+00
      vertex   -3.183465e+00 2.804559e+00 -4.242641e+00
      vertex   -3.376574e+00 2.974684e+00 -3.968627e+00
    endloop
  endfacet
  facet normal -3.645669e-01 6.314485e-01 -6.843711e-01
    outer loop
      vertex   -2.107838e+00 3.975804e+00 -3.968627e+00
      vertex   -1.987289e+00 3.748424e+00 -4.242641e+00
      vertex   -2.389228e+00 3.813343e+00 -3.968627e+00
    endloop
  endfacet
  facet normal 0.000000e+00 0.000000e+00 -1.000000e+00
    outer loop
      vertex   2.934174e+00 4.000000e+00 -3.375000e+00
      vertex   4.960784e+00 4.000000e+00 -3.375000e+00
      vertex   3.237535e+00 3.758689e+00 -3.375000e+00
    endloop
  endfacet
  facet normal 0.000000e+00 0.000000e+00 -1.000000e+00
    outer loop
      vertex   3.237535e+00 3.758689e+00 -3.375000e+00
      vertex   4.960784e+00 4.000000e+00 -3.375000e+00
      vertex   3.521128e+00 3.494429e+00 -3.375000e+00
    endloop
  endfacet
  facet normal 0.000000e+00 0.000000e+00 -1.000000e+00
    outer loop
      vertex   3.521128e+00 3.494429e+00 -3.375000e+00
      vertex   4.960784e+00 4.000000e+00 -3.375000e+00
      vertex   3.783223e+00 3.208832e+00 -3.375000e+00
    endloop
  endfacet
  facet normal 0.000000e+00 0.000000e+00 -1.000000e+00
    outer loop
      vertex   3.783223e+00 3.208832e+00 -3.375000e+00
      vertex   4.960784e+00 4.000000e+00 -3.375000e+00
      vertex   4.022217e+00 2.903643e+00 -3.375000e+00
    endloop
  endfacet
  facet normal 0.000000e+00 0.000000e+00 -1.000000e+00
    outer loop
      vertex   4.022217e+00 2.903643e+00 -3.375000e+00
      vertex   4.960784e+00 4.000000e+00 -3.375000e+00
      vertex   4.236654e+00 2.580725e+00 -3.375000e+00
    endloop
  endfacet
  facet normal 0.000000e+00 0.000000e+00 -1.000000e+00
    outer loop
      vertex   4.236654e+00 2.580725e+00 -3.375000e+00
      vertex   4.960784e+00 4.000000e+00 -3.375000e+00
      vertex   4.425222e+00 2.242050e+00 -3.375000e+00
    endloop
  endfacet
  facet normal 0.000000e+00 0.000000e+00 -1.000000e+00
    outer loop
      vertex   4.425222e+00 2.242050e+00 -3.375000e+00
      vertex   4.960784e+00 4.000000e+00 -3.375000e+00
      vertex   4.586771e+00 1.889685e+00 -3.375000e+00
    endloop
  endfacet
  facet normal 0.000000e+00 0.000000e+00 -1.000000e+00
    outer loop
      vertex   4.586771e+00 1.889685e+00 -3.375000e+00
      vertex   4.960784e+00 4.000000e+00 -3.375000e+00
      vertex   4.720314e+00 1.525783e+00 -3.375000e+00
    endloop
  endfacet
  facet normal 0.000000e+00 0.000000e+00 -1.000000e+00
    outer loop
      vertex   4.720314e+00 1.525783e+00 -3.375000e+00
      vertex   4.960784e+00 4.000000e+00 -3.375000e+00
      vertex   4.825036e+00 1.152564e+00 -3.375000e+00
    endloop
  endfacet
  facet normal 0.000000e+00 0.000000e+00 -1.000000e+00
    outer loop
      vertex   4.825036e+00 1.152564e+00 -3.375000e+00
      vertex   4.960784e+00 4.000000e+00 -3.375000e+00
      vertex   4.900297e+00 7.723079e-01 -3.375000e+00
    endloop
  endfacet
  facet normal 0.000000e+00 0.000000e+00 -1.000000e+00
    outer loop
      vertex   4.900297e+00 7.723079e-01 -3.375000e+00
      vertex   4.960784e+00 4.000000e+00 -3.375000e+00
      vertex   4.945639e+00 3.873364e-01 -3.375000e+00
    endloop
  endfacet
  facet normal 0.000000e+00 0.000000e+00 -1.000000e+00
    outer loop
      vertex   4.945639e+00 3.873364e-01 -3.375000e+00
      vertex   4.960784e+00 4.000000e+00 -3.375000e+00
      vertex   4.960784e+00 0.000000e+00 -3.375000e+00
    endloop
  endfacet
  facet normal -9.985827e-01 -5.322217e-02 0.000000e+00
    outer loop
      vertex   -2.734421e+00 -2.923071e-01 -9.000000e+00
      vertex   -2.734421e+00 -2.923071e-01 -4.500000e+00
      vertex   -2.750000e+00 5.551115e-16 -9.000000e+00
    endloop
  endfacet
  facet normal -9.985827e-01 -5.322217e-02 0.000000e+00
    outer loop
      vertex   -2.750000e+00 5.551115e-16 -9.000000e+00
      vertex   -2.734421e+00 -2.923071e-01 -4.500000e+00
      vertex   -2.750000e+00 5.551115e-16 -4.500000e+00
    endloop
  endfacet
  facet normal -9.985827e-01 5.322217e-02 0.000000e+00
    outer loop
      vertex   -2.750000e+00 5.551115e-16 -9.000000e+00
      vertex   -2.750000e+00 5.551115e-16 -4.500000e+00
      vertex   -2.734421e+00 2.923071e-01 -9.000000e+00
    endloop
  endfacet
  facet normal -9.985827e-01 5.322217e-02 0.000000e+00
    outer loop
      vertex   -2.734421e+00 2.923071e-01 -9.000000e+00
      vertex   -2.750000e+00 5.551115e-16 -4.500000e+00
      vertex   -2.734421e+00 2.923071e-01 -4.500000e+00
    endloop
  endfacet
  facet normal -9.872684e-01 1.590635e-01 0.000000e+00
    outer loop
      vertex   -2.734421e+00 2.923071e-01 -9.000000e+00
      vertex   -2.734421e+00 2.923071e-01 -4.500000e+00
      vertex   -2.687859e+00 5.813022e-01 -9.000000e+00
    endloop
  endfacet
  facet normal -9.872684e-01 1.590635e-01 0.000000e+00
    outer loop
      vertex   -2.687859e+00 5.813022e-01 -9.000000e+00
      vertex   -2.734421e+00 2.923071e-01 -4.500000e+00
      vertex   -2.687859e+00 5.813022e-01 -4.500000e+00
    endloop
  endfacet
  facet normal -9.647679e-01 2.631026e-01 0.000000e+00
    outer loop
      vertex   -2.687859e+00 5.813022e-01 -9.000000e+00
      vertex   -2.687859e+00 5.813022e-01 -4.500000e+00
      vertex   -2.610843e+00 8.637110e-01 -9.000000e+00
    endloop
  endfacet
  facet normal -9.647679e-01 2.631026e-01 0.000000e+00
    outer loop
      vertex   -2.610843e+00 8.637110e-01 -9.000000e+00
      vertex   -2.687859e+00 5.813022e-01 -4.500000e+00
      vertex   -2.610843e+00 8.637110e-01 -4.500000e+00
    endloop
  endfacet
  facet normal -9.313362e-01 3.641606e-01 0.000000e+00
    outer loop
      vertex   -2.610843e+00 8.637110e-01 -9.000000e+00
      vertex   -2.610843e+00 8.637110e-01 -4.500000e+00
      vertex   -2.504246e+00 1.136334e+00 -9.000000e+00
    endloop
  endfacet
  facet normal -9.313362e-01 3.641606e-01 0.000000e+00
    outer loop
      vertex   -2.504246e+00 1.136334e+00 -9.000000e+00
      vertex   -2.610843e+00 8.637110e-01 -4.500000e+00
      vertex   -2.504246e+00 1.136334e+00 -4.500000e+00
    endloop
  endfacet
  facet normal -8.873521e-01 4.610925e-01 0.000000e+00
    outer loop
      vertex   -2.504246e+00 1.136334e+00 -9.000000e+00
      vertex   -2.504246e+00 1.136334e+00 -4.500000e+00
      vertex   -2.369274e+00 1.396081e+00 -9.000000e+00
    endloop
  endfacet
  facet normal -8.873521e-01 4.610925e-01 0.000000e+00
    outer loop
      vertex   -2.369274e+00 1.396081e+00 -9.000000e+00
      vertex   -2.504246e+00 1.136334e+00 -4.500000e+00
      vertex   -2.369274e+00 1.396081e+00 -4.500000e+00
    endloop
  endfacet
  facet normal -8.333139e-01 5.528001e-01 0.000000e+00
    outer loop
      vertex   -2.369274e+00 1.396081e+00 -9.000000e+00
      vertex   -2.369274e+00 1.396081e+00 -4.500000e+00
      vertex   -2.207457e+00 1.640010e+00 -9.000000e+00
    endloop
  endfacet
  facet normal -8.333139e-01 5.528001e-01 5.577183e-17
    outer loop
      vertex   -2.207457e+00 1.640010e+00 -9.000000e+00
      vertex   -2.369274e+00 1.396081e+00 -4.500000e+00
      vertex   -2.207457e+00 1.640010e+00 -4.500000e+00
    endloop
  endfacet
  facet normal -7.698340e-01 6.382442e-01 7.465367e-18
    outer loop
      vertex   -2.207457e+00 1.640010e+00 -9.000000e+00
      vertex   -2.207457e+00 1.640010e+00 -4.500000e+00
      vertex   -2.020629e+00 1.865358e+00 -9.000000e+00
    endloop
  endfacet
  facet normal -7.698340e-01 6.382442e-01 -4.999994e-17
    outer loop
      vertex   -2.020629e+00 1.865358e+00 -9.000000e+00
      vertex   -2.207457e+00 1.640010e+00 -4.500000e+00
      vertex   -2.020629e+00 1.865358e+00 -4.500000e+00
    endloop
  endfacet
  facet normal -6.976315e-01 7.164567e-01 -7.256240e-17
    outer loop
      vertex   -2.020629e+00 1.865358e+00 -9.000000e+00
      vertex   -2.020629e+00 1.865358e+00 -4.500000e+00
      vertex   -1.810906e+00 2.069570e+00 -9.000000e+00
    endloop
  endfacet
  facet normal -6.976315e-01 7.164567e-01 -3.813899e-17
    outer loop
      vertex   -1.810906e+00 2.069570e+00 -9.000000e+00
      vertex   -2.020629e+00 1.865358e+00 -4.500000e+00
      vertex   -1.810906e+00 2.069570e+00 -4.500000e+00
    endloop
  endfacet
  facet normal -6.175246e-01 7.865516e-01 -6.383202e-17
    outer loop
      vertex   -1.810906e+00 2.069570e+00 -9.000000e+00
      vertex   -1.810906e+00 2.069570e+00 -4.500000e+00
      vertex   -1.580665e+00 2.250333e+00 -9.000000e+00
    endloop
  endfacet
  facet normal -6.175246e-01 7.865516e-01 7.473133e-17
    outer loop
      vertex   -1.580665e+00 2.250333e+00 -9.000000e+00
      vertex   -1.810906e+00 2.069570e+00 -4.500000e+00
      vertex   -1.580665e+00 2.250333e+00 -4.500000e+00
    endloop
  endfacet
  facet normal -5.304209e-01 8.477344e-01 4.720351e-17
    outer loop
      vertex   -1.580665e+00 2.250333e+00 -9.000000e+00
      vertex   -1.580665e+00 2.250333e+00 -4.500000e+00
      vertex   -1.332515e+00 2.405598e+00 -9.000000e+00
    endloop
  endfacet
  facet normal -5.304209e-01 8.477344e-01 -3.645643e-17
    outer loop
      vertex   -1.332515e+00 2.405598e+00 -9.000000e+00
      vertex   -1.580665e+00 2.250333e+00 -4.500000e+00
      vertex   -1.332515e+00 2.405598e+00 -4.500000e+00
    endloop
  endfacet
  facet normal -4.373073e-01 8.993121e-01 -6.960910e-17
    outer loop
      vertex   -1.332515e+00 2.405598e+00 -9.000000e+00
      vertex   -1.332515e+00 2.405598e+00 -4.500000e+00
      vertex   -1.069266e+00 2.533608e+00 -9.000000e+00
    endloop
  endfacet
  facet normal -4.373073e-01 8.993121e-01 -2.437309e-18
    outer loop
      vertex   -1.069266e+00 2.533608e+00 -9.000000e+00
      vertex   -1.332515e+00 2.405598e+00 -4.500000e+00
      vertex   -1.069266e+00 2.533608e+00 -4.500000e+00
    endloop
  endfacet
  facet normal -3.392389e-01 9.407003e-01 -2.587782e-17
    outer loop
      vertex   -1.069266e+00 2.533608e+00 -9.000000e+00
      vertex   -1.069266e+00 2.533608e+00 -4.500000e+00
      vertex   -7.939029e-01 2.632911e+00 -9.000000e+00
    endloop
  endfacet
  facet normal -3.392389e-01 9.407003e-01 9.206531e-17
    outer loop
      vertex   -7.939029e-01 2.632911e+00 -9.000000e+00
      vertex   -1.069266e+00 2.533608e+00 -4.500000e+00
      vertex   -7.939029e-01 2.632911e+00 -4.500000e+00
    endloop
  endfacet
  facet normal -2.373267e-01 9.714299e-01 6.440758e-17
    outer loop
      vertex   -7.939029e-01 2.632911e+00 -9.000000e+00
      vertex   -7.939029e-01 2.632911e+00 -4.500000e+00
      vertex   -5.095440e-01 2.702381e+00 -9.000000e+00
    endloop
  endfacet
  facet normal -2.373267e-01 9.714299e-01 6.440758e-17
    outer loop
      vertex   -5.095440e-01 2.702381e+00 -9.000000e+00
      vertex   -7.939029e-01 2.632911e+00 -4.500000e+00
      vertex   -5.095440e-01 2.702381e+00 -4.500000e+00
    endloop
  endfacet
  facet normal -1.327255e-01 9.911528e-01 3.602010e-17
    outer loop
      vertex   -5.095440e-01 2.702381e+00 -9.000000e+00
      vertex   -5.095440e-01 2.702381e+00 -4.500000e+00
      vertex   -2.194118e-01 2.741233e+00 -9.000000e+00
    endloop
  endfacet
  facet normal -1.327255e-01 9.911528e-01 1.882869e-17
    outer loop
      vertex   -2.194118e-01 2.741233e+00 -9.000000e+00
      vertex   -5.095440e-01 2.702381e+00 -4.500000e+00
      vertex   -2.194118e-01 2.741233e+00 -4.500000e+00
    endloop
  endfacet
  facet normal -2.662052e-02 9.996456e-01 3.776436e-18
    outer loop
      vertex   -2.194118e-01 2.741233e+00 -9.000000e+00
      vertex   -2.194118e-01 2.741233e+00 -4.500000e+00
      vertex   7.320643e-02 2.749025e+00 -9.000000e+00
    endloop
  endfacet
  facet normal -2.662052e-02 9.996456e-01 2.009153e-16
    outer loop
      vertex   7.320643e-02 2.749025e+00 -9.000000e+00
      vertex   -2.194118e-01 2.741233e+00 -4.500000e+00
      vertex   7.320643e-02 2.749025e+00 -4.500000e+00
    endloop
  endfacet
  facet normal 7.978611e-02 9.968120e-01 1.859173e-16
    outer loop
      vertex   7.320643e-02 2.749025e+00 -9.000000e+00
      vertex   7.320643e-02 2.749025e+00 -4.500000e+00
      vertex   3.649952e-01 2.725670e+00 -9.000000e+00
    endloop
  endfacet
  facet normal 7.978611e-02 9.968120e-01 -1.181072e-17
    outer loop
      vertex   3.649952e-01 2.725670e+00 -9.000000e+00
      vertex   7.320643e-02 2.749025e+00 -4.500000e+00
      vertex   3.649952e-01 2.725670e+00 -4.500000e+00
    endloop
  endfacet
  facet normal 1.852887e-01 9.826841e-01 -2.742824e-17
    outer loop
      vertex   3.649952e-01 2.725670e+00 -9.000000e+00
      vertex   3.649952e-01 2.725670e+00 -4.500000e+00
      vertex   6.526484e-01 2.671432e+00 -9.000000e+00
    endloop
  endfacet
  facet normal 1.852887e-01 9.826841e-01 -3.199961e-17
    outer loop
      vertex   6.526484e-01 2.671432e+00 -9.000000e+00
      vertex   3.649952e-01 2.725670e+00 -4.500000e+00
      vertex   6.526484e-01 2.671432e+00 -4.500000e+00
    endloop
  endfacet
  facet normal 2.886919e-01 9.574220e-01 -4.985749e-17
    outer loop
      vertex   6.526484e-01 2.671432e+00 -9.000000e+00
      vertex   6.526484e-01 2.671432e+00 -4.500000e+00
      vertex   9.329069e-01 2.586926e+00 -9.000000e+00
    endloop
  endfacet
  facet normal 2.886919e-01 9.574220e-01 6.599463e-17
    outer loop
      vertex   9.329069e-01 2.586926e+00 -9.000000e+00
      vertex   6.526484e-01 2.671432e+00 -4.500000e+00
      vertex   9.329069e-01 2.586926e+00 -4.500000e+00
    endloop
  endfacet
  facet normal 3.888242e-01 9.213120e-01 5.254935e-17
    outer loop
      vertex   9.329069e-01 2.586926e+00 -9.000000e+00
      vertex   9.329069e-01 2.586926e+00 -4.500000e+00
      vertex   1.202595e+00 2.473108e+00 -9.000000e+00
    endloop
  endfacet
  facet normal 3.888242e-01 9.213120e-01 -0.000000e+00
    outer loop
      vertex   1.202595e+00 2.473108e+00 -9.000000e+00
      vertex   9.329069e-01 2.586926e+00 -4.500000e+00
      vertex   1.202595e+00 2.473108e+00 -4.500000e+00
    endloop
  endfacet
  facet normal 4.845509e-01 8.747631e-01 -0.000000e+00
    outer loop
      vertex   1.202595e+00 2.473108e+00 -9.000000e+00
      vertex   1.202595e+00 2.473108e+00 -4.500000e+00
      vertex   1.458657e+00 2.331270e+00 -9.000000e+00
    endloop
  endfacet
  facet normal 4.845509e-01 8.747631e-01 -0.000000e+00
    outer loop
      vertex   1.458657e+00 2.331270e+00 -9.000000e+00
      vertex   1.202595e+00 2.473108e+00 -4.500000e+00
      vertex   1.458657e+00 2.331270e+00 -4.500000e+00
    endloop
  endfacet
  facet normal 5.747874e-01 8.183028e-01 -0.000000e+00
    outer loop
      vertex   1.458657e+00 2.331270e+00 -9.000000e+00
      vertex   1.458657e+00 2.331270e+00 -4.500000e+00
      vertex   1.698193e+00 2.163017e+00 -9.000000e+00
    endloop
  endfacet
  facet normal 5.747874e-01 8.183028e-01 -0.000000e+00
    outer loop
      vertex   1.698193e+00 2.163017e+00 -9.000000e+00
      vertex   1.458657e+00 2.331270e+00 -4.500000e+00
      vertex   1.698193e+00 2.163017e+00 -4.500000e+00
    endloop
  endfacet
  facet normal 6.585114e-01 7.525708e-01 -0.000000e+00
    outer loop
      vertex   1.698193e+00 2.163017e+00 -9.000000e+00
      vertex   1.698193e+00 2.163017e+00 -4.500000e+00
      vertex   1.918487e+00 1.970256e+00 -9.000000e+00
    endloop
  endfacet
  facet normal 6.585114e-01 7.525708e-01 -1.392831e-17
    outer loop
      vertex   1.918487e+00 1.970256e+00 -9.000000e+00
      vertex   1.698193e+00 2.163017e+00 -4.500000e+00
      vertex   1.918487e+00 1.970256e+00 -4.500000e+00
    endloop
  endfacet
  facet normal 7.347742e-01 6.783118e-01 -4.740028e-17
    outer loop
      vertex   1.918487e+00 1.970256e+00 -9.000000e+00
      vertex   1.918487e+00 1.970256e+00 -4.500000e+00
      vertex   2.117043e+00 1.755172e+00 -9.000000e+00
    endloop
  endfacet
  facet normal 7.347742e-01 6.783118e-01 6.136815e-17
    outer loop
      vertex   2.117043e+00 1.755172e+00 -9.000000e+00
      vertex   1.918487e+00 1.970256e+00 -4.500000e+00
      vertex   2.117043e+00 1.755172e+00 -4.500000e+00
    endloop
  endfacet
  facet normal 8.027116e-01 5.963674e-01 3.849001e-17
    outer loop
      vertex   2.117043e+00 1.755172e+00 -9.000000e+00
      vertex   2.117043e+00 1.755172e+00 -4.500000e+00
      vertex   2.291613e+00 1.520200e+00 -9.000000e+00
    endloop
  endfacet
  facet normal 8.027116e-01 5.963674e-01 -4.072679e-17
    outer loop
      vertex   2.291613e+00 1.520200e+00 -9.000000e+00
      vertex   2.117043e+00 1.755172e+00 -4.500000e+00
      vertex   2.291613e+00 1.520200e+00 -4.500000e+00
    endloop
  endfacet
  facet normal 8.615541e-01 5.076658e-01 -6.984799e-17
    outer loop
      vertex   2.291613e+00 1.520200e+00 -9.000000e+00
      vertex   2.291613e+00 1.520200e+00 -4.500000e+00
      vertex   2.440218e+00 1.268004e+00 -9.000000e+00
    endloop
  endfacet
  facet normal 8.615541e-01 5.076658e-01 -4.479811e-17
    outer loop
      vertex   2.440218e+00 1.268004e+00 -9.000000e+00
      vertex   2.291613e+00 1.520200e+00 -4.500000e+00
      vertex   2.440218e+00 1.268004e+00 -4.500000e+00
    endloop
  endfacet
  facet normal 9.106348e-01 4.132122e-01 -7.778855e-17
    outer loop
      vertex   2.440218e+00 1.268004e+00 -9.000000e+00
      vertex   2.440218e+00 1.268004e+00 -4.500000e+00
      vertex   2.561174e+00 1.001442e+00 -9.000000e+00
    endloop
  endfacet
  facet normal 9.106348e-01 4.132122e-01 1.207880e-17
    outer loop
      vertex   2.561174e+00 1.001442e+00 -9.000000e+00
      vertex   2.440218e+00 1.268004e+00 -4.500000e+00
      vertex   2.561174e+00 1.001442e+00 -4.500000e+00
    endloop
  endfacet
  facet normal 9.493976e-01 3.140767e-01 -1.620490e-17
    outer loop
      vertex   2.561174e+00 1.001442e+00 -9.000000e+00
      vertex   2.561174e+00 1.001442e+00 -4.500000e+00
      vertex   2.653112e+00 7.235321e-01 -9.000000e+00
    endloop
  endfacet
  facet normal 9.493976e-01 3.140767e-01 -0.000000e+00
    outer loop
      vertex   2.653112e+00 7.235321e-01 -9.000000e+00
      vertex   2.561174e+00 1.001442e+00 -4.500000e+00
      vertex   2.653112e+00 7.235321e-01 -4.500000e+00
    endloop
  endfacet
  facet normal 9.774034e-01 2.113826e-01 -0.000000e+00
    outer loop
      vertex   2.653112e+00 7.235321e-01 -9.000000e+00
      vertex   2.653112e+00 7.235321e-01 -4.500000e+00
      vertex   2.714988e+00 4.374246e-01 -9.000000e+00
    endloop
  endfacet
  facet normal 9.774034e-01 2.113826e-01 -0.000000e+00
    outer loop
      vertex   2.714988e+00 4.374246e-01 -9.000000e+00
      vertex   2.653112e+00 7.235321e-01 -4.500000e+00
      vertex   2.714988e+00 4.374246e-01 -4.500000e+00
    endloop
  endfacet
  facet normal 9.943348e-01 1.062935e-01 -0.000000e+00
    outer loop
      vertex   2.714988e+00 4.374246e-01 -9.000000e+00
      vertex   2.714988e+00 4.374246e-01 -4.500000e+00
      vertex   2.746102e+00 1.463610e-01 -9.000000e+00
    endloop
  endfacet
  facet normal 9.943348e-01 1.062935e-01 -0.000000e+00
    outer loop
      vertex   2.746102e+00 1.463610e-01 -9.000000e+00
      vertex   2.714988e+00 4.374246e-01 -4.500000e+00
      vertex   2.746102e+00 1.463610e-01 -4.500000e+00
    endloop
  endfacet
  facet normal 1.000000e+00 0.000000e+00 -0.000000e+00
    outer loop
      vertex   2.746102e+00 1.463610e-01 -9.000000e+00
      vertex   2.746102e+00 1.463610e-01 -4.500000e+00
      vertex   2.746102e+00 -1.463610e-01 -9.000000e+00
    endloop
  endfacet
  facet normal 1.000000e+00 0.000000e+00 0.000000e+00
    outer loop
      vertex   2.746102e+00 -1.463610e-01 -9.000000e+00
      vertex   2.746102e+00 1.463610e-01 -4.500000e+00
      vertex   2.746102e+00 -1.463610e-01 -4.500000e+00
    endloop
  endfacet
  facet normal 9.943348e-01 -1.062935e-01 0.000000e+00
    outer loop
      vertex   2.746102e+00 -1.463610e-01 -9.000000e+00
      vertex   2.746102e+00 -1.463610e-01 -4.500000e+00
      vertex   2.714988e+00 -4.374246e-01 -9.000000e+00
    endloop
  endfacet
  facet normal 9.943348e-01 -1.062935e-01 0.000000e+00
    outer loop
      vertex   2.714988e+00 -4.374246e-01 -9.000000e+00
      vertex   2.746102e+00 -1.463610e-01 -4.500000e+00
      vertex   2.714988e+00 -4.374246e-01 -4.500000e+00
    endloop
  endfacet
  facet normal 9.774034e-01 -2.113826e-01 0.000000e+00
    outer loop
      vertex   2.714988e+00 -4.374246e-01 -9.000000e+00
      vertex   2.714988e+00 -4.374246e-01 -4.500000e+00
      vertex   2.653112e+00 -7.235321e-01 -9.000000e+00
    endloop
  endfacet
  facet normal 9.774034e-01 -2.113826e-01 0.000000e+00
    outer loop
      vertex   2.653112e+00 -7.235321e-01 -9.000000e+00
      vertex   2.714988e+00 -4.374246e-01 -4.500000e+00
      vertex   2.653112e+00 -7.235321e-01 -4.500000e+00
    endloop
  endfacet
  facet normal 9.493976e-01 -3.140767e-01 0.000000e+00
    outer loop
      vertex   2.653112e+00 -7.235321e-01 -9.000000e+00
      vertex   2.653112e+00 -7.235321e-01 -4.500000e+00
      vertex   2.561174e+00 -1.001442e+00 -9.000000e+00
    endloop
  endfacet
  facet normal 9.493976e-01 -3.140767e-01 1.620490e-17
    outer loop
      vertex   2.561174e+00 -1.001442e+00 -9.000000e+00
      vertex   2.653112e+00 -7.235321e-01 -4.500000e+00
      vertex   2.561174e+00 -1.001442e+00 -4.500000e+00
    endloop
  endfacet
  facet normal 9.106348e-01 -4.132122e-01 -1.207880e-17
    outer loop
      vertex   2.561174e+00 -1.001442e+00 -9.000000e+00
      vertex   2.561174e+00 -1.001442e+00 -4.500000e+00
      vertex   2.440218e+00 -1.268004e+00 -9.000000e+00
    endloop
  endfacet
  facet normal 9.106348e-01 -4.132122e-01 7.778855e-17
    outer loop
      vertex   2.440218e+00 -1.268004e+00 -9.000000e+00
      vertex   2.561174e+00 -1.001442e+00 -4.500000e+00
      vertex   2.440218e+00 -1.268004e+00 -4.500000e+00
    endloop
  endfacet
  facet normal 8.615541e-01 -5.076658e-01 4.479811e-17
    outer loop
      vertex   2.440218e+00 -1.268004e+00 -9.000000e+00
      vertex   2.440218e+00 -1.268004e+00 -4.500000e+00
      vertex   2.291613e+00 -1.520200e+00 -9.000000e+00
    endloop
  endfacet
  facet normal 8.615541e-01 -5.076658e-01 6.984799e-17
    outer loop
      vertex   2.291613e+00 -1.520200e+00 -9.000000e+00
      vertex   2.440218e+00 -1.268004e+00 -4.500000e+00
      vertex   2.291613e+00 -1.520200e+00 -4.500000e+00
    endloop
  endfacet
  facet normal 8.027116e-01 -5.963674e-01 4.072679e-17
    outer loop
      vertex   2.291613e+00 -1.520200e+00 -9.000000e+00
      vertex   2.291613e+00 -1.520200e+00 -4.500000e+00
      vertex   2.117043e+00 -1.755172e+00 -9.000000e+00
    endloop
  endfacet
  facet normal 8.027116e-01 -5.963674e-01 -3.849001e-17
    outer loop
      vertex   2.117043e+00 -1.755172e+00 -9.000000e+00
      vertex   2.291613e+00 -1.520200e+00 -4.500000e+00
      vertex   2.117043e+00 -1.755172e+00 -4.500000e+00
    endloop
  endfacet
  facet normal 7.347742e-01 -6.783118e-01 -6.136815e-17
    outer loop
      vertex   2.117043e+00 -1.755172e+00 -9.000000e+00
      vertex   2.117043e+00 -1.755172e+00 -4.500000e+00
      vertex   1.918487e+00 -1.970256e+00 -9.000000e+00
    endloop
  endfacet
  facet normal 7.347742e-01 -6.783118e-01 4.740028e-17
    outer loop
      vertex   1.918487e+00 -1.970256e+00 -9.000000e+00
      vertex   2.117043e+00 -1.755172e+00 -4.500000e+00
      vertex   1.918487e+00 -1.970256e+00 -4.500000e+00
    endloop
  endfacet
  facet normal 6.585114e-01 -7.525708e-01 1.392831e-17
    outer loop
      vertex   1.918487e+00 -1.970256e+00 -9.000000e+00
      vertex   1.918487e+00 -1.970256e+00 -4.500000e+00
      vertex   1.698193e+00 -2.163017e+00 -9.000000e+00
    endloop
  endfacet
  facet normal 6.585114e-01 -7.525708e-01 0.000000e+00
    outer loop
      vertex   1.698193e+00 -2.163017e+00 -9.000000e+00
      vertex   1.918487e+00 -1.970256e+00 -4.500000e+00
      vertex   1.698193e+00 -2.163017e+00 -4.500000e+00
    endloop
  endfacet
  facet normal 5.747874e-01 -8.183028e-01 0.000000e+00
    outer loop
      vertex   1.698193e+00 -2.163017e+00 -9.000000e+00
      vertex   1.698193e+00 -2.163017e+00 -4.500000e+00
      vertex   1.458657e+00 -2.331270e+00 -9.000000e+00
    endloop
  endfacet
  facet normal 5.747874e-01 -8.183028e-01 0.000000e+00
    outer loop
      vertex   1.458657e+00 -2.331270e+00 -9.000000e+00
      vertex   1.698193e+00 -2.163017e+00 -4.500000e+00
      vertex   1.458657e+00 -2.331270e+00 -4.500000e+00
    endloop
  endfacet
  facet normal 4.845509e-01 -8.747631e-01 0.000000e+00
    outer loop
      vertex   1.458657e+00 -2.331270e+00 -9.000000e+00
      vertex   1.458657e+00 -2.331270e+00 -4.500000e+00
      vertex   1.202595e+00 -2.473108e+00 -9.000000e+00
    endloop
  endfacet
  facet normal 4.845509e-01 -8.747631e-01 0.000000e+00
    outer loop
      vertex   1.202595e+00 -2.473108e+00 -9.000000e+00
      vertex   1.458657e+00 -2.331270e+00 -4.500000e+00
      vertex   1.202595e+00 -2.473108e+00 -4.500000e+00
    endloop
  endfacet
  facet normal 3.888242e-01 -9.213120e-01 0.000000e+00
    outer loop
      vertex   1.202595e+00 -2.473108e+00 -9.000000e+00
      vertex   1.202595e+00 -2.473108e+00 -4.500000e+00
      vertex   9.329069e-01 -2.586926e+00 -9.000000e+00
    endloop
  endfacet
  facet normal 3.888242e-01 -9.213120e-01 -5.254935e-17
    outer loop
      vertex   9.329069e-01 -2.586926e+00 -9.000000e+00
      vertex   1.202595e+00 -2.473108e+00 -4.500000e+00
      vertex   9.329069e-01 -2.586926e+00 -4.500000e+00
    endloop
  endfacet
  facet normal 2.886919e-01 -9.574220e-01 -6.599463e-17
    outer loop
      vertex   9.329069e-01 -2.586926e+00 -9.000000e+00
      vertex   9.329069e-01 -2.586926e+00 -4.500000e+00
      vertex   6.526484e-01 -2.671432e+00 -9.000000e+00
    endloop
  endfacet
  facet normal 2.886919e-01 -9.574220e-01 4.985749e-17
    outer loop
      vertex   6.526484e-01 -2.671432e+00 -9.000000e+00
      vertex   9.329069e-01 -2.586926e+00 -4.500000e+00
      vertex   6.526484e-01 -2.671432e+00 -4.500000e+00
    endloop
  endfacet
  facet normal 1.852887e-01 -9.826841e-01 3.199961e-17
    outer loop
      vertex   6.526484e-01 -2.671432e+00 -9.000000e+00
      vertex   6.526484e-01 -2.671432e+00 -4.500000e+00
      vertex   3.649952e-01 -2.725670e+00 -9.000000e+00
    endloop
  endfacet
  facet normal 1.852887e-01 -9.826841e-01 2.742824e-17
    outer loop
      vertex   3.649952e-01 -2.725670e+00 -9.000000e+00
      vertex   6.526484e-01 -2.671432e+00 -4.500000e+00
      vertex   3.649952e-01 -2.725670e+00 -4.500000e+00
    endloop
  endfacet
  facet normal 7.978611e-02 -9.968120e-01 1.181072e-17
    outer loop
      vertex   3.649952e-01 -2.725670e+00 -9.000000e+00
      vertex   3.649952e-01 -2.725670e+00 -4.500000e+00
      vertex   7.320643e-02 -2.749025e+00 -9.000000e+00
    endloop
  endfacet
  facet normal 7.978611e-02 -9.968120e-01 -1.859173e-16
    outer loop
      vertex   7.320643e-02 -2.749025e+00 -9.000000e+00
      vertex   3.649952e-01 -2.725670e+00 -4.500000e+00
      vertex   7.320643e-02 -2.749025e+00 -4.500000e+00
    endloop
  endfacet
  facet normal -2.662052e-02 -9.996456e-01 -2.009153e-16
    outer loop
      vertex   7.320643e-02 -2.749025e+00 -9.000000e+00
      vertex   7.320643e-02 -2.749025e+00 -4.500000e+00
      vertex   -2.194118e-01 -2.741233e+00 -9.000000e+00
    endloop
  endfacet
  facet normal -2.662052e-02 -9.996456e-01 -3.776436e-18
    outer loop
      vertex   -2.194118e-01 -2.741233e+00 -9.000000e+00
      vertex   7.320643e-02 -2.749025e+00 -4.500000e+00
      vertex   -2.194118e-01 -2.741233e+00 -4.500000e+00
    endloop
  endfacet
  facet normal -1.327255e-01 -9.911528e-01 -1.882869e-17
    outer loop
      vertex   -2.194118e-01 -2.741233e+00 -9.000000e+00
      vertex   -2.194118e-01 -2.741233e+00 -4.500000e+00
      vertex   -5.095440e-01 -2.702381e+00 -9.000000e+00
    endloop
  endfacet
  facet normal -1.327255e-01 -9.911528e-01 -3.602010e-17
    outer loop
      vertex   -5.095440e-01 -2.702381e+00 -9.000000e+00
      vertex   -2.194118e-01 -2.741233e+00 -4.500000e+00
      vertex   -5.095440e-01 -2.702381e+00 -4.500000e+00
    endloop
  endfacet
  facet normal -2.373267e-01 -9.714299e-01 -6.440758e-17
    outer loop
      vertex   -5.095440e-01 -2.702381e+00 -9.000000e+00
      vertex   -5.095440e-01 -2.702381e+00 -4.500000e+00
      vertex   -7.939029e-01 -2.632911e+00 -9.000000e+00
    endloop
  endfacet
  facet normal -2.373267e-01 -9.714299e-01 -6.440758e-17
    outer loop
      vertex   -7.939029e-01 -2.632911e+00 -9.000000e+00
      vertex   -5.095440e-01 -2.702381e+00 -4.500000e+00
      vertex   -7.939029e-01 -2.632911e+00 -4.500000e+00
    endloop
  endfacet
  facet normal -3.392389e-01 -9.407003e-01 -9.206531e-17
    outer loop
      vertex   -7.939029e-01 -2.632911e+00 -9.000000e+00
      vertex   -7.939029e-01 -2.632911e+00 -4.500000e+00
      vertex   -1.069266e+00 -2.533608e+00 -9.000000e+00
    endloop
  endfacet
  facet normal -3.392389e-01 -9.407003e-01 2.587782e-17
    outer loop
      vertex   -1.069266e+00 -2.533608e+00 -9.000000e+00
      vertex   -7.939029e-01 -2.632911e+00 -4.500000e+00
      vertex   -1.069266e+00 -2.533608e+00 -4.500000e+00
    endloop
  endfacet
  facet normal -4.373073e-01 -8.993121e-01 2.437309e-18
    outer loop
      vertex   -1.069266e+00 -2.533608e+00 -9.000000e+00
      vertex   -1.069266e+00 -2.533608e+00 -4.500000e+00
      vertex   -1.332515e+00 -2.405598e+00 -9.000000e+00
    endloop
  endfacet
  facet normal -4.373073e-01 -8.993121e-01 6.960910e-17
    outer loop
      vertex   -1.332515e+00 -2.405598e+00 -9.000000e+00
      vertex   -1.069266e+00 -2.533608e+00 -4.500000e+00
      vertex   -1.332515e+00 -2.405598e+00 -4.500000e+00
    endloop
  endfacet
  facet normal -5.304209e-01 -8.477344e-01 3.645643e-17
    outer loop
      vertex   -1.332515e+00 -2.405598e+00 -9.000000e+00
      vertex   -1.332515e+00 -2.405598e+00 -4.500000e+00
      vertex   -1.580665e+00 -2.250333e+00 -9.000000e+00
    endloop
  endfacet
  facet normal -5.304209e-01 -8.477344e-01 -4.720351e-17
    outer loop
      vertex   -1.580665e+00 -2.250333e+00 -9.000000e+00
      vertex   -1.332515e+00 -2.405598e+00 -4.500000e+00
      vertex   -1.580665e+00 -2.250333e+00 -4.500000e+00
    endloop
  endfacet
  facet normal -6.175246e-01 -7.865516e-01 -7.473133e-17
    outer loop
      vertex   -1.580665e+00 -2.250333e+00 -9.000000e+00
      vertex   -1.580665e+00 -2.250333e+00 -4.500000e+00
      vertex   -1.810906e+00 -2.069570e+00 -9.000000e+00
    endloop
  endfacet
  facet normal -6.175246e-01 -7.865516e-01 6.383202e-17
    outer loop
      vertex   -1.810906e+00 -2.069570e+00 -9.000000e+00
      vertex   -1.580665e+00 -2.250333e+00 -4.500000e+00
      vertex   -1.810906e+00 -2.069570e+00 -4.500000e+00
    endloop
  endfacet
  facet normal -6.976315e-01 -7.164567e-01 3.813899e-17
    outer loop
      vertex   -1.810906e+00 -2.069570e+00 -9.000000e+00
      vertex   -1.810906e+00 -2.069570e+00 -4.500000e+00
      vertex   -2.020629e+00 -1.865358e+00 -9.000000e+00
    endloop
  endfacet
  facet normal -6.976315e-01 -7.164567e-01 7.256240e-17
    outer loop
      vertex   -2.020629e+00 -1.865358e+00 -9.000000e+00
      vertex   -1.810906e+00 -2.069570e+00 -4.500000e+00
      vertex   -2.020629e+00 -1.865358e+00 -4.500000e+00
    endloop
  endfacet
  facet normal -7.698340e-01 -6.382442e-01 4.999994e-17
    outer loop
      vertex   -2.020629e+00 -1.865358e+00 -9.000000e+00
      vertex   -2.020629e+00 -1.865358e+00 -4.500000e+00
      vertex   -2.207457e+00 -1.640010e+00 -9.000000e+00
    endloop
  endfacet
  facet normal -7.698340e-01 -6.382442e-01 -7.465367e-18
    outer loop
      vertex   -2.207457e+00 -1.640010e+00 -9.000000e+00
      vertex   -2.020629e+00 -1.865358e+00 -4.500000e+00
      vertex   -2.207457e+00 -1.640010e+00 -4.500000e+00
    endloop
  endfacet
  facet normal -8.333139e-01 -5.528001e-01 -5.577183e-17
    outer loop
      vertex   -2.207457e+00 -1.640010e+00 -9.000000e+00
      vertex   -2.207457e+00 -1.640010e+00 -4.500000e+00
      vertex   -2.369274e+00 -1.396081e+00 -9.000000e+00
    endloop
  endfacet
  facet normal -8.333139e-01 -5.528001e-01 0.000000e+00
    outer loop
      vertex   -2.369274e+00 -1.396081e+00 -9.000000e+00
      vertex   -2.207457e+00 -1.640010e+00 -4.500000e+00
      vertex   -2.369274e+00 -1.396081e+00 -4.500000e+00
    endloop
  endfacet
  facet normal -8.873521e-01 -4.610925e-01 0.000000e+00
    outer loop
      vertex   -2.369274e+00 -1.396081e+00 -9.000000e+00
      vertex   -2.369274e+00 -1.396081e+00 -4.500000e+00
      vertex   -2.504246e+00 -1.136334e+00 -9.000000e+00
    endloop
  endfacet
  facet normal -8.873521e-01 -4.610925e-01 0.000000e+00
    outer loop
      vertex   -2.504246e+00 -1.136334e+00 -9.000000e+00
      vertex   -2.369274e+00 -1.396081e+00 -4.500000e+00
      vertex   -2.504246e+00 -1.136334e+00 -4.500000e+00
    endloop
  endfacet
  facet normal -9.313362e-01 -3.641606e-01 0.000000e+00
    outer loop
      vertex   -2.504246e+00 -1.136334e+00 -9.000000e+00
      vertex   -2.504246e+00 -1.136334e+00 -4.500000e+00
      vertex   -2.610843e+00 -8.637110e-01 -9.000000e+00
    endloop
  endfacet
  facet normal -9.313362e-01 -3.641606e-01 0.000000e+00
    outer loop
      vertex   -2.610843e+00 -8.637110e-01 -9.000000e+00
      vertex   -2.504246e+00 -1.136334e+00 -4.500000e+00
      vertex   -2.610843e+00 -8.637110e-01 -4.500000e+00
    endloop
  endfacet
  facet normal -9.647679e-01 -2.631026e-01 0.000000e+00
    outer loop
      vertex   -2.610843e+00 -8.637110e-01 -9.000000e+00
      vertex   -2.610843e+00 -8.637110e-01 -4.500000e+00
      vertex   -2.687859e+00 -5.813022e-01 -9.000000e+00
    endloop
  endfacet
  facet normal -9.647679e-01 -2.631026e-01 0.000000e+00
    outer loop
      vertex   -2.687859e+00 -5.813022e-01 -9.000000e+00
      vertex   -2.610843e+00 -8.637110e-01 -4.500000e+00
      vertex   -2.687859e+00 -5.813022e-01 -4.500000e+00
    endloop
  endfacet
  facet normal -9.872684e-01 -1.590635e-01 0.000000e+00
    outer loop
      vertex   -2.687859e+00 -5.813022e-01 -9.000000e+00
      vertex   -2.687859e+00 -5.813022e-01 -4.500000e+00
      vertex   -2.734421e+00 -2.923071e-01 -9.000000e+00
    endloop
  endfacet
  facet normal -9.872684e-01 -1.590635e-01 0.000000e+00
    outer loop
      vertex   -2.734421e+00 -2.923071e-01 -9.000000e+00
      vertex   -2.687859e+00 -5.813022e-01 -4.500000e+00
      vertex   -2.734421e+00 -2.923071e-01 -4.500000e+00
    endloop
  endfacet
  facet normal 0.000000e+00 0.000000e+00 -1.000000e+00
    outer loop
      vertex   -2.750000e+00 5.551115e-16 -9.000000e+00
      vertex   -2.734421e+00 2.923071e-01 -9.000000e+00
      vertex   -2.734421e+00 -2.923071e-01 -9.000000e+00
    endloop
  endfacet
  facet normal 0.000000e+00 0.000000e+00 -1.000000e+00
    outer loop
      vertex   -2.734421e+00 -2.923071e-01 -9.000000e+00
      vertex   -2.734421e+00 2.923071e-01 -9.000000e+00
      vertex   -2.687859e+00 -5.813022e-01 -9.000000e+00
    endloop
  endfacet
  facet normal 0.000000e+00 0.000000e+00 -1.000000e+00
    outer loop
      vertex   -2.687859e+00 -5.813022e-01 -9.000000e+00
      vertex   -2.734421e+00 2.923071e-01 -9.000000e+00
      vertex   -2.610843e+00 -8.637110e-01 -9.000000e+00
    endloop
  endfacet
  facet normal 0.000000e+00 0.000000e+00 -1.000000e+00
    outer loop
      vertex   -2.610843e+00 -8.637110e-01 -9.000000e+00
      vertex   -2.734421e+00 2.923071e-01 -9.000000e+00
      vertex   -2.504246e+00 -1.136334e+00 -9.000000e+00
    endloop
  endfacet
  facet normal 0.000000e+00 0.000000e+00 -1.000000e+00
    outer loop
      vertex   -2.504246e+00 -1.136334e+00 -9.000000e+00
      vertex   -2.734421e+00 2.923071e-01 -9.000000e+00
      vertex   -2.369274e+00 -1.396081e+00 -9.000000e+00
    endloop
  endfacet
  facet normal 0.000000e+00 0.000000e+00 -1.000000e+00
    outer loop
      vertex   -2.369274e+00 -1.396081e+00 -9.000000e+00
      vertex   -2.734421e+00 2.923071e-01 -9.000000e+00
      vertex   -2.207457e+00 -1.640010e+00 -9.000000e+00
    endloop
  endfacet
  facet normal 0.000000e+00 0.000000e+00 -1.000000e+00
    outer loop
      vertex   -2.207457e+00 -1.640010e+00 -9.000000e+00
      vertex   -2.734421e+00 2.923071e-01 -9.000000e+00
      vertex   -2.020629e+00 -1.865358e+00 -9.000000e+00
    endloop
  endfacet
  facet normal 0.000000e+00 0.000000e+00 -1.000000e+00
    outer loop
      vertex   -2.020629e+00 -1.865358e+00 -9.000000e+00
      vertex   -2.734421e+00 2.923071e-01 -9.000000e+00
      vertex   -1.810906e+00 -2.069570e+00 -9.000000e+00
    endloop
  endfacet
  facet normal 0.000000e+00 0.000000e+00 -1.000000e+00
    outer loop
      vertex   -1.810906e+00 -2.069570e+00 -9.000000e+00
      vertex   -2.734421e+00 2.923071e-01 -9.000000e+00
      vertex   -1.580665e+00 -2.250333e+00 -9.000000e+00
    endloop
  endfacet
  facet normal 0.000000e+00 0.000000e+00 -1.000000e+00
    outer loop
      vertex   -1.580665e+00 -2.250333e+00 -9.000000e+00
      vertex   -2.734421e+00 2.923071e-01 -9.000000e+00
      vertex   -1.332515e+00 -2.405598e+00 -9.000000e+00
    endloop
  endfacet
  facet normal 0.000000e+00 0.000000e+00 -1.000000e+00
    outer loop
      vertex   -1.332515e+00 -2.405598e+00 -9.000000e+00
      vertex   -2.734421e+00 2.923071e-01 -9.000000e+00
      vertex   -1.069266e+00 -2.533608e+00 -9.000000e+00
    endloop
  endfacet
  facet normal 0.000000e+00 0.000000e+00 -1.000000e+00
    outer loop
      vertex   -1.069266e+00 -2.533608e+00 -9.000000e+00
      vertex   -2.734421e+00 2.923071e-01 -9.000000e+00
      vertex   -7.939029e-01 -2.632911e+00 -9.000000e+00
    endloop
  endfacet
  facet normal 0.000000e+00 0.000000e+00 -1.000000e+00
    outer loop
      vertex   -7.939029e-01 -2.632911e+00 -9.000000e+00
      vertex   -2.734421e+00 2.923071e-01 -9.000000e+00
      vertex   -5.095440e-01 -2.702381e+00 -9.000000e+00
    endloop
  endfacet
  facet normal 0.000000e+00 0.000000e+00 -1.000000e+00
    outer loop
      vertex   -5.095440e-01 -2.702381e+00 -9.000000e+00
      vertex   -2.734421e+00 2.923071e-01 -9.000000e+00
      vertex   -2.194118e-01 -2.741233e+00 -9.000000e+00
    endloop
  endfacet
  facet normal 0.000000e+00 0.000000e+00 -1.000000e+00
    outer loop
      vertex   -2.194118e-01 -2.741233e+00 -9.000000e+00
      vertex   -2.734421e+00 2.923071e-01 -9.000000e+00
      vertex   7.320643e-02 -2.749025e+00 -9.000000e+00
    endloop
  endfacet
  facet normal 0.000000e+00 0.000000e+00 -1.000000e+00
    outer loop
      vertex   7.320643e-02 -2.749025e+00 -9.000000e+00
      vertex   -2.734421e+00 2.923071e-01 -9.000000e+00
      vertex   3.649952e-01 -2.725670e+00 -9.000000e+00
    endloop
  endfacet
  facet normal 0.000000e+00 0.000000e+00 -1.000000e+00
    outer loop
      vertex   3.649952e-01 -2.725670e+00 -9.000000e+00
      vertex   -2.734421e+00 2.923071e-01 -9.000000e+00
      vertex   6.526484e-01 -2.671432e+00 -9.000000e+00
    endloop
  endfacet
  facet normal 0.000000e+00 0.000000e+00 -1.000000e+00
    outer loop
      vertex   6.526484e-01 -2.671432e+00 -9.000000e+00
      vertex   -2.734421e+00 2.923071e-01 -9.000000e+00
      vertex   9.329069e-01 -2.586926e+00 -9.000000e+00
    endloop
  endfacet
  facet normal 0.000000e+00 0.000000e+00 -1.000000e+00
    outer loop
      vertex   9.329069e-01 -2.586926e+00 -9.000000e+00
      vertex   -2.734421e+00 2.923071e-01 -9.000000e+00
      vertex   1.202595e+00 -2.473108e+00 -9.000000e+00
    endloop
  endfacet
  facet normal 0.000000e+00 0.000000e+00 -1.000000e+00
    outer loop
      vertex   1.202595e+00 -2.473108e+00 -9.000000e+00
      vertex   -2.734421e+00 2.923071e-01 -9.000000e+00
      vertex   1.458657e+00 -2.331270e+00 -9.000000e+00
    endloop
  endfacet
  facet normal 0.000000e+00 0.000000e+00 -1.000000e+00
    outer loop
      vertex   1.458657e+00 -2.331270e+00 -9.000000e+00
      vertex   -2.734421e+00 2.923071e-01 -9.000000e+00
      vertex   1.698193e+00 -2.163017e+00 -9.000000e+00
    endloop
  endfacet
  facet normal 0.000000e+00 0.000000e+00 -1.000000e+00
    outer loop
      vertex   1.698193e+00 -2.163017e+00 -9.000000e+00
      vertex   -2.734421e+00 2.923071e-01 -9.000000e+00
      vertex   1.918487e+00 -1.970256e+00 -9.000000e+00
    endloop
  endfacet
  facet normal 0.000000e+00 0.000000e+00 -1.000000e+00
    outer loop
      vertex   1.918487e+00 -1.970256e+00 -9.000000e+00
      vertex   -2.734421e+00 2.923071e-01 -9.000000e+00
      vertex   2.117043e+00 -1.755172e+00 -9.000000e+00
    endloop
  endfacet
  facet normal 0.000000e+00 0.000000e+00 -1.000000e+00
    outer loop
      vertex   2.117043e+00 -1.755172e+00 -9.000000e+00
      vertex   -2.734421e+00 2.923071e-01 -9.000000e+00
      vertex   2.291613e+00 -1.520200e+00 -9.000000e+00
    endloop
  endfacet
  facet normal 0.000000e+00 0.000000e+00 -1.000000e+00
    outer loop
      vertex   2.291613e+00 -1.520200e+00 -9.000000e+00
      vertex   -2.734421e+00 2.923071e-01 -9.000000e+00
      vertex   2.440218e+00 -1.268004e+00 -9.000000e+00
    endloop
  endfacet
  facet normal 0.000000e+00 0.000000e+00 -1.000000e+00
    outer loop
      vertex   2.440218e+00 -1.268004e+00 -9.000000e+00
      vertex   -2.734421e+00 2.923071e-01 -9.000000e+00
      vertex   2.561174e+00 -1.001442e+00 -9.000000e+00
    endloop
  endfacet
  facet normal 0.000000e+00 0.000000e+00 -1.000000e+00
    outer loop
      vertex   2.561174e+00 -1.001442e+00 -9.000000e+00
      vertex   -2.734421e+00 2.923071e-01 -9.000000e+00
      vertex   2.653112e+00 -7.235321e-01 -9.000000e+00
    endloop
  endfacet
  facet normal 0.000000e+00 0.000000e+00 -1.000000e+00
    outer loop
      vertex   2.653112e+00 -7.235321e-01 -9.000000e+00
      vertex   -2.734421e+00 2.923071e-01 -9.000000e+00
      vertex   2.714988e+00 -4.374246e-01 -9.000000e+00
    endloop
  endfacet
  facet normal 0.000000e+00 0.000000e+00 -1.000000e+00
    outer loop
      vertex   2.714988e+00 -4.374246e-01 -9.000000e+00
      vertex   -2.734421e+00 2.923071e-01 -9.000000e+00
      vertex   2.746102e+00 -1.463610e-01 -9.000000e+00
    endloop
  endfacet
  facet normal 0.000000e+00 0.000000e+00 -1.000000e+00
    outer loop
      vertex   2.746102e+00 -1.463610e-01 -9.000000e+00
      vertex   -2.734421e+00 2.923071e-01 -9.000000e+00
      vertex   2.746102e+00 1.463610e-01 -9.000000e+00
    endloop
  endfacet
  facet normal 0.000000e+00 0.000000e+00 -1.000000e+00
    outer loop
      vertex   2.746102e+00 1.463610e-01 -9.000000e+00
      vertex   -2.734421e+00 2.923071e-01 -9.000000e+00
      vertex   2.714988e+00 4.374246e-01 -9.000000e+00
    endloop
  endfacet
  facet normal -0.000000e+00 0.000000e+00 -1.000000e+00
    outer loop
      vertex   2.714988e+00 4.374246e-01 -9.000000e+00
      vertex   -2.734421e+00 2.923071e-01 -9.000000e+00
      vertex   -2.687859e+00 5.813022e-01 -9.000000e+00
    endloop
  endfacet
  facet normal 0.000000e+00 0.000000e+00 -1.000000e+00
    outer loop
      vertex   2.714988e+00 4.374246e-01 -9.000000e+00
      vertex   -2.687859e+00 5.813022e-01 -9.000000e+00
      vertex   2.653112e+00 7.235321e-01 -9.000000e+00
    endloop
  endfacet
  facet normal -0.000000e+00 0.000000e+00 -1.000000e+00
    outer loop
      vertex   2.653112e+00 7.235321e-01 -9.000000e+00
      vertex   -2.687859e+00 5.813022e-01 -9.000000e+00
      vertex   -2.610843e+00 8.637110e-01 -9.000000e+00
    endloop
  endfacet
  facet normal 0.000000e+00 0.000000e+00 -1.000000e+00
    outer loop
      vertex   2.653112e+00 7.235321e-01 -9.000000e+00
      vertex   -2.610843e+00 8.637110e-01 -9.000000e+00
      vertex   2.561174e+00 1.001442e+00 -9.000000e+00
    endloop
  endfacet
  facet normal -0.000000e+00 0.000000e+00 -1.000000e+00
    outer loop
      vertex   2.561174e+00 1.001442e+00 -9.000000e+00
      vertex   -2.610843e+00 8.637110e-01 -9.000000e+00
      vertex   -2.504246e+00 1.136334e+00 -9.000000e+00
    endloop
  endfacet
  facet normal 0.000000e+00 0.000000e+00 -1.000000e+00
    outer loop
      vertex   2.561174e+00 1.001442e+00 -9.000000e+00
      vertex   -2.504246e+00 1.136334e+00 -9.000000e+00
      vertex   2.440218e+00 1.268004e+00 -9.000000e+00
    endloop
  endfacet
  facet normal -0.000000e+00 0.000000e+00 -1.000000e+00
    outer loop
      vertex   2.440218e+00 1.268004e+00 -9.000000e+00
      vertex   -2.504246e+00 1.136334e+00 -9.000000e+00
      vertex   -2.369274e+00 1.396081e+00 -9.000000e+00
    endloop
  endfacet
  facet normal 0.000000e+00 0.000000e+00 -1.000000e+00
    outer loop
      vertex   2.440218e+00 1.268004e+00 -9.000000e+00
      vertex   -2.369274e+00 1.396081e+00 -9.000000e+00
      vertex   2.291613e+00 1.520200e+00 -9.000000e+00
    endloop
  endfacet
  facet normal -0.000000e+00 0.000000e+00 -1.000000e+00
    outer loop
      vertex   2.291613e+00 1.520200e+00 -9.000000e+00
      vertex   -2.369274e+00 1.396081e+00 -9.000000e+00
      vertex   -2.207457e+00 1.640010e+00 -9.000000e+00
    endloop
  endfacet
  facet normal 0.000000e+00 0.000000e+00 -1.000000e+00
    outer loop
      vertex   2.291613e+00 1.520200e+00 -9.000000e+00
      vertex   -2.207457e+00 1.640010e+00 -9.000000e+00
      vertex   2.117043e+00 1.755172e+00 -9.000000e+00
    endloop
  endfacet
  facet normal -0.000000e+00 0.000000e+00 -1.000000e+00
    outer loop
      vertex   2.117043e+00 1.755172e+00 -9.000000e+00
      vertex   -2.207457e+00 1.640010e+00 -9.000000e+00
      vertex   -2.020629e+00 1.865358e+00 -9.000000e+00
    endloop
  endfacet
  facet normal 0.000000e+00 0.000000e+00 -1.000000e+00
    outer loop
      vertex   2.117043e+00 1.755172e+00 -9.000000e+00
      vertex   -2.020629e+00 1.865358e+00 -9.000000e+00
      vertex   1.918487e+00 1.970256e+00 -9.000000e+00
    endloop
  endfacet
  facet normal -0.000000e+00 0.000000e+00 -1.000000e+00
    outer loop
      vertex   1.918487e+00 1.970256e+00 -9.000000e+00
      vertex   -2.020629e+00 1.865358e+00 -9.000000e+00
      vertex   -1.810906e+00 2.069570e+00 -9.000000e+00
    endloop
  endfacet
  facet normal 0.000000e+00 0.000000e+00 -1.000000e+00
    outer loop
      vertex   1.918487e+00 1.970256e+00 -9.000000e+00
      vertex   -1.810906e+00 2.069570e+00 -9.000000e+00
      vertex   1.698193e+00 2.163017e+00 -9.000000e+00
    endloop
  endfacet
  facet normal -0.000000e+00 0.000000e+00 -1.000000e+00
    outer loop
      vertex   1.698193e+00 2.163017e+00 -9.000000e+00
      vertex   -1.810906e+00 2.069570e+00 -9.000000e+00
      vertex   -1.580665e+00 2.250333e+00 -9.000000e+00
    endloop
  endfacet
  facet normal 0.000000e+00 0.000000e+00 -1.000000e+00
    outer loop
      vertex   1.698193e+00 2.163017e+00 -9.000000e+00
      vertex   -1.580665e+00 2.250333e+00 -9.000000e+00
      vertex   1.458657e+00 2.331270e+00 -9.000000e+00
    endloop
  endfacet
  facet normal -0.000000e+00 0.000000e+00 -1.000000e+00
    outer loop
      vertex   1.458657e+00 2.331270e+00 -9.000000e+00
      vertex   -1.580665e+00 2.250333e+00 -9.000000e+00
      vertex   -1.332515e+00 2.405598e+00 -9.000000e+00
    endloop
  endfacet
  facet normal 0.000000e+00 0.000000e+00 -1.000000e+00
    outer loop
      vertex   1.458657e+00 2.331270e+00 -9.000000e+00
      vertex   -1.332515e+00 2.405598e+00 -9.000000e+00
      vertex   1.202595e+00 2.473108e+00 -9.000000e+00
    endloop
  endfacet
  facet normal -0.000000e+00 0.000000e+00 -1.000000e+00
    outer loop
      vertex   1.202595e+00 2.473108e+00 -9.000000e+00
      vertex   -1.332515e+00 2.405598e+00 -9.000000e+00
      vertex   -1.069266e+00 2.533608e+00 -9.000000e+00
    endloop
  endfacet
  facet normal 0.000000e+00 0.000000e+00 -1.000000e+00
    outer loop
      vertex   1.202595e+00 2.473108e+00 -9.000000e+00
      vertex   -1.069266e+00 2.533608e+00 -9.000000e+00
      vertex   9.329069e-01 2.586926e+00 -9.000000e+00
    endloop
  endfacet
  facet normal -0.000000e+00 0.000000e+00 -1.000000e+00
    outer loop
      vertex   9.329069e-01 2.586926e+00 -9.000000e+00
      vertex   -1.069266e+00 2.533608e+00 -9.000000e+00
      vertex   -7.939029e-01 2.632911e+00 -9.000000e+00
    endloop
  endfacet
  facet normal 0.000000e+00 0.000000e+00 -1.000000e+00
    outer loop
      vertex   9.329069e-01 2.586926e+00 -9.000000e+00
      vertex   -7.939029e-01 2.632911e+00 -9.000000e+00
      vertex   6.526484e-01 2.671432e+00 -9.000000e+00
    endloop
  endfacet
  facet normal -0.000000e+00 0.000000e+00 -1.000000e+00
    outer loop
      vertex   6.526484e-01 2.671432e+00 -9.000000e+00
      vertex   -7.939029e-01 2.632911e+00 -9.000000e+00
      vertex   -5.095440e-01 2.702381e+00 -9.000000e+00
    endloop
  endfacet
  facet normal 0.000000e+00 0.000000e+00 -1.000000e+00
    outer loop
      vertex   6.526484e-01 2.671432e+00 -9.000000e+00
      vertex   -5.095440e-01 2.702381e+00 -9.000000e+00
      vertex   3.649952e-01 2.725670e+00 -9.000000e+00
    endloop
  endfacet
  facet normal -0.000000e+00 0.000000e+00 -1.000000e+00
    outer loop
      vertex   3.649952e-01 2.725670e+00 -9.000000e+00
      vertex   -5.095440e-01 2.702381e+00 -9.000000e+00
      vertex   -2.194118e-01 2.741233e+00 -9.000000e+00
    endloop
  endfacet
  facet normal 0.000000e+00 0.000000e+00 -1.000000e+00
    outer loop
      vertex   3.649952e-01 2.725670e+00 -9.000000e+00
      vertex   -2.194118e-01 2.741233e+00 -9.000000e+00
      vertex   7.320643e-02 2.749025e+00 -9.000000e+00
    endloop
  endfacet
  facet normal -7.288354e-16 2.499973e-15 -1.000000e+00
    outer loop
      vertex   -3.953097e+00 -3.507477e-01 -4.500000e+00
      vertex   -3.968627e+00 0.000000e+00 -4.500000e+00
      vertex   -2.750000e+00 5.551115e-16 -4.500000e+00
    endloop
  endfacet
  facet normal -7.288354e-16 -2.499973e-15 -1.000000e+00
    outer loop
      vertex   -2.750000e+00 5.551115e-16 -4.500000e+00
      vertex   -3.968627e+00 0.000000e+00 -4.500000e+00
      vertex   -3.953097e+00 3.507477e-01 -4.500000e+00
    endloop
  endfacet
  facet normal 0.000000e+00 0.000000e+00 -1.000000e+00
    outer loop
      vertex   -2.750000e+00 5.551115e-16 -4.500000e+00
      vertex   -3.953097e+00 3.507477e-01 -4.500000e+00
      vertex   -2.734421e+00 2.923071e-01 -4.500000e+00
    endloop
  endfacet
  facet normal 0.000000e+00 0.000000e+00 -1.000000e+00
    outer loop
      vertex   -2.734421e+00 2.923071e-01 -4.500000e+00
      vertex   -3.953097e+00 3.507477e-01 -4.500000e+00
      vertex   -3.906629e+00 6.987503e-01 -4.500000e+00
    endloop
  endfacet
  facet normal 0.000000e+00 0.000000e+00 -1.000000e+00
    outer loop
      vertex   -2.734421e+00 2.923071e-01 -4.500000e+00
      vertex   -3.906629e+00 6.987503e-01 -4.500000e+00
      vertex   -2.687859e+00 5.813022e-01 -4.500000e+00
    endloop
  endfacet
  facet normal 0.000000e+00 0.000000e+00 -1.000000e+00
    outer loop
      vertex   -2.687859e+00 5.813022e-01 -4.500000e+00
      vertex   -3.906629e+00 6.987503e-01 -4.500000e+00
      vertex   -3.829586e+00 1.041284e+00 -4.500000e+00
    endloop
  endfacet
  facet normal 0.000000e+00 0.000000e+00 -1.000000e+00
    outer loop
      vertex   -2.687859e+00 5.813022e-01 -4.500000e+00
      vertex   -3.829586e+00 1.041284e+00 -4.500000e+00
      vertex   -2.610843e+00 8.637110e-01 -4.500000e+00
    endloop
  endfacet
  facet normal 0.000000e+00 0.000000e+00 -1.000000e+00
    outer loop
      vertex   -2.610843e+00 8.637110e-01 -4.500000e+00
      vertex   -3.829586e+00 1.041284e+00 -4.500000e+00
      vertex   -3.722571e+00 1.375669e+00 -4.500000e+00
    endloop
  endfacet
  facet normal 0.000000e+00 0.000000e+00 -1.000000e+00
    outer loop
      vertex   -2.610843e+00 8.637110e-01 -4.500000e+00
      vertex   -3.722571e+00 1.375669e+00 -4.500000e+00
      vertex   -2.504246e+00 1.136334e+00 -4.500000e+00
    endloop
  endfacet
  facet normal 0.000000e+00 0.000000e+00 -1.000000e+00
    outer loop
      vertex   -2.504246e+00 1.136334e+00 -4.500000e+00
      vertex   -3.722571e+00 1.375669e+00 -4.500000e+00
      vertex   -3.586422e+00 1.699287e+00 -4.500000e+00
    endloop
  endfacet
  facet normal 0.000000e+00 0.000000e+00 -1.000000e+00
    outer loop
      vertex   -2.504246e+00 1.136334e+00 -4.500000e+00
      vertex   -3.586422e+00 1.699287e+00 -4.500000e+00
      vertex   -2.369274e+00 1.396081e+00 -4.500000e+00
    endloop
  endfacet
  facet normal 0.000000e+00 0.000000e+00 -1.000000e+00
    outer loop
      vertex   -2.369274e+00 1.396081e+00 -4.500000e+00
      vertex   -3.586422e+00 1.699287e+00 -4.500000e+00
      vertex   -3.422205e+00 2.009605e+00 -4.500000e+00
    endloop
  endfacet
  facet normal 0.000000e+00 0.000000e+00 -1.000000e+00
    outer loop
      vertex   -2.369274e+00 1.396081e+00 -4.500000e+00
      vertex   -3.422205e+00 2.009605e+00 -4.500000e+00
      vertex   -3.231204e+00 2.304196e+00 -4.500000e+00
    endloop
  endfacet
  facet normal 0.000000e+00 0.000000e+00 -1.000000e+00
    outer loop
      vertex   -2.369274e+00 1.396081e+00 -4.500000e+00
      vertex   -3.231204e+00 2.304196e+00 -4.500000e+00
      vertex   -2.207457e+00 1.640010e+00 -4.500000e+00
    endloop
  endfacet
  facet normal 0.000000e+00 0.000000e+00 -1.000000e+00
    outer loop
      vertex   -2.207457e+00 1.640010e+00 -4.500000e+00
      vertex   -3.231204e+00 2.304196e+00 -4.500000e+00
      vertex   -3.014915e+00 2.580754e+00 -4.500000e+00
    endloop
  endfacet
  facet normal 0.000000e+00 0.000000e+00 -1.000000e+00
    outer loop
      vertex   -2.207457e+00 1.640010e+00 -4.500000e+00
      vertex   -3.014915e+00 2.580754e+00 -4.500000e+00
      vertex   -2.020629e+00 1.865358e+00 -4.500000e+00
    endloop
  endfacet
  facet normal 0.000000e+00 0.000000e+00 -1.000000e+00
    outer loop
      vertex   -2.020629e+00 1.865358e+00 -4.500000e+00
      vertex   -3.014915e+00 2.580754e+00 -4.500000e+00
      vertex   -2.775029e+00 2.837113e+00 -4.500000e+00
    endloop
  endfacet
  facet normal 0.000000e+00 0.000000e+00 -1.000000e+00
    outer loop
      vertex   -2.020629e+00 1.865358e+00 -4.500000e+00
      vertex   -2.775029e+00 2.837113e+00 -4.500000e+00
      vertex   -1.810906e+00 2.069570e+00 -4.500000e+00
    endloop
  endfacet
  facet normal 0.000000e+00 0.000000e+00 -1.000000e+00
    outer loop
      vertex   -1.810906e+00 2.069570e+00 -4.500000e+00
      vertex   -2.775029e+00 2.837113e+00 -4.500000e+00
      vertex   -2.513426e+00 3.071268e+00 -4.500000e+00
    endloop
  endfacet
  facet normal 0.000000e+00 0.000000e+00 -1.000000e+00
    outer loop
      vertex   -1.810906e+00 2.069570e+00 -4.500000e+00
      vertex   -2.513426e+00 3.071268e+00 -4.500000e+00
      vertex   -1.580665e+00 2.250333e+00 -4.500000e+00
    endloop
  endfacet
  facet normal 0.000000e+00 0.000000e+00 -1.000000e+00
    outer loop
      vertex   -1.580665e+00 2.250333e+00 -4.500000e+00
      vertex   -2.513426e+00 3.071268e+00 -4.500000e+00
      vertex   -2.232151e+00 3.281387e+00 -4.500000e+00
    endloop
  endfacet
  facet normal 0.000000e+00 0.000000e+00 -1.000000e+00
    outer loop
      vertex   -1.580665e+00 2.250333e+00 -4.500000e+00
      vertex   -2.232151e+00 3.281387e+00 -4.500000e+00
      vertex   -1.332515e+00 2.405598e+00 -4.500000e+00
    endloop
  endfacet
  facet normal 0.000000e+00 0.000000e+00 -1.000000e+00
    outer loop
      vertex   -1.332515e+00 2.405598e+00 -4.500000e+00
      vertex   -2.232151e+00 3.281387e+00 -4.500000e+00
      vertex   -1.933407e+00 3.465824e+00 -4.500000e+00
    endloop
  endfacet
  facet normal 0.000000e+00 0.000000e+00 -1.000000e+00
    outer loop
      vertex   -1.332515e+00 2.405598e+00 -4.500000e+00
      vertex   -1.933407e+00 3.465824e+00 -4.500000e+00
      vertex   -1.619532e+00 3.623136e+00 -4.500000e+00
    endloop
  endfacet
  facet normal 0.000000e+00 0.000000e+00 -1.000000e+00
    outer loop
      vertex   -1.332515e+00 2.405598e+00 -4.500000e+00
      vertex   -1.619532e+00 3.623136e+00 -4.500000e+00
      vertex   -1.069266e+00 2.533608e+00 -4.500000e+00
    endloop
  endfacet
  facet normal 0.000000e+00 0.000000e+00 -1.000000e+00
    outer loop
      vertex   -1.069266e+00 2.533608e+00 -4.500000e+00
      vertex   -1.619532e+00 3.623136e+00 -4.500000e+00
      vertex   -1.292981e+00 3.752093e+00 -4.500000e+00
    endloop
  endfacet
  facet normal 0.000000e+00 0.000000e+00 -1.000000e+00
    outer loop
      vertex   -1.069266e+00 2.533608e+00 -4.500000e+00
      vertex   -1.292981e+00 3.752093e+00 -4.500000e+00
      vertex   -7.939029e-01 2.632911e+00 -4.500000e+00
    endloop
  endfacet
  facet normal 0.000000e+00 0.000000e+00 -1.000000e+00
    outer loop
      vertex   -7.939029e-01 2.632911e+00 -4.500000e+00
      vertex   -1.292981e+00 3.752093e+00 -4.500000e+00
      vertex   -9.563109e-01 3.851684e+00 -4.500000e+00
    endloop
  endfacet
  facet normal 0.000000e+00 0.000000e+00 -1.000000e+00
    outer loop
      vertex   -7.939029e-01 2.632911e+00 -4.500000e+00
      vertex   -9.563109e-01 3.851684e+00 -4.500000e+00
      vertex   -5.095440e-01 2.702381e+00 -4.500000e+00
    endloop
  endfacet
  facet normal 0.000000e+00 0.000000e+00 -1.000000e+00
    outer loop
      vertex   -5.095440e-01 2.702381e+00 -4.500000e+00
      vertex   -9.563109e-01 3.851684e+00 -4.500000e+00
      vertex   -6.121565e-01 3.921131e+00 -4.500000e+00
    endloop
  endfacet
  facet normal 0.000000e+00 0.000000e+00 -1.000000e+00
    outer loop
      vertex   -5.095440e-01 2.702381e+00 -4.500000e+00
      vertex   -6.121565e-01 3.921131e+00 -4.500000e+00
      vertex   -2.194118e-01 2.741233e+00 -4.500000e+00
    endloop
  endfacet
  facet normal 0.000000e+00 0.000000e+00 -1.000000e+00
    outer loop
      vertex   -2.194118e-01 2.741233e+00 -4.500000e+00
      vertex   -6.121565e-01 3.921131e+00 -4.500000e+00
      vertex   -2.632111e-01 3.959889e+00 -4.500000e+00
    endloop
  endfacet
  facet normal 0.000000e+00 0.000000e+00 -1.000000e+00
    outer loop
      vertex   -2.194118e-01 2.741233e+00 -4.500000e+00
      vertex   -2.632111e-01 3.959889e+00 -4.500000e+00
      vertex   7.320643e-02 2.749025e+00 -4.500000e+00
    endloop
  endfacet
  facet normal 0.000000e+00 0.000000e+00 -1.000000e+00
    outer loop
      vertex   7.320643e-02 2.749025e+00 -4.500000e+00
      vertex   -2.632111e-01 3.959889e+00 -4.500000e+00
      vertex   8.779431e-02 3.967656e+00 -4.500000e+00
    endloop
  endfacet
  facet normal 0.000000e+00 0.000000e+00 -1.000000e+00
    outer loop
      vertex   7.320643e-02 2.749025e+00 -4.500000e+00
      vertex   8.779431e-02 3.967656e+00 -4.500000e+00
      vertex   4.381126e-01 3.944370e+00 -4.500000e+00
    endloop
  endfacet
  facet normal 0.000000e+00 0.000000e+00 -1.000000e+00
    outer loop
      vertex   7.320643e-02 2.749025e+00 -4.500000e+00
      vertex   4.381126e-01 3.944370e+00 -4.500000e+00
      vertex   3.649952e-01 2.725670e+00 -4.500000e+00
    endloop
  endfacet
  facet normal 0.000000e+00 0.000000e+00 -1.000000e+00
    outer loop
      vertex   3.649952e-01 2.725670e+00 -4.500000e+00
      vertex   4.381126e-01 3.944370e+00 -4.500000e+00
      vertex   7.850020e-01 3.890215e+00 -4.500000e+00
    endloop
  endfacet
  facet normal 0.000000e+00 0.000000e+00 -1.000000e+00
    outer loop
      vertex   3.649952e-01 2.725670e+00 -4.500000e+00
      vertex   7.850020e-01 3.890215e+00 -4.500000e+00
      vertex   6.526484e-01 2.671432e+00 -4.500000e+00
    endloop
  endfacet
  facet normal 0.000000e+00 0.000000e+00 -1.000000e+00
    outer loop
      vertex   6.526484e-01 2.671432e+00 -4.500000e+00
      vertex   7.850020e-01 3.890215e+00 -4.500000e+00
      vertex   1.125748e+00 3.805613e+00 -4.500000e+00
    endloop
  endfacet
  facet normal 0.000000e+00 0.000000e+00 -1.000000e+00
    outer loop
      vertex   6.526484e-01 2.671432e+00 -4.500000e+00
      vertex   1.125748e+00 3.805613e+00 -4.500000e+00
      vertex   9.329069e-01 2.586926e+00 -4.500000e+00
    endloop
  endfacet
  facet normal 0.000000e+00 0.000000e+00 -1.000000e+00
    outer loop
      vertex   9.329069e-01 2.586926e+00 -4.500000e+00
      vertex   1.125748e+00 3.805613e+00 -4.500000e+00
      vertex   1.457683e+00 3.691227e+00 -4.500000e+00
    endloop
  endfacet
  facet normal 0.000000e+00 0.000000e+00 -1.000000e+00
    outer loop
      vertex   9.329069e-01 2.586926e+00 -4.500000e+00
      vertex   1.457683e+00 3.691227e+00 -4.500000e+00
      vertex   1.202595e+00 2.473108e+00 -4.500000e+00
    endloop
  endfacet
  facet normal 0.000000e+00 0.000000e+00 -1.000000e+00
    outer loop
      vertex   1.202595e+00 2.473108e+00 -4.500000e+00
      vertex   1.457683e+00 3.691227e+00 -4.500000e+00
      vertex   1.778210e+00 3.547953e+00 -4.500000e+00
    endloop
  endfacet
  facet normal 0.000000e+00 0.000000e+00 -1.000000e+00
    outer loop
      vertex   1.202595e+00 2.473108e+00 -4.500000e+00
      vertex   1.778210e+00 3.547953e+00 -4.500000e+00
      vertex   1.458657e+00 2.331270e+00 -4.500000e+00
    endloop
  endfacet
  facet normal 0.000000e+00 0.000000e+00 -1.000000e+00
    outer loop
      vertex   1.458657e+00 2.331270e+00 -4.500000e+00
      vertex   1.778210e+00 3.547953e+00 -4.500000e+00
      vertex   2.084820e+00 3.376911e+00 -4.500000e+00
    endloop
  endfacet
  facet normal 0.000000e+00 0.000000e+00 -1.000000e+00
    outer loop
      vertex   1.458657e+00 2.331270e+00 -4.500000e+00
      vertex   2.084820e+00 3.376911e+00 -4.500000e+00
      vertex   2.375113e+00 3.179440e+00 -4.500000e+00
    endloop
  endfacet
  facet normal 0.000000e+00 0.000000e+00 -1.000000e+00
    outer loop
      vertex   1.458657e+00 2.331270e+00 -4.500000e+00
      vertex   2.375113e+00 3.179440e+00 -4.500000e+00
      vertex   1.698193e+00 2.163017e+00 -4.500000e+00
    endloop
  endfacet
  facet normal 0.000000e+00 0.000000e+00 -1.000000e+00
    outer loop
      vertex   1.698193e+00 2.163017e+00 -4.500000e+00
      vertex   2.375113e+00 3.179440e+00 -4.500000e+00
      vertex   2.646818e+00 2.957085e+00 -4.500000e+00
    endloop
  endfacet
  facet normal 0.000000e+00 0.000000e+00 -1.000000e+00
    outer loop
      vertex   1.698193e+00 2.163017e+00 -4.500000e+00
      vertex   2.646818e+00 2.957085e+00 -4.500000e+00
      vertex   1.918487e+00 1.970256e+00 -4.500000e+00
    endloop
  endfacet
  facet normal 0.000000e+00 0.000000e+00 -1.000000e+00
    outer loop
      vertex   1.918487e+00 1.970256e+00 -4.500000e+00
      vertex   2.646818e+00 2.957085e+00 -4.500000e+00
      vertex   2.897808e+00 2.711587e+00 -4.500000e+00
    endloop
  endfacet
  facet normal 0.000000e+00 0.000000e+00 -1.000000e+00
    outer loop
      vertex   1.918487e+00 1.970256e+00 -4.500000e+00
      vertex   2.897808e+00 2.711587e+00 -4.500000e+00
      vertex   2.117043e+00 1.755172e+00 -4.500000e+00
    endloop
  endfacet
  facet normal 0.000000e+00 0.000000e+00 -1.000000e+00
    outer loop
      vertex   2.117043e+00 1.755172e+00 -4.500000e+00
      vertex   2.897808e+00 2.711587e+00 -4.500000e+00
      vertex   3.126119e+00 2.444868e+00 -4.500000e+00
    endloop
  endfacet
  facet normal 0.000000e+00 0.000000e+00 -1.000000e+00
    outer loop
      vertex   2.117043e+00 1.755172e+00 -4.500000e+00
      vertex   3.126119e+00 2.444868e+00 -4.500000e+00
      vertex   2.291613e+00 1.520200e+00 -4.500000e+00
    endloop
  endfacet
  facet normal 0.000000e+00 0.000000e+00 -1.000000e+00
    outer loop
      vertex   2.291613e+00 1.520200e+00 -4.500000e+00
      vertex   3.126119e+00 2.444868e+00 -4.500000e+00
      vertex   3.329964e+00 2.159014e+00 -4.500000e+00
    endloop
  endfacet
  facet normal 0.000000e+00 0.000000e+00 -1.000000e+00
    outer loop
      vertex   2.291613e+00 1.520200e+00 -4.500000e+00
      vertex   3.329964e+00 2.159014e+00 -4.500000e+00
      vertex   2.440218e+00 1.268004e+00 -4.500000e+00
    endloop
  endfacet
  facet normal 0.000000e+00 0.000000e+00 -1.000000e+00
    outer loop
      vertex   2.440218e+00 1.268004e+00 -4.500000e+00
      vertex   3.329964e+00 2.159014e+00 -4.500000e+00
      vertex   3.507747e+00 1.856263e+00 -4.500000e+00
    endloop
  endfacet
  facet normal 0.000000e+00 0.000000e+00 -1.000000e+00
    outer loop
      vertex   2.440218e+00 1.268004e+00 -4.500000e+00
      vertex   3.507747e+00 1.856263e+00 -4.500000e+00
      vertex   3.658077e+00 1.538984e+00 -4.500000e+00
    endloop
  endfacet
  facet normal 0.000000e+00 0.000000e+00 -1.000000e+00
    outer loop
      vertex   2.440218e+00 1.268004e+00 -4.500000e+00
      vertex   3.658077e+00 1.538984e+00 -4.500000e+00
      vertex   2.561174e+00 1.001442e+00 -4.500000e+00
    endloop
  endfacet
  facet normal 0.000000e+00 0.000000e+00 -1.000000e+00
    outer loop
      vertex   2.561174e+00 1.001442e+00 -4.500000e+00
      vertex   3.658077e+00 1.538984e+00 -4.500000e+00
      vertex   3.779778e+00 1.209660e+00 -4.500000e+00
    endloop
  endfacet
  facet normal 0.000000e+00 0.000000e+00 -1.000000e+00
    outer loop
      vertex   2.561174e+00 1.001442e+00 -4.500000e+00
      vertex   3.779778e+00 1.209660e+00 -4.500000e+00
      vertex   2.653112e+00 7.235321e-01 -4.500000e+00
    endloop
  endfacet
  facet normal 0.000000e+00 0.000000e+00 -1.000000e+00
    outer loop
      vertex   2.653112e+00 7.235321e-01 -4.500000e+00
      vertex   3.779778e+00 1.209660e+00 -4.500000e+00
      vertex   3.871897e+00 8.708696e-01 -4.500000e+00
    endloop
  endfacet
  facet normal 0.000000e+00 0.000000e+00 -1.000000e+00
    outer loop
      vertex   2.653112e+00 7.235321e-01 -4.500000e+00
      vertex   3.871897e+00 8.708696e-01 -4.500000e+00
      vertex   2.714988e+00 4.374246e-01 -4.500000e+00
    endloop
  endfacet
  facet normal 0.000000e+00 0.000000e+00 -1.000000e+00
    outer loop
      vertex   2.714988e+00 4.374246e-01 -4.500000e+00
      vertex   3.871897e+00 8.708696e-01 -4.500000e+00
      vertex   3.933713e+00 5.252631e-01 -4.500000e+00
    endloop
  endfacet
  facet normal 0.000000e+00 0.000000e+00 -1.000000e+00
    outer loop
      vertex   2.714988e+00 4.374246e-01 -4.500000e+00
      vertex   3.933713e+00 5.252631e-01 -4.500000e+00
      vertex   2.746102e+00 1.463610e-01 -4.500000e+00
    endloop
  endfacet
  facet normal 0.000000e+00 0.000000e+00 -1.000000e+00
    outer loop
      vertex   2.746102e+00 1.463610e-01 -4.500000e+00
      vertex   3.933713e+00 5.252631e-01 -4.500000e+00
      vertex   3.964743e+00 1.755457e-01 -4.500000e+00
    endloop
  endfacet
  facet normal 0.000000e+00 0.000000e+00 -1.000000e+00
    outer loop
      vertex   2.746102e+00 1.463610e-01 -4.500000e+00
      vertex   3.964743e+00 1.755457e-01 -4.500000e+00
      vertex   3.964743e+00 -1.755457e-01 -4.500000e+00
    endloop
  endfacet
  facet normal 0.000000e+00 0.000000e+00 -1.000000e+00
    outer loop
      vertex   2.746102e+00 1.463610e-01 -4.500000e+00
      vertex   3.964743e+00 -1.755457e-01 -4.500000e+00
      vertex   2.746102e+00 -1.463610e-01 -4.500000e+00
    endloop
  endfacet
  facet normal 0.000000e+00 0.000000e+00 -1.000000e+00
    outer loop
      vertex   2.746102e+00 -1.463610e-01 -4.500000e+00
      vertex   3.964743e+00 -1.755457e-01 -4.500000e+00
      vertex   3.933713e+00 -5.252631e-01 -4.500000e+00
    endloop
  endfacet
  facet normal 0.000000e+00 -0.000000e+00 -1.000000e+00
    outer loop
      vertex   2.746102e+00 -1.463610e-01 -4.500000e+00
      vertex   3.933713e+00 -5.252631e-01 -4.500000e+00
      vertex   2.714988e+00 -4.374246e-01 -4.500000e+00
    endloop
  endfacet
  facet normal 0.000000e+00 0.000000e+00 -1.000000e+00
    outer loop
      vertex   2.714988e+00 -4.374246e-01 -4.500000e+00
      vertex   3.933713e+00 -5.252631e-01 -4.500000e+00
      vertex   3.871897e+00 -8.708696e-01 -4.500000e+00
    endloop
  endfacet
  facet normal 0.000000e+00 -0.000000e+00 -1.000000e+00
    outer loop
      vertex   2.714988e+00 -4.374246e-01 -4.500000e+00
      vertex   3.871897e+00 -8.708696e-01 -4.500000e+00
      vertex   2.653112e+00 -7.235321e-01 -4.500000e+00
    endloop
  endfacet
  facet normal 0.000000e+00 0.000000e+00 -1.000000e+00
    outer loop
      vertex   2.653112e+00 -7.235321e-01 -4.500000e+00
      vertex   3.871897e+00 -8.708696e-01 -4.500000e+00
      vertex   3.779778e+00 -1.209660e+00 -4.500000e+00
    endloop
  endfacet
  facet normal 0.000000e+00 -0.000000e+00 -1.000000e+00
    outer loop
      vertex   2.653112e+00 -7.235321e-01 -4.500000e+00
      vertex   3.779778e+00 -1.209660e+00 -4.500000e+00
      vertex   2.561174e+00 -1.001442e+00 -4.500000e+00
    endloop
  endfacet
  facet normal 0.000000e+00 0.000000e+00 -1.000000e+00
    outer loop
      vertex   2.561174e+00 -1.001442e+00 -4.500000e+00
      vertex   3.779778e+00 -1.209660e+00 -4.500000e+00
      vertex   3.658077e+00 -1.538984e+00 -4.500000e+00
    endloop
  endfacet
  facet normal 0.000000e+00 -0.000000e+00 -1.000000e+00
    outer loop
      vertex   2.561174e+00 -1.001442e+00 -4.500000e+00
      vertex   3.658077e+00 -1.538984e+00 -4.500000e+00
      vertex   2.440218e+00 -1.268004e+00 -4.500000e+00
    endloop
  endfacet
  facet normal 0.000000e+00 0.000000e+00 -1.000000e+00
    outer loop
      vertex   2.440218e+00 -1.268004e+00 -4.500000e+00
      vertex   3.658077e+00 -1.538984e+00 -4.500000e+00
      vertex   3.507747e+00 -1.856263e+00 -4.500000e+00
    endloop
  endfacet
  facet normal 0.000000e+00 0.000000e+00 -1.000000e+00
    outer loop
      vertex   2.440218e+00 -1.268004e+00 -4.500000e+00
      vertex   3.507747e+00 -1.856263e+00 -4.500000e+00
      vertex   3.329964e+00 -2.159014e+00 -4.500000e+00
    endloop
  endfacet
  facet normal 0.000000e+00 -0.000000e+00 -1.000000e+00
    outer loop
      vertex   2.440218e+00 -1.268004e+00 -4.500000e+00
      vertex   3.329964e+00 -2.159014e+00 -4.500000e+00
      vertex   2.291613e+00 -1.520200e+00 -4.500000e+00
    endloop
  endfacet
  facet normal 0.000000e+00 0.000000e+00 -1.000000e+00
    outer loop
      vertex   2.291613e+00 -1.520200e+00 -4.500000e+00
      vertex   3.329964e+00 -2.159014e+00 -4.500000e+00
      vertex   3.126119e+00 -2.444868e+00 -4.500000e+00
    endloop
  endfacet
  facet normal 0.000000e+00 -0.000000e+00 -1.000000e+00
    outer loop
      vertex   2.291613e+00 -1.520200e+00 -4.500000e+00
      vertex   3.126119e+00 -2.444868e+00 -4.500000e+00
      vertex   2.117043e+00 -1.755172e+00 -4.500000e+00
    endloop
  endfacet
  facet normal 0.000000e+00 0.000000e+00 -1.000000e+00
    outer loop
      vertex   2.117043e+00 -1.755172e+00 -4.500000e+00
      vertex   3.126119e+00 -2.444868e+00 -4.500000e+00
      vertex   2.897808e+00 -2.711587e+00 -4.500000e+00
    endloop
  endfacet
  facet normal 0.000000e+00 -0.000000e+00 -1.000000e+00
    outer loop
      vertex   2.117043e+00 -1.755172e+00 -4.500000e+00
      vertex   2.897808e+00 -2.711587e+00 -4.500000e+00
      vertex   1.918487e+00 -1.970256e+00 -4.500000e+00
    endloop
  endfacet
  facet normal 0.000000e+00 0.000000e+00 -1.000000e+00
    outer loop
      vertex   1.918487e+00 -1.970256e+00 -4.500000e+00
      vertex   2.897808e+00 -2.711587e+00 -4.500000e+00
      vertex   2.646818e+00 -2.957085e+00 -4.500000e+00
    endloop
  endfacet
  facet normal 0.000000e+00 -0.000000e+00 -1.000000e+00
    outer loop
      vertex   1.918487e+00 -1.970256e+00 -4.500000e+00
      vertex   2.646818e+00 -2.957085e+00 -4.500000e+00
      vertex   1.698193e+00 -2.163017e+00 -4.500000e+00
    endloop
  endfacet
  facet normal 0.000000e+00 0.000000e+00 -1.000000e+00
    outer loop
      vertex   1.698193e+00 -2.163017e+00 -4.500000e+00
      vertex   2.646818e+00 -2.957085e+00 -4.500000e+00
      vertex   2.375113e+00 -3.179440e+00 -4.500000e+00
    endloop
  endfacet
  facet normal 0.000000e+00 -0.000000e+00 -1.000000e+00
    outer loop
      vertex   1.698193e+00 -2.163017e+00 -4.500000e+00
      vertex   2.375113e+00 -3.179440e+00 -4.500000e+00
      vertex   1.458657e+00 -2.331270e+00 -4.500000e+00
    endloop
  endfacet
  facet normal 0.000000e+00 0.000000e+00 -1.000000e+00
    outer loop
      vertex   1.458657e+00 -2.331270e+00 -4.500000e+00
      vertex   2.375113e+00 -3.179440e+00 -4.500000e+00
      vertex   2.084820e+00 -3.376911e+00 -4.500000e+00
    endloop
  endfacet
  facet normal 0.000000e+00 0.000000e+00 -1.000000e+00
    outer loop
      vertex   1.458657e+00 -2.331270e+00 -4.500000e+00
      vertex   2.084820e+00 -3.376911e+00 -4.500000e+00
      vertex   1.778210e+00 -3.547953e+00 -4.500000e+00
    endloop
  endfacet
  facet normal 0.000000e+00 -0.000000e+00 -1.000000e+00
    outer loop
      vertex   1.458657e+00 -2.331270e+00 -4.500000e+00
      vertex   1.778210e+00 -3.547953e+00 -4.500000e+00
      vertex   1.202595e+00 -2.473108e+00 -4.500000e+00
    endloop
  endfacet
  facet normal 0.000000e+00 0.000000e+00 -1.000000e+00
    outer loop
      vertex   1.202595e+00 -2.473108e+00 -4.500000e+00
      vertex   1.778210e+00 -3.547953e+00 -4.500000e+00
      vertex   1.457683e+00 -3.691227e+00 -4.500000e+00
    endloop
  endfacet
  facet normal 0.000000e+00 -0.000000e+00 -1.000000e+00
    outer loop
      vertex   1.202595e+00 -2.473108e+00 -4.500000e+00
      vertex   1.457683e+00 -3.691227e+00 -4.500000e+00
      vertex   9.329069e-01 -2.586926e+00 -4.500000e+00
    endloop
  endfacet
  facet normal 0.000000e+00 0.000000e+00 -1.000000e+00
    outer loop
      vertex   9.329069e-01 -2.586926e+00 -4.500000e+00
      vertex   1.457683e+00 -3.691227e+00 -4.500000e+00
      vertex   1.125748e+00 -3.805613e+00 -4.500000e+00
    endloop
  endfacet
  facet normal 0.000000e+00 -0.000000e+00 -1.000000e+00
    outer loop
      vertex   9.329069e-01 -2.586926e+00 -4.500000e+00
      vertex   1.125748e+00 -3.805613e+00 -4.500000e+00
      vertex   6.526484e-01 -2.671432e+00 -4.500000e+00
    endloop
  endfacet
  facet normal 0.000000e+00 0.000000e+00 -1.000000e+00
    outer loop
      vertex   6.526484e-01 -2.671432e+00 -4.500000e+00
      vertex   1.125748e+00 -3.805613e+00 -4.500000e+00
      vertex   7.850020e-01 -3.890215e+00 -4.500000e+00
    endloop
  endfacet
  facet normal 0.000000e+00 -0.000000e+00 -1.000000e+00
    outer loop
      vertex   6.526484e-01 -2.671432e+00 -4.500000e+00
      vertex   7.850020e-01 -3.890215e+00 -4.500000e+00
      vertex   3.649952e-01 -2.725670e+00 -4.500000e+00
    endloop
  endfacet
  facet normal 0.000000e+00 0.000000e+00 -1.000000e+00
    outer loop
      vertex   3.649952e-01 -2.725670e+00 -4.500000e+00
      vertex   7.850020e-01 -3.890215e+00 -4.500000e+00
      vertex   4.381126e-01 -3.944370e+00 -4.500000e+00
    endloop
  endfacet
  facet normal 0.000000e+00 -0.000000e+00 -1.000000e+00
    outer loop
      vertex   3.649952e-01 -2.725670e+00 -4.500000e+00
      vertex   4.381126e-01 -3.944370e+00 -4.500000e+00
      vertex   7.320643e-02 -2.749025e+00 -4.500000e+00
    endloop
  endfacet
  facet normal 0.000000e+00 0.000000e+00 -1.000000e+00
    outer loop
      vertex   7.320643e-02 -2.749025e+00 -4.500000e+00
      vertex   4.381126e-01 -3.944370e+00 -4.500000e+00
      vertex   8.779431e-02 -3.967656e+00 -4.500000e+00
    endloop
  endfacet
  facet normal 0.000000e+00 -0.000000e+00 -1.000000e+00
    outer loop
      vertex   7.320643e-02 -2.749025e+00 -4.500000e+00
      vertex   8.779431e-02 -3.967656e+00 -4.500000e+00
      vertex   -2.632111e-01 -3.959889e+00 -4.500000e+00
    endloop
  endfacet
  facet normal -0.000000e+00 0.000000e+00 -1.000000e+00
    outer loop
      vertex   7.320643e-02 -2.749025e+00 -4.500000e+00
      vertex   -2.632111e-01 -3.959889e+00 -4.500000e+00
      vertex   -2.194118e-01 -2.741233e+00 -4.500000e+00
    endloop
  endfacet
  facet normal 0.000000e+00 0.000000e+00 -1.000000e+00
    outer loop
      vertex   -2.194118e-01 -2.741233e+00 -4.500000e+00
      vertex   -2.632111e-01 -3.959889e+00 -4.500000e+00
      vertex   -6.121565e-01 -3.921131e+00 -4.500000e+00
    endloop
  endfacet
  facet normal -0.000000e+00 0.000000e+00 -1.000000e+00
    outer loop
      vertex   -2.194118e-01 -2.741233e+00 -4.500000e+00
      vertex   -6.121565e-01 -3.921131e+00 -4.500000e+00
      vertex   -5.095440e-01 -2.702381e+00 -4.500000e+00
    endloop
  endfacet
  facet normal 0.000000e+00 0.000000e+00 -1.000000e+00
    outer loop
      vertex   -5.095440e-01 -2.702381e+00 -4.500000e+00
      vertex   -6.121565e-01 -3.921131e+00 -4.500000e+00
      vertex   -9.563109e-01 -3.851684e+00 -4.500000e+00
    endloop
  endfacet
  facet normal -0.000000e+00 0.000000e+00 -1.000000e+00
    outer loop
      vertex   -5.095440e-01 -2.702381e+00 -4.500000e+00
      vertex   -9.563109e-01 -3.851684e+00 -4.500000e+00
      vertex   -7.939029e-01 -2.632911e+00 -4.500000e+00
    endloop
  endfacet
  facet normal 0.000000e+00 0.000000e+00 -1.000000e+00
    outer loop
      vertex   -7.939029e-01 -2.632911e+00 -4.500000e+00
      vertex   -9.563109e-01 -3.851684e+00 -4.500000e+00
      vertex   -1.292981e+00 -3.752093e+00 -4.500000e+00
    endloop
  endfacet
  facet normal -0.000000e+00 0.000000e+00 -1.000000e+00
    outer loop
      vertex   -7.939029e-01 -2.632911e+00 -4.500000e+00
      vertex   -1.292981e+00 -3.752093e+00 -4.500000e+00
      vertex   -1.069266e+00 -2.533608e+00 -4.500000e+00
    endloop
  endfacet
  facet normal 0.000000e+00 0.000000e+00 -1.000000e+00
    outer loop
      vertex   -1.069266e+00 -2.533608e+00 -4.500000e+00
      vertex   -1.292981e+00 -3.752093e+00 -4.500000e+00
      vertex   -1.619532e+00 -3.623136e+00 -4.500000e+00
    endloop
  endfacet
  facet normal -0.000000e+00 0.000000e+00 -1.000000e+00
    outer loop
      vertex   -1.069266e+00 -2.533608e+00 -4.500000e+00
      vertex   -1.619532e+00 -3.623136e+00 -4.500000e+00
      vertex   -1.332515e+00 -2.405598e+00 -4.500000e+00
    endloop
  endfacet
  facet normal 0.000000e+00 0.000000e+00 -1.000000e+00
    outer loop
      vertex   -1.332515e+00 -2.405598e+00 -4.500000e+00
      vertex   -1.619532e+00 -3.623136e+00 -4.500000e+00
      vertex   -1.933407e+00 -3.465824e+00 -4.500000e+00
    endloop
  endfacet
  facet normal 0.000000e+00 0.000000e+00 -1.000000e+00
    outer loop
      vertex   -1.332515e+00 -2.405598e+00 -4.500000e+00
      vertex   -1.933407e+00 -3.465824e+00 -4.500000e+00
      vertex   -2.232151e+00 -3.281387e+00 -4.500000e+00
    endloop
  endfacet
  facet normal -0.000000e+00 0.000000e+00 -1.000000e+00
    outer loop
      vertex   -1.332515e+00 -2.405598e+00 -4.500000e+00
      vertex   -2.232151e+00 -3.281387e+00 -4.500000e+00
      vertex   -1.580665e+00 -2.250333e+00 -4.500000e+00
    endloop
  endfacet
  facet normal 0.000000e+00 0.000000e+00 -1.000000e+00
    outer loop
      vertex   -1.580665e+00 -2.250333e+00 -4.500000e+00
      vertex   -2.232151e+00 -3.281387e+00 -4.500000e+00
      vertex   -2.513426e+00 -3.071268e+00 -4.500000e+00
    endloop
  endfacet
  facet normal -0.000000e+00 0.000000e+00 -1.000000e+00
    outer loop
      vertex   -1.580665e+00 -2.250333e+00 -4.500000e+00
      vertex   -2.513426e+00 -3.071268e+00 -4.500000e+00
      vertex   -1.810906e+00 -2.069570e+00 -4.500000e+00
    endloop
  endfacet
  facet normal 0.000000e+00 0.000000e+00 -1.000000e+00
    outer loop
      vertex   -1.810906e+00 -2.069570e+00 -4.500000e+00
      vertex   -2.513426e+00 -3.071268e+00 -4.500000e+00
      vertex   -2.775029e+00 -2.837113e+00 -4.500000e+00
    endloop
  endfacet
  facet normal -0.000000e+00 0.000000e+00 -1.000000e+00
    outer loop
      vertex   -1.810906e+00 -2.069570e+00 -4.500000e+00
      vertex   -2.775029e+00 -2.837113e+00 -4.500000e+00
      vertex   -2.020629e+00 -1.865358e+00 -4.500000e+00
    endloop
  endfacet
  facet normal 0.000000e+00 0.000000e+00 -1.000000e+00
    outer loop
      vertex   -2.020629e+00 -1.865358e+00 -4.500000e+00
      vertex   -2.775029e+00 -2.837113e+00 -4.500000e+00
      vertex   -3.014915e+00 -2.580754e+00 -4.500000e+00
    endloop
  endfacet
  facet normal -0.000000e+00 0.000000e+00 -1.000000e+00
    outer loop
      vertex   -2.020629e+00 -1.865358e+00 -4.500000e+00
      vertex   -3.014915e+00 -2.580754e+00 -4.500000e+00
      vertex   -2.207457e+00 -1.640010e+00 -4.500000e+00
    endloop
  endfacet
  facet normal 0.000000e+00 0.000000e+00 -1.000000e+00
    outer loop
      vertex   -2.207457e+00 -1.640010e+00 -4.500000e+00
      vertex   -3.014915e+00 -2.580754e+00 -4.500000e+00
      vertex   -3.231204e+00 -2.304196e+00 -4.500000e+00
    endloop
  endfacet
  facet normal -0.000000e+00 0.000000e+00 -1.000000e+00
    outer loop
      vertex   -2.207457e+00 -1.640010e+00 -4.500000e+00
      vertex   -3.231204e+00 -2.304196e+00 -4.500000e+00
      vertex   -2.369274e+00 -1.396081e+00 -4.500000e+00
    endloop
  endfacet
  facet normal 0.000000e+00 0.000000e+00 -1.000000e+00
    outer loop
      vertex   -2.369274e+00 -1.396081e+00 -4.500000e+00
      vertex   -3.231204e+00 -2.304196e+00 -4.500000e+00
      vertex   -3.422205e+00 -2.009605e+00 -4.500000e+00
    endloop
  endfacet
  facet normal 0.000000e+00 0.000000e+00 -1.000000e+00
    outer loop
      vertex   -2.369274e+00 -1.396081e+00 -4.500000e+00
      vertex   -3.422205e+00 -2.009605e+00 -4.500000e+00
      vertex   -3.586422e+00 -1.699287e+00 -4.500000e+00
    endloop
  endfacet
  facet normal -0.000000e+00 0.000000e+00 -1.000000e+00
    outer loop
      vertex   -2.369274e+00 -1.396081e+00 -4.500000e+00
      vertex   -3.586422e+00 -1.699287e+00 -4.500000e+00
      vertex   -2.504246e+00 -1.136334e+00 -4.500000e+00
    endloop
  endfacet
  facet normal 0.000000e+00 0.000000e+00 -1.000000e+00
    outer loop
      vertex   -2.504246e+00 -1.136334e+00 -4.500000e+00
      vertex   -3.586422e+00 -1.699287e+00 -4.500000e+00
      vertex   -3.722571e+00 -1.375669e+00 -4.500000e+00
    endloop
  endfacet
  facet normal -0.000000e+00 0.000000e+00 -1.000000e+00
    outer loop
      vertex   -2.504246e+00 -1.136334e+00 -4.500000e+00
      vertex   -3.722571e+00 -1.375669e+00 -4.500000e+00
      vertex   -2.610843e+00 -8.637110e-01 -4.500000e+00
    endloop
  endfacet
  facet normal 0.000000e+00 0.000000e+00 -1.000000e+00
    outer loop
      vertex   -2.610843e+00 -8.637110e-01 -4.500000e+00
      vertex   -3.722571e+00 -1.375669e+00 -4.500000e+00
      vertex   -3.829586e+00 -1.041284e+00 -4.500000e+00
    endloop
  endfacet
  facet normal -0.000000e+00 0.000000e+00 -1.000000e+00
    outer loop
      vertex   -2.610843e+00 -8.637110e-01 -4.500000e+00
      vertex   -3.829586e+00 -1.041284e+00 -4.500000e+00
      vertex   -2.687859e+00 -5.813022e-01 -4.500000e+00
    endloop
  endfacet
  facet normal 0.000000e+00 0.000000e+00 -1.000000e+00
    outer loop
      vertex   -2.687859e+00 -5.813022e-01 -4.500000e+00
      vertex   -3.829586e+00 -1.041284e+00 -4.500000e+00
      vertex   -3.906629e+00 -6.987503e-01 -4.500000e+00
    endloop
  endfacet
  facet normal -0.000000e+00 0.000000e+00 -1.000000e+00
    outer loop
      vertex   -2.687859e+00 -5.813022e-01 -4.500000e+00
      vertex   -3.906629e+00 -6.987503e-01 -4.500000e+00
      vertex   -2.734421e+00 -2.923071e-01 -4.500000e+00
    endloop
  endfacet
  facet normal 0.000000e+00 0.000000e+00 -1.000000e+00
    outer loop
      vertex   -2.734421e+00 -2.923071e-01 -4.500000e+00
      vertex   -3.906629e+00 -6.987503e-01 -4.500000e+00
      vertex   -3.953097e+00 -3.507477e-01 -4.500000e+00
    endloop
  endfacet
  facet normal -0.000000e+00 0.000000e+00 -1.000000e+00
    outer loop
      vertex   -2.734421e+00 -2.923071e-01 -4.500000e+00
      vertex   -3.953097e+00 -3.507477e-01 -4.500000e+00
      vertex   -2.750000e+00 5.551115e-16 -4.500000e+00
    endloop
  endfacet
  facet normal -9.770862e-01 0.000000e+00 -2.128441e-01
    outer loop
      vertex   -3.082573e+00 4.000000e+00 -5.131936e-01
      vertex   -3.082573e+00 5.000000e+00 -5.131936e-01
      vertex   -3.016731e+00 4.000000e+00 -8.154514e-01
    endloop
  endfacet
  facet normal -9.770862e-01 0.000000e+00 -2.128441e-01
    outer loop
      vertex   -3.016731e+00 4.000000e+00 -8.154514e-01
      vertex   -3.082573e+00 5.000000e+00 -5.131936e-01
      vertex   -3.016731e+00 5.000000e+00 -8.154514e-01
    endloop
  endfacet
  facet normal -9.512551e-01 0.000000e+00 -3.084052e-01
    outer loop
      vertex   -3.016731e+00 4.000000e+00 -8.154514e-01
      vertex   -3.016731e+00 5.000000e+00 -8.154514e-01
      vertex   -2.921327e+00 4.000000e+00 -1.109718e+00
    endloop
  endfacet
  facet normal -9.512551e-01 -3.423985e-16 -3.084052e-01
    outer loop
      vertex   -2.921327e+00 4.000000e+00 -1.109718e+00
      vertex   -3.016731e+00 5.000000e+00 -8.154514e-01
      vertex   -2.921327e+00 5.000000e+00 -1.109718e+00
    endloop
  endfacet
  facet normal -9.161025e-01 -4.451374e-16 -4.009442e-01
    outer loop
      vertex   -2.921327e+00 4.000000e+00 -1.109718e+00
      vertex   -2.921327e+00 5.000000e+00 -1.109718e+00
      vertex   -2.797296e+00 4.000000e+00 -1.393111e+00
    endloop
  endfacet
  facet normal -9.161025e-01 0.000000e+00 -4.009442e-01
    outer loop
      vertex   -2.797296e+00 4.000000e+00 -1.393111e+00
      vertex   -2.921327e+00 5.000000e+00 -1.109718e+00
      vertex   -2.797296e+00 5.000000e+00 -1.393111e+00
    endloop
  endfacet
  facet normal -8.719729e-01 0.000000e+00 -4.895542e-01
    outer loop
      vertex   -2.797296e+00 4.000000e+00 -1.393111e+00
      vertex   -2.797296e+00 5.000000e+00 -1.393111e+00
      vertex   -2.645855e+00 4.000000e+00 -1.662853e+00
    endloop
  endfacet
  facet normal -8.719729e-01 0.000000e+00 -4.895542e-01
    outer loop
      vertex   -2.645855e+00 4.000000e+00 -1.662853e+00
      vertex   -2.797296e+00 5.000000e+00 -1.393111e+00
      vertex   -2.645855e+00 5.000000e+00 -1.662853e+00
    endloop
  endfacet
  facet normal -8.192986e-01 0.000000e+00 -5.733671e-01
    outer loop
      vertex   -2.645855e+00 4.000000e+00 -1.662853e+00
      vertex   -2.645855e+00 5.000000e+00 -1.662853e+00
      vertex   -2.468486e+00 4.000000e+00 -1.916299e+00
    endloop
  endfacet
  facet normal -8.192986e-01 0.000000e+00 -5.733671e-01
    outer loop
      vertex   -2.468486e+00 4.000000e+00 -1.916299e+00
      vertex   -2.645855e+00 5.000000e+00 -1.662853e+00
      vertex   -2.468486e+00 5.000000e+00 -1.916299e+00
    endloop
  endfacet
  facet normal -7.585959e-01 0.000000e+00 -6.515614e-01
    outer loop
      vertex   -2.468486e+00 4.000000e+00 -1.916299e+00
      vertex   -2.468486e+00 5.000000e+00 -1.916299e+00
      vertex   -2.266928e+00 4.000000e+00 -2.150968e+00
    endloop
  endfacet
  facet normal -7.585959e-01 0.000000e+00 -6.515614e-01
    outer loop
      vertex   -2.266928e+00 4.000000e+00 -2.150968e+00
      vertex   -2.468486e+00 5.000000e+00 -1.916299e+00
      vertex   -2.266928e+00 5.000000e+00 -2.150968e+00
    endloop
  endfacet
  facet normal -6.904596e-01 0.000000e+00 -7.233709e-01
    outer loop
      vertex   -2.266928e+00 4.000000e+00 -2.150968e+00
      vertex   -2.266928e+00 5.000000e+00 -2.150968e+00
      vertex   -2.043156e+00 4.000000e+00 -2.364559e+00
    endloop
  endfacet
  facet normal -6.904596e-01 0.000000e+00 -7.233709e-01
    outer loop
      vertex   -2.043156e+00 4.000000e+00 -2.364559e+00
      vertex   -2.266928e+00 5.000000e+00 -2.150968e+00
      vertex   -2.043156e+00 5.000000e+00 -2.364559e+00
    endloop
  endfacet
  facet normal -6.155574e-01 0.000000e+00 -7.880921e-01
    outer loop
      vertex   -2.043156e+00 4.000000e+00 -2.364559e+00
      vertex   -2.043156e+00 5.000000e+00 -2.364559e+00
      vertex   -1.799363e+00 4.000000e+00 -2.554979e+00
    endloop
  endfacet
  facet normal -6.155574e-01 0.000000e+00 -7.880921e-01
    outer loop
      vertex   -1.799363e+00 4.000000e+00 -2.554979e+00
      vertex   -2.043156e+00 5.000000e+00 -2.364559e+00
      vertex   -1.799363e+00 5.000000e+00 -2.554979e+00
    endloop
  endfacet
  facet normal -5.346232e-01 0.000000e+00 -8.450905e-01
    outer loop
      vertex   -1.799363e+00 4.000000e+00 -2.554979e+00
      vertex   -1.799363e+00 5.000000e+00 -2.554979e+00
      vertex   -1.537937e+00 4.000000e+00 -2.720363e+00
    endloop
  endfacet
  facet normal -5.346232e-01 0.000000e+00 -8.450905e-01
    outer loop
      vertex   -1.537937e+00 4.000000e+00 -2.720363e+00
      vertex   -1.799363e+00 5.000000e+00 -2.554979e+00
      vertex   -1.537937e+00 5.000000e+00 -2.720363e+00
    endloop
  endfacet
  facet normal -4.484502e-01 0.000000e+00 -8.938078e-01
    outer loop
      vertex   -1.537937e+00 4.000000e+00 -2.720363e+00
      vertex   -1.537937e+00 5.000000e+00 -2.720363e+00
      vertex   -1.261441e+00 4.000000e+00 -2.859089e+00
    endloop
  endfacet
  facet normal -4.484502e-01 -1.977785e-16 -8.938078e-01
    outer loop
      vertex   -1.261441e+00 4.000000e+00 -2.859089e+00
      vertex   -1.537937e+00 5.000000e+00 -2.720363e+00
      vertex   -1.261441e+00 5.000000e+00 -2.859089e+00
    endloop
  endfacet
  facet normal -3.578827e-01 -2.557438e-16 -9.337666e-01
    outer loop
      vertex   -1.261441e+00 4.000000e+00 -2.859089e+00
      vertex   -1.261441e+00 5.000000e+00 -2.859089e+00
      vertex   -9.725841e-01 4.000000e+00 -2.969799e+00
    endloop
  endfacet
  facet normal -3.578827e-01 0.000000e+00 -9.337666e-01
    outer loop
      vertex   -9.725841e-01 4.000000e+00 -2.969799e+00
      vertex   -1.261441e+00 5.000000e+00 -2.859089e+00
      vertex   -9.725841e-01 5.000000e+00 -2.969799e+00
    endloop
  endfacet
  facet normal -2.638082e-01 0.000000e+00 -9.645751e-01
    outer loop
      vertex   -9.725841e-01 4.000000e+00 -2.969799e+00
      vertex   -9.725841e-01 5.000000e+00 -2.969799e+00
      vertex   -6.741966e-01 4.000000e+00 -3.051407e+00
    endloop
  endfacet
  facet normal -2.638082e-01 1.757316e-16 -9.645751e-01
    outer loop
      vertex   -6.741966e-01 4.000000e+00 -3.051407e+00
      vertex   -9.725841e-01 5.000000e+00 -2.969799e+00
      vertex   -6.741966e-01 5.000000e+00 -3.051407e+00
    endloop
  endfacet
  facet normal -1.671487e-01 1.113434e-16 -9.859317e-01
    outer loop
      vertex   -6.741966e-01 4.000000e+00 -3.051407e+00
      vertex   -6.741966e-01 5.000000e+00 -3.051407e+00
      vertex   -3.692025e-01 4.000000e+00 -3.103114e+00
    endloop
  endfacet
  facet normal -1.671487e-01 0.000000e+00 -9.859317e-01
    outer loop
      vertex   -3.692025e-01 4.000000e+00 -3.103114e+00
      vertex   -6.741966e-01 5.000000e+00 -3.051407e+00
      vertex   -3.692025e-01 5.000000e+00 -3.103114e+00
    endloop
  endfacet
  facet normal 0.000000e+00 1.000000e+00 -0.000000e+00
    outer loop
      vertex   3.034351e+00 1.200000e+01 -3.085634e-01
      vertex   -3.034351e+00 1.200000e+01 -3.085634e-01
      vertex   3.050000e+00 1.200000e+01 -3.735173e-16
    endloop
  endfacet
  facet normal 0.000000e+00 1.000000e+00 0.000000e+00
    outer loop
      vertex   3.050000e+00 1.200000e+01 -3.735173e-16
      vertex   -3.034351e+00 1.200000e+01 -3.085634e-01
      vertex   -3.050000e+00 1.200000e+01 0.000000e+00
    endloop
  endfacet
  facet normal 0.000000e+00 1.000000e+00 0.000000e+00
    outer loop
      vertex   3.050000e+00 1.200000e+01 -3.735173e-16
      vertex   -3.050000e+00 1.200000e+01 0.000000e+00
      vertex   3.034351e+00 1.200000e+01 3.085634e-01
    endloop
  endfacet
  facet normal 0.000000e+00 1.000000e+00 0.000000e+00
    outer loop
      vertex   3.034351e+00 1.200000e+01 3.085634e-01
      vertex   -3.050000e+00 1.200000e+01 0.000000e+00
      vertex   -3.034351e+00 1.200000e+01 3.085634e-01
    endloop
  endfacet
  facet normal 0.000000e+00 1.000000e+00 0.000000e+00
    outer loop
      vertex   3.034351e+00 1.200000e+01 3.085634e-01
      vertex   -3.034351e+00 1.200000e+01 3.085634e-01
      vertex   2.987566e+00 1.200000e+01 6.139605e-01
    endloop
  endfacet
  facet normal 0.000000e+00 1.000000e+00 0.000000e+00
    outer loop
      vertex   2.987566e+00 1.200000e+01 6.139605e-01
      vertex   -3.034351e+00 1.200000e+01 3.085634e-01
      vertex   -2.987566e+00 1.200000e+01 6.139605e-01
    endloop
  endfacet
  facet normal 0.000000e+00 1.000000e+00 0.000000e+00
    outer loop
      vertex   2.987566e+00 1.200000e+01 6.139605e-01
      vertex   -2.987566e+00 1.200000e+01 6.139605e-01
      vertex   2.910125e+00 1.200000e+01 9.130575e-01
    endloop
  endfacet
  facet normal 0.000000e+00 1.000000e+00 0.000000e+00
    outer loop
      vertex   2.910125e+00 1.200000e+01 9.130575e-01
      vertex   -2.987566e+00 1.200000e+01 6.139605e-01
      vertex   -2.910125e+00 1.200000e+01 9.130575e-01
    endloop
  endfacet
  facet normal 0.000000e+00 1.000000e+00 0.000000e+00
    outer loop
      vertex   2.910125e+00 1.200000e+01 9.130575e-01
      vertex   -2.910125e+00 1.200000e+01 9.130575e-01
      vertex   2.802821e+00 1.200000e+01 1.202785e+00
    endloop
  endfacet
  facet normal 0.000000e+00 1.000000e+00 0.000000e+00
    outer loop
      vertex   2.802821e+00 1.200000e+01 1.202785e+00
      vertex   -2.910125e+00 1.200000e+01 9.130575e-01
      vertex   -2.802821e+00 1.200000e+01 1.202785e+00
    endloop
  endfacet
  facet normal 0.000000e+00 1.000000e+00 0.000000e+00
    outer loop
      vertex   2.802821e+00 1.200000e+01 1.202785e+00
      vertex   -2.802821e+00 1.200000e+01 1.202785e+00
      vertex   2.666757e+00 1.200000e+01 1.480171e+00
    endloop
  endfacet
  facet normal 0.000000e+00 1.000000e+00 0.000000e+00
    outer loop
      vertex   2.666757e+00 1.200000e+01 1.480171e+00
      vertex   -2.802821e+00 1.200000e+01 1.202785e+00
      vertex   -2.666757e+00 1.200000e+01 1.480171e+00
    endloop
  endfacet
  facet normal 0.000000e+00 1.000000e+00 0.000000e+00
    outer loop
      vertex   2.666757e+00 1.200000e+01 1.480171e+00
      vertex   -2.666757e+00 1.200000e+01 1.480171e+00
      vertex   2.503328e+00 1.200000e+01 1.742368e+00
    endloop
  endfacet
  facet normal 0.000000e+00 1.000000e+00 0.000000e+00
    outer loop
      vertex   2.503328e+00 1.200000e+01 1.742368e+00
      vertex   -2.666757e+00 1.200000e+01 1.480171e+00
      vertex   -2.503328e+00 1.200000e+01 1.742368e+00
    endloop
  endfacet
  facet normal 0.000000e+00 1.000000e+00 0.000000e+00
    outer loop
      vertex   2.503328e+00 1.200000e+01 1.742368e+00
      vertex   -2.503328e+00 1.200000e+01 1.742368e+00
      vertex   2.314212e+00 1.200000e+01 1.986686e+00
    endloop
  endfacet
  facet normal 0.000000e+00 1.000000e+00 0.000000e+00
    outer loop
      vertex   2.314212e+00 1.200000e+01 1.986686e+00
      vertex   -2.503328e+00 1.200000e+01 1.742368e+00
      vertex   -2.314212e+00 1.200000e+01 1.986686e+00
    endloop
  endfacet
  facet normal 0.000000e+00 1.000000e+00 0.000000e+00
    outer loop
      vertex   2.314212e+00 1.200000e+01 1.986686e+00
      vertex   -2.314212e+00 1.200000e+01 1.986686e+00
      vertex   2.101349e+00 1.200000e+01 2.210618e+00
    endloop
  endfacet
  facet normal 0.000000e+00 1.000000e+00 0.000000e+00
    outer loop
      vertex   2.101349e+00 1.200000e+01 2.210618e+00
      vertex   -2.314212e+00 1.200000e+01 1.986686e+00
      vertex   -2.101349e+00 1.200000e+01 2.210618e+00
    endloop
  endfacet
  facet normal 0.000000e+00 1.000000e+00 0.000000e+00
    outer loop
      vertex   2.101349e+00 1.200000e+01 2.210618e+00
      vertex   -2.101349e+00 1.200000e+01 2.210618e+00
      vertex   1.866923e+00 1.200000e+01 2.411866e+00
    endloop
  endfacet
  facet normal 0.000000e+00 1.000000e+00 0.000000e+00
    outer loop
      vertex   1.866923e+00 1.200000e+01 2.411866e+00
      vertex   -2.101349e+00 1.200000e+01 2.210618e+00
      vertex   -1.866923e+00 1.200000e+01 2.411866e+00
    endloop
  endfacet
  facet normal 0.000000e+00 1.000000e+00 0.000000e+00
    outer loop
      vertex   1.866923e+00 1.200000e+01 2.411866e+00
      vertex   -1.866923e+00 1.200000e+01 2.411866e+00
      vertex   1.613340e+00 1.200000e+01 2.588365e+00
    endloop
  endfacet
  facet normal 0.000000e+00 1.000000e+00 0.000000e+00
    outer loop
      vertex   1.613340e+00 1.200000e+01 2.588365e+00
      vertex   -1.866923e+00 1.200000e+01 2.411866e+00
      vertex   -1.613340e+00 1.200000e+01 2.588365e+00
    endloop
  endfacet
  facet normal 0.000000e+00 1.000000e+00 0.000000e+00
    outer loop
      vertex   1.613340e+00 1.200000e+01 2.588365e+00
      vertex   -1.613340e+00 1.200000e+01 2.588365e+00
      vertex   1.343202e+00 1.200000e+01 2.738304e+00
    endloop
  endfacet
  facet normal 0.000000e+00 1.000000e+00 0.000000e+00
    outer loop
      vertex   1.343202e+00 1.200000e+01 2.738304e+00
      vertex   -1.613340e+00 1.200000e+01 2.588365e+00
      vertex   -1.343202e+00 1.200000e+01 2.738304e+00
    endloop
  endfacet
  facet normal 0.000000e+00 1.000000e+00 0.000000e+00
    outer loop
      vertex   1.343202e+00 1.200000e+01 2.738304e+00
      vertex   -1.343202e+00 1.200000e+01 2.738304e+00
      vertex   1.059281e+00 1.200000e+01 2.860144e+00
    endloop
  endfacet
  facet normal 0.000000e+00 1.000000e+00 0.000000e+00
    outer loop
      vertex   1.059281e+00 1.200000e+01 2.860144e+00
      vertex   -1.343202e+00 1.200000e+01 2.738304e+00
      vertex   -1.059281e+00 1.200000e+01 2.860144e+00
    endloop
  endfacet
  facet normal 0.000000e+00 1.000000e+00 0.000000e+00
    outer loop
      vertex   1.059281e+00 1.200000e+01 2.860144e+00
      vertex   -1.059281e+00 1.200000e+01 2.860144e+00
      vertex   7.644902e-01 1.200000e+01 2.952635e+00
    endloop
  endfacet
  facet normal 0.000000e+00 1.000000e+00 0.000000e+00
    outer loop
      vertex   7.644902e-01 1.200000e+01 2.952635e+00
      vertex   -1.059281e+00 1.200000e+01 2.860144e+00
      vertex   -7.644902e-01 1.200000e+01 2.952635e+00
    endloop
  endfacet
  facet normal 0.000000e+00 1.000000e+00 0.000000e+00
    outer loop
      vertex   7.644902e-01 1.200000e+01 2.952635e+00
      vertex   -7.644902e-01 1.200000e+01 2.952635e+00
      vertex   4.618547e-01 1.200000e+01 3.014828e+00
    endloop
  endfacet
  facet normal 0.000000e+00 1.000000e+00 0.000000e+00
    outer loop
      vertex   4.618547e-01 1.200000e+01 3.014828e+00
      vertex   -7.644902e-01 1.200000e+01 2.952635e+00
      vertex   -4.618547e-01 1.200000e+01 3.014828e+00
    endloop
  endfacet
  facet normal 0.000000e+00 1.000000e+00 0.000000e+00
    outer loop
      vertex   4.618547e-01 1.200000e+01 3.014828e+00
      vertex   -4.618547e-01 1.200000e+01 3.014828e+00
      vertex   1.544800e-01 1.200000e+01 3.046085e+00
    endloop
  endfacet
  facet normal 0.000000e+00 1.000000e+00 0.000000e+00
    outer loop
      vertex   1.544800e-01 1.200000e+01 3.046085e+00
      vertex   -4.618547e-01 1.200000e+01 3.014828e+00
      vertex   -1.544800e-01 1.200000e+01 3.046085e+00
    endloop
  endfacet
  facet normal 0.000000e+00 1.000000e+00 0.000000e+00
    outer loop
      vertex   -3.034351e+00 1.200000e+01 -3.085634e-01
      vertex   3.034351e+00 1.200000e+01 -3.085634e-01
      vertex   -2.987566e+00 1.200000e+01 -6.139605e-01
    endloop
  endfacet
  facet normal -0.000000e+00 1.000000e+00 0.000000e+00
    outer loop
      vertex   -2.987566e+00 1.200000e+01 -6.139605e-01
      vertex   3.034351e+00 1.200000e+01 -3.085634e-01
      vertex   2.987566e+00 1.200000e+01 -6.139605e-01
    endloop
  endfacet
  facet normal 0.000000e+00 1.000000e+00 0.000000e+00
    outer loop
      vertex   -2.987566e+00 1.200000e+01 -6.139605e-01
      vertex   2.987566e+00 1.200000e+01 -6.139605e-01
      vertex   -2.910125e+00 1.200000e+01 -9.130575e-01
    endloop
  endfacet
  facet normal -0.000000e+00 1.000000e+00 0.000000e+00
    outer loop
      vertex   -2.910125e+00 1.200000e+01 -9.130575e-01
      vertex   2.987566e+00 1.200000e+01 -6.139605e-01
      vertex   2.910125e+00 1.200000e+01 -9.130575e-01
    endloop
  endfacet
  facet normal 0.000000e+00 1.000000e+00 0.000000e+00
    outer loop
      vertex   -2.910125e+00 1.200000e+01 -9.130575e-01
      vertex   2.910125e+00 1.200000e+01 -9.130575e-01
      vertex   -2.802821e+00 1.200000e+01 -1.202785e+00
    endloop
  endfacet
  facet normal -0.000000e+00 1.000000e+00 0.000000e+00
    outer loop
      vertex   -2.802821e+00 1.200000e+01 -1.202785e+00
      vertex   2.910125e+00 1.200000e+01 -9.130575e-01
      vertex   2.802821e+00 1.200000e+01 -1.202785e+00
    endloop
  endfacet
  facet normal 0.000000e+00 1.000000e+00 0.000000e+00
    outer loop
      vertex   -2.802821e+00 1.200000e+01 -1.202785e+00
      vertex   2.802821e+00 1.200000e+01 -1.202785e+00
      vertex   -2.666757e+00 1.200000e+01 -1.480171e+00
    endloop
  endfacet
  facet normal -0.000000e+00 1.000000e+00 0.000000e+00
    outer loop
      vertex   -2.666757e+00 1.200000e+01 -1.480171e+00
      vertex   2.802821e+00 1.200000e+01 -1.202785e+00
      vertex   2.666757e+00 1.200000e+01 -1.480171e+00
    endloop
  endfacet
  facet normal 0.000000e+00 1.000000e+00 0.000000e+00
    outer loop
      vertex   -2.666757e+00 1.200000e+01 -1.480171e+00
      vertex   2.666757e+00 1.200000e+01 -1.480171e+00
      vertex   -2.503328e+00 1.200000e+01 -1.742368e+00
    endloop
  endfacet
  facet normal -0.000000e+00 1.000000e+00 0.000000e+00
    outer loop
      vertex   -2.503328e+00 1.200000e+01 -1.742368e+00
      vertex   2.666757e+00 1.200000e+01 -1.480171e+00
      vertex   2.503328e+00 1.200000e+01 -1.742368e+00
    endloop
  endfacet
  facet normal 0.000000e+00 1.000000e+00 0.000000e+00
    outer loop
      vertex   -2.503328e+00 1.200000e+01 -1.742368e+00
      vertex   2.503328e+00 1.200000e+01 -1.742368e+00
      vertex   -2.314212e+00 1.200000e+01 -1.986686e+00
    endloop
  endfacet
  facet normal -0.000000e+00 1.000000e+00 0.000000e+00
    outer loop
      vertex   -2.314212e+00 1.200000e+01 -1.986686e+00
      vertex   2.503328e+00 1.200000e+01 -1.742368e+00
      vertex   2.314212e+00 1.200000e+01 -1.986686e+00
    endloop
  endfacet
  facet normal 0.000000e+00 1.000000e+00 0.000000e+00
    outer loop
      vertex   -2.314212e+00 1.200000e+01 -1.986686e+00
      vertex   2.314212e+00 1.200000e+01 -1.986686e+00
      vertex   -2.101349e+00 1.200000e+01 -2.210618e+00
    endloop
  endfacet
  facet normal 0.000000e+00 1.000000e+00 0.000000e+00
    outer loop
      vertex   -2.101349e+00 1.200000e+01 -2.210618e+00
      vertex   2.314212e+00 1.200000e+01 -1.986686e+00
      vertex   2.101349e+00 1.200000e+01 -2.210618e+00
    endloop
  endfacet
  facet normal -0.000000e+00 1.000000e+00 0.000000e+00
    outer loop
      vertex   -2.101349e+00 1.200000e+01 -2.210618e+00
      vertex   2.101349e+00 1.200000e+01 -2.210618e+00
      vertex   -1.866923e+00 1.200000e+01 -2.411866e+00
    endloop
  endfacet
  facet normal 0.000000e+00 1.000000e+00 0.000000e+00
    outer loop
      vertex   -1.866923e+00 1.200000e+01 -2.411866e+00
      vertex   2.101349e+00 1.200000e+01 -2.210618e+00
      vertex   1.866923e+00 1.200000e+01 -2.411866e+00
    endloop
  endfacet
  facet normal -0.000000e+00 1.000000e+00 0.000000e+00
    outer loop
      vertex   -1.866923e+00 1.200000e+01 -2.411866e+00
      vertex   1.866923e+00 1.200000e+01 -2.411866e+00
      vertex   -1.613340e+00 1.200000e+01 -2.588365e+00
    endloop
  endfacet
  facet normal 0.000000e+00 1.000000e+00 0.000000e+00
    outer loop
      vertex   -1.613340e+00 1.200000e+01 -2.588365e+00
      vertex   1.866923e+00 1.200000e+01 -2.411866e+00
      vertex   1.613340e+00 1.200000e+01 -2.588365e+00
    endloop
  endfacet
  facet normal -0.000000e+00 1.000000e+00 0.000000e+00
    outer loop
      vertex   -1.613340e+00 1.200000e+01 -2.588365e+00
      vertex   1.613340e+00 1.200000e+01 -2.588365e+00
      vertex   -1.343202e+00 1.200000e+01 -2.738304e+00
    endloop
  endfacet
  facet normal -0.000000e+00 1.000000e+00 0.000000e+00
    outer loop
      vertex   -1.343202e+00 1.200000e+01 -2.738304e+00
      vertex   1.613340e+00 1.200000e+01 -2.588365e+00
      vertex   1.343202e+00 1.200000e+01 -2.738304e+00
    endloop
  endfacet
  facet normal 0.000000e+00 1.000000e+00 0.000000e+00
    outer loop
      vertex   -1.343202e+00 1.200000e+01 -2.738304e+00
      vertex   1.343202e+00 1.200000e+01 -2.738304e+00
      vertex   -1.059281e+00 1.200000e+01 -2.860144e+00
    endloop
  endfacet
  facet normal 0.000000e+00 1.000000e+00 0.000000e+00
    outer loop
      vertex   -1.059281e+00 1.200000e+01 -2.860144e+00
      vertex   1.343202e+00 1.200000e+01 -2.738304e+00
      vertex   1.059281e+00 1.200000e+01 -2.860144e+00
    endloop
  endfacet
  facet normal -0.000000e+00 1.000000e+00 0.000000e+00
    outer loop
      vertex   -1.059281e+00 1.200000e+01 -2.860144e+00
      vertex   1.059281e+00 1.200000e+01 -2.860144e+00
      vertex   -7.644902e-01 1.200000e+01 -2.952635e+00
    endloop
  endfacet
  facet normal 0.000000e+00 1.000000e+00 0.000000e+00
    outer loop
      vertex   -7.644902e-01 1.200000e+01 -2.952635e+00
      vertex   1.059281e+00 1.200000e+01 -2.860144e+00
      vertex   7.644902e-01 1.200000e+01 -2.952635e+00
    endloop
  endfacet
  facet normal -0.000000e+00 1.000000e+00 0.000000e+00
    outer loop
      vertex   -7.644902e-01 1.200000e+01 -2.952635e+00
      vertex   7.644902e-01 1.200000e+01 -2.952635e+00
      vertex   -4.618547e-01 1.200000e+01 -3.014828e+00
    endloop
  endfacet
  facet normal 0.000000e+00 1.000000e+00 0.000000e+00
    outer loop
      vertex   -4.618547e-01 1.200000e+01 -3.014828e+00
      vertex   7.644902e-01 1.200000e+01 -2.952635e+00
      vertex   4.618547e-01 1.200000e+01 -3.014828e+00
    endloop
  endfacet
  facet normal -0.000000e+00 1.000000e+00 0.000000e+00
    outer loop
      vertex   -4.618547e-01 1.200000e+01 -3.014828e+00
      vertex   4.618547e-01 1.200000e+01 -3.014828e+00
      vertex   -1.544800e-01 1.200000e+01 -3.046085e+00
    endloop
  endfacet
  facet normal 0.000000e+00 1.000000e+00 0.000000e+00
    outer loop
      vertex   -1.544800e-01 1.200000e+01 -3.046085e+00
      vertex   4.618547e-01 1.200000e+01 -3.014828e+00
      vertex   1.544800e-01 1.200000e+01 -3.046085e+00
    endloop
  endfacet
endsolid
